Topic,Count,Name,Representation,Representative_Docs
-1,591,-1_flight attendants_airline pilots_flight simulator_pilot performance,"['flight attendants', 'airline pilots', 'flight simulator', 'pilot performance', 'mental health', 'coping', 'airline', 'commercial aviation', 'psychophysiological', 'situational awareness']","['<title>Psychological and behavioral health issues of long-duration space missions.</title> <excerpt>It will be the responsibility of the long-duration space flight crew to take the actions necessary to maintain their health and well-being and to cope with medical emergencies without direct assistance from support personnel, including maintaining mental health and managing physiological and psychological changes that may impair decision making and performance. The Behavior and Performance Integrated Product Team at Johnson Space Center, working within the Space Medicine, Monitoring, and Countermeasures Program, has identified critical questions pertaining to long-duration space crew behavioral health, psychological adaptation, human factors and habitability, and sleep and circadian rhythms.</excerpt>', '<title>PTSD reactions and functioning of American Airlines flight attendants in the wake of September 11</title> <excerpt>The authors explore the psychological reactions and functional coping responses of American Airlines (AA) flight attendants, a unique at-risk group of people in the war on terrorism, in the aftermath of the September 11 attacks. Demographic characteristics and standardized questionnaires, including the Posttraumatic Stress Disorder Checklist and the Psychotherapy Outcome Assessment and Monitoring System-Trauma Version, were sent in June 2002 to approximately 26,000 AA flight attendants.</excerpt>', '<title>Stress, Cognition, Drones, and Adaptive Tasks</title> <excerpt>To determine the impact of fatigue, drugs, hypoxia, acceleration, thermal loading, and other stresses on human performance, a wide range of cognitive tasks have been used in controlled laboratory settings, including target tracking and reaction times;1 suites of cognitive tasks testing memory, multitasking, mathematical performance, and situational awareness;3,4,10 and sophisticated simulators of real-world systems.13,14 Performance degradation in operational settings with actual vehicles and other systems can be monitored, but the level of stress cannot be manipulated for obvious safety and ethical considerations. © by the Aerospace Medical Association, Alexandria, VA..</excerpt>', '<title>Effects of sex and gender on adaptation to space: Behavioral health</title> <excerpt>This article is part of a larger body of work entitled, ""The Impact of Sex and Gender on Adaptation to Space."" It was developed in response to a recommendation from the 2011 National Academy of Sciences Decadal Survey, ""Recapturing a Future for Space Exploration: Life and Physical Sciences for a New Era,"" which emphasized the need to fully understand sex and gender differences. In this article, our workgroup - consisting of expert scientists and clinicians from academia and the private sector - investigated and summarized the current body of published and unpublished human research performed to date related to sex- and gender-based differences in behavioral adaptations to human spaceflight.</excerpt>', '<title>PTSD reactions and coping responses of American Airlines flight attendants who were former employees of Trans World Airlines: Further support of a psychological contagion effect</title> <excerpt>Previous findings comparing the psychological reactions and functional coping of East Coast- and West Coast-based American Airlines (AA) flight attendants after the attacks on September 11 provide support for a psychological contagion phenomenon (Lating, Sherman, Lowry, Everly, & Peragine, 2004). The purpose of this investigation was to expand these results by creating an additional comparison group consisting of current AA flight attendants not working on either the East Coast or the West Coast and who were also previously working for Trans World Airlines (TWA) before AA took over operating authority in April 2001.</excerpt>']"
0,44,0_aviation safety reporting_nasa aviation safety_aviation safety_aviation accidents,"['aviation safety reporting', 'nasa aviation safety', 'aviation safety', 'aviation accidents', 'safety reporting', 'majority aviation accidents', 'aviation maintenance', 'aviation mishaps', 'accidents using', 'analysis aviation']","['<title>A Survey Methodology for Measuring Safety-Related Trends in the National Airspace System</title> <excerpt>Making informed judgments about the effects of technological, human, or environmental changes on civil aviation requires reliable information. The National Aviation Operational Monitoring Service (NAOMS), a research project under NASA’s Aviation Safety Program, developed and tested a survey methodology designed to provide statistically reliable information on changes over time in safety-related events in the national airspace.</excerpt>', '<title>Effect of HFACS and Non-HFACS-Related Factors on Fatalities in General Aviation Accidents Using Neural Networks</title> <excerpt>This study applied a backpropagation artificial neural network approach to investigate both the Human Factors Analysis and Classification System (HFACS)-related unsafe act tiers of factors and other non-HFACS factors in an attempt to recognize patterns for general aviation accident fatalities. Data were obtained from the HFACS database and extracted from the National Transportation Safety Board database from 1990 to 2002.</excerpt>', '<title>Best practices in shift turnovers: Implications for reducing aviation maintenance turnover errors as revealed in ASRS reports</title> <excerpt>Effective shift turnover is critical to safety in many work environments, including medicine, the oil industry, and aviation maintenance. To gain insight into aviation maintenance turnover procedures and possible improvements to them, we examined NASA Aviation Safety Reporting System (ASRS) maintenance incident reports involving shift turnover communication problems.</excerpt>', '<title>MRM training, evaluation, and safety management</title> <excerpt>Maintenance resource management (MRM) programs started as training programs aimed at increasing the awareness regarding human performance limitations in the aviation maintenance environment. Since their inception in 1989, MRM programs in the United States have undergone 4 generations of development (Taylor & Patankar, 2001) and are currently morphing themselves yet again toward the 5th generation, one that incorporates a Federal Aviation Administration-approved voluntary error-reporting program such as the Aviation Safety Action Program (ASAP) or a generic or internal error-reporting program.</excerpt>', '<title>Structured methods for identifying and correcting potential human errors in space operations</title> <excerpt>Human performance plays a significant role in the development and operation of any complex system, and human errors are significant contributors to degraded performance, incidents, and accidents for technologies as diverse as medical systems, commercial aircraft, offshore oil platforms, nuclear power plants, and space systems. To date, serious accidents attributed to human error have fortunately been rare in space operations.</excerpt>']"
1,43,1_psychological capital organizational_psychological contract_psychological contracts_psychological capital,"['psychological capital organizational', 'psychological contract', 'psychological contracts', 'psychological capital', 'flight attendants', 'commitment', 'korean flight attendants', 'airline industry', 'positive psychological capital', 'turnover intention']","['<title>MBTI personality types of korean cabin crew in middle eastern airlines and their associations with cross-cultural adjustment competency, occupational competency, coping competency, mental health and turnover intention</title> <excerpt>The purposes of this study were (1) to identify MBTI (Myers–Briggs Type Indicator) personality profiles of Korean cabin crew in Middle Eastern airlines, (2) to determine whether MBTI personality affects their cross-cultural adjustment competency, occupational competency, and coping competency, and (3) to analyze the impact of these variables on their mental health and turnover intention. Furthermore, we verified (4) the moderating effect of cabin crew’s previous overseas experience on the relationship between cross-cultural adjustment competency and turnover intention.</excerpt>', '<title>From top gun to the daily grind: contextualizing psychological contract breach for military pilots</title> <excerpt>This study expands our understanding of employee reactions to psychological contract (PC) breach by contextualizing the relationship between PC breach and feelings of violation in a European military setting through the study of strong commitment to specific career goals, high managerial turnover, lack of clarity about the perceived responsibility and controllability of PC breach, as well as aviation restrictions. Based on interviews with 41 pilots, we found that two factors–passion for job and professional commitment–which have not been a strong focus in extant research, play critical roles in the processes involved in employee PC breach reactions.</excerpt>', '<title>Relationships among service climate, psychological contract, work engagement and service performance</title> <excerpt>The paper identifies relationships between cabin service directors and flight attendants and service climate, psychological contracts, work engagement, service performance and cue perception ability. We find that relational psychological contracts have a positive influence on work engagement; transactional psychological contracts have a negative influence on work engagement; work engagement has a positive influence on service performance; work engagement mediates the relationship between relational psychological contracts and service performance; service climate has a positive influence on service performance; and cue perception ability moderates the relationship between work engagement and service performance.</excerpt>', '<title>Effects of Psychological Capital and Person-Job Fit on Hospitality Employees’ Work-Family Conflict, Family-Work Conflict and Job Performance: The Moderating Role of Marital Status</title> <excerpt>Drawing on the conservation of resources (COR) theory and congruence theory, this study aims to investigate the influence of psychological capital (PsyCap) and person-job fit (PJ fit) on work–family conflict (WFC), family–work conflict (FWC) and job performance (JP), especially the moderating effect of marital status on hypothesized relationships between two directions of conflicts in the work-family interface and JP. Utilizing a two-stage design, this study surveyed 312 flight attendants employed by two international airline companies in Malaysia and used the structural equation modeling technique to test the hypothesized relationships.</excerpt>', '<title>Building Sustainable Organizational Citizenship Behavior in Hospitality: Structural Relationships of Rapport, Trust, and Psychological Capital Among Airline Cabin Crew</title> <excerpt>This study examines the structural relationships among rapport, trust, psychological capital (PsyCap), and organizational citizenship behavior (OCB) in the emotionally demanding work context of airline cabin crews. Grounded in the job demands–resources (JD-R) model and social exchange theory (SET), we propose and test a sequential mediation model in which rapport is positively associated with trust, trust is positively associated with PsyCap, and PsyCap is positively associated with OCB.</excerpt>']"
2,42,2_personnel personality_competence pilot_trait personality inventory_pilot applicants,"['personnel personality', 'competence pilot', 'trait personality inventory', 'pilot applicants', 'air force pilot', 'personality inventory', 'assess personality', 'personality questionnaire', 'trait personality', 'multiphasic personality inventory']","[""<title>Cross validation study of the personality aspects of involvement in pilot error accidents</title> <excerpt>Pilot error accidents have dominated accident statistics consistently from the 1940s to the present. In an earlier study the authors found that three factors from Cattell's Sixteen Personality Factor Questionnaire (16 PF) exhibited significant differences (p<0.05) between pilot error accident groups; these were used to correctly classify 86% of the aviators tested as to their previous pilot error accident involvement.</excerpt>"", ""<title>The predictive validity of the EPI and 16PF for military flying training</title> <excerpt>The study was carried out to assess the validity of the Eysenck Personality Inventory (EPI) and Cattell's 16 Personality Factor Questionnaire (16PF) as predictors of flying training outcome. In addition, it examines differences in profile between self‐selected applicants for flying training and the general population; the effects of test‐taking conditions on scale scores; incidental selection effects related to personality differences and the reliability of the personality data.</excerpt>"", '<title>Toward the development of a new aptitude selection test battery for air traffic control specialists</title> <excerpt>In an effort to update and refine the selection battery for air traffic controllers, five experimental tests measuring aptitudes and skills considered important in air traffic work were administered to 1,828 newly selected air traffic control specialist (ATCS) trainees on their first day of training at the FAA Academy in Oklahoma City. The five experimental tests and the five tests presently used by the Office of Personnel Management (OPM) for selecting ATCS trainees were employed in an iterative stepwise regression (stepdown procedure).</excerpt>', '<title>Some personality and aptitude characteristics of Air Traffic Control Specialist trainees</title> <excerpt>This study examined the interrelations of personality traits, aptitude test scores, and job performance self-expectations as predictors of success in the FAA Academy screening program of prospective air traffic controllers. Based on the State-Trait Personality Inventory (STPI), men and women Air Traffic Control Specialist (ATCS) trainees exhibited less anxiety and anger than normative groups of college students and Navy recruits.</excerpt>', '<title>Mood as a predictor of discharge from air force basic training</title> <excerpt>In order to determine the predictive validity of the Total Mood score, the Negative Mood Scale, and the Positive Mood Scale of the ST-Depression Adjective Check Lists (ST-DACL), the state version of lists C and D of the ST-DACL was administered on the second day of the Air Force basic training program to 229 newly enlisted Air Force recruits (men = 113; women = 116). Findings were that DACL total score yielded the best overall classification rate, the Positive Mood Scale was most related to predicting eventual discharge, and the Negative Mood Scale was best at predicting graduation..</excerpt>']"
3,37,3_prolonged spaceflight_work astronauts_astronauts cosmonauts_astronauts,"['prolonged spaceflight', 'work astronauts', 'astronauts cosmonauts', 'astronauts', 'spaceflight', 'performance spaceflight', 'space flight', 'effects weightlessness', 'environmental psychological', 'cosmonauts']","[""<title>Some psychological and engineering aspects of the extravehicular activity of astronauts.</title> <excerpt>One of the main in-flight problems being fulfilled by astronauts is the preparation for and realization of egress into open space for the purpose of different kinds of extravehicular activity, such as, the performance of scientific experiments, repairing and dismantling operations etc. The astronaut's activity outside the space vehicle is the most difficult item of the space flight programme, which is complicated by a number of space factors affecting a man, viz dynamic weightlessness, work in a space suit under conditions of excessive pressure, difficulties of space orientation etc.</excerpt>"", '<title>Acute exposure to low-to-moderate carbon dioxide levels and submariner decision making</title> <excerpt>BACKGROUND: Submarines routinely operate with higher levels of ambient carbon dioxide (CO<inf>2</inf>) (ie, 2000 - 5000 ppm) than what is typically considered normal (ie, 400 - 600 ppm). Although significant cognitive impairments are rarely reported at these elevated CO<inf>2</inf> levels, recent studies using the Strategic Management Simulation (SMS) test have found impairments in decision-making performance during acute CO<inf>2</inf> exposure at levels as low as 1000 ppm.</excerpt>', '<title>Monitoring antioxidant defenses and free radical production in space-flight, aviation and railway engine operators, for the prevention and treatment of oxidative stress, immunological impairment, and pre-mature cell aging</title> <excerpt>Degenerative diseases, immune impairment, and premature ageing commonly affect professional categories exposed to severe environmental and psychological stress. Among these, cosmonauts routinely experience extreme conditions due to microgravity, space radiation, altered oxygen supply, physical and mental fatigue during training, spaceflight, and post-flight.</excerpt>', ""<title>The use of medicaments in space--therapeutic measures and potential impact of pharmacokinetics due to weightlessness.</title> <excerpt>In support of the preparatory programme for the European manned space infrastructure, the Long-Term Programme Office (LTPO) within ESA's Space Station and Microgravity Directorate initiated a series of studies aimed at a better understanding of the physiological and psychological aspects of living in space. In this context, in 1991 MEDES (Institut de medecine et physiologie spatiale) was contracted by the Agency to investigate the type and efficacy of drugs available for use by astronauts during space missions to counteract the effects of weightlessness or for medical treatments.</excerpt>"", '<title>Human performance during spaceflight.</title> <excerpt>The paper focuses on three different questions: (1) What attributes cause space to be an extreme environment for humans? (2) What do we know about mental performance during spaceflight? (3) What kinds of psychological countermeasures are currently applied and/or conceivable for prolonged spaceflight which might help maintain mental efficiency and stabilize the emotional state of astronauts? Topics discussed include stressors that originate in the space environment, stressors related to the space habitat and its life-support system, stressors related to the mission specific workload of astronauts, stressors that arise from the psychosocial situation in a space habitat, manual performance during spaceflight, and psychological countermeasures for prolonged spaceflight..</excerpt>']"
4,32,4_pilots mental health_pilots qualitative study_pilots physical mental_pilots qualitative,"['pilots mental health', 'pilots qualitative study', 'pilots physical mental', 'pilots qualitative', 'psychosocial risk factors', 'psychological resilience', 'quality life firefighters', 'flight safety', 'health pilots', 'female flight attendants']","['<title>The Role of Peer Support and Its Contribution as an Effective Response to Addressing the Emotional Well-Being of Pilots: A Qualitative Study of South African Stakeholders</title> <excerpt>The provision of pilot peer support in commercial aviation is a recent recommendation following the Germanwings pilot suicide?murder crash in 2015. Conducted in a South African aviation context, this study explored the phenomenon of peer support and its role and contribution as an effective response to addressing the emotional well-being of pilots.</excerpt>', '<title>Rumination and psychological resilience in Chinese civil aviation flight students: the chain mediating role of proactive coping and generalized anxiety disorder</title> <excerpt>Background: As the focus of aviation safety shifts from technology to human factors, the central role of psychological resilience in flight safety has become increasingly prominent. However, the internal mechanism of how rumination affects psychological resilience, particularly the chain mediating effect of proactive coping and generalized anxiety, has not been thoroughly explored in high-stress populations.</excerpt>', '<title>Pain, health perception and sleep: Impact on the quality of life of firefighters/rescue professionals</title> <excerpt>Objective: to evaluate the quality of life of firefighters and rescue professionals, and characterize their socio-demographic, health, work and lifestyle profile. Methods: cross-sectional study that used a socio-demographic, lifestyle, health, work data questionnaire and the WHOQOL-BREF quality of life aspects, in Fire Department bases, Civil Air Patrol Group of the Military Police and Rescue Group of Emergency Services.</excerpt>', '<title>Risk factors associated with work-related musculoskeletal disorders among female flight attendants: using a focus group to prepare a survey.</title> <excerpt>In preparation for surveying female flight attendants about work-related musculoskeletal disorder risk factors and symptoms, a focus group study was completed with members of the target population. The aims of this study were to ensure completeness of a previously developed list of physically strenuous job tasks performed by female flight attendants and assess the clarity, appropriateness, and applicability of existing self-reported measures to be used in the survey.</excerpt>', '<title>Associations of suffering with facets of health and well-being among working adults: longitudinal evidence from two samples</title> <excerpt>Suffering is an experiential state that every person encounters at one time or another, yet little is known about suffering and its consequences for the health and well-being of nonclinical adult populations. In a pair of longitudinal studies, we used two waves of data from garment factory workers (Study 1 [T1: 2017, T2: 2019]: n = 344) and flight attendants (Study 2 [T1: 2017/2018, T2: 2020]: n = 1402) to examine the prospective associations of suffering with 16 outcomes across different domains of health and well-being: physical health, health behavior, mental health, psychological well-being, character strengths, and social well-being.</excerpt>']"
5,32,5_pilot interaction cockpit_pilot responses_cockpit automation_aircraft automation,"['pilot interaction cockpit', 'pilot responses', 'cockpit automation', 'aircraft automation', 'automated aircraft', 'interaction cockpit automation', 'level cockpit automation', 'flight deck automation', 'automation related', 'automation surprises']","['<title>National culture and flight Deck automation: Results of a multination survey</title> <excerpt>Attitudes regarding flight deck automation were surveyed in a sample of 5,879 airline pilots from 12 nations. The average difference in endorsement levels across 11 items for pilots flying automated aircraft in 12 nations was 53%, reflecting significant national differences in attitudes on all items, with the largest differences observed for preference and enthusiasm for automation.</excerpt>', '<title>Design of a Primary Flight Display to Avoid Decelerating below the Minimum Safe Operating Speed</title> <excerpt>Analysis of recent airliner accidents and incidents identified a class of events in which structurally, mechanically, and electronically sound aircraft decelerated through the minimum safe operating speed for the phase of flight to the stick-shaker activation speed. Despite the differences in the sequences of events, a subset of the incidents and accidents had one thing in common - the automation was no longer actively controlling to the airspeed target.</excerpt>', '<title>Automation in general aviation: Two studies of pilot responses to autopilot malfunctions</title> <excerpt>Study 1 examined 4 automation-related malfunctions (runaway pitch trim up, roll servo failure, roll sensor failure, pitch drift up) and subsequent pilot responses. Study 2 examined 4 additional malfunctions, 2 more immediately obvious (runaway pitch trim down, runaway roll servo) and 2 more subtle (failed attitude indicator, pitch sensor drift down) than those in Study 1, and the effect of an auditory warning.</excerpt>', ""<title>Applying adaptive control and display characteristics to future air force crew stations</title> <excerpt>The Human Effectiveness Directorate of the Air Force Research Laboratory is developing and evaluating human-machine interface concepts to enhance overall weapon system performance by embedding knowledge of the operator's state inside the interface, enabling the interface to make informed, automated decisions regarding many of the interface's information management display characteristics. Some of these characteristics include information modality, spatial arrangement, and temporal organization.</excerpt>"", '<title>Anthropomorphic AI: Sociopathic AI Features as Predictors of Career Opportunities and Threats Perceived by Pilots in Commercial Aviation</title> <excerpt>Objective: The study aims to investigate how anthropomorphic, particularly sociopathic, features ascribed to AI affect commercial pilots’ perceptions of career threats, opportunities, and performance benefits of AI integration in the cockpit. Background: Although technology has long been an irreplaceable, valuable ally for airline pilots, artificial intelligence (AI) differs significantly from previously used technologies and pilots perceive AI not only as a tool but as an agent with human-like attributes.</excerpt>']"
6,30,6_pilot selection classification_pilot selection test_pilot selection_pilots predictive validity,"['pilot selection classification', 'pilot selection test', 'pilot selection', 'pilots predictive validity', 'automated pilot selection', 'pilot training', 'military pilot training', 'pilot candidates', 'airline pilot candidates', 'automated pilot']","['<title>Investigating the Predictive Validity of the COMPASS Pilot Selection Test</title> <excerpt>Objective: The present study examined the predictive validity of a widely used pilot selection test known as COMPASS, in terms of its ability to distinguish between candidates and predict individuals’ aptitude for flying. Background: The Computerized Pilot Aptitude Screening System, more commonly known as COMPASS is a widely used selection test for ab-initio pilots.</excerpt>', '<title>Improving the Pilot Selection System: Statistical Approaches and Selection Processes</title> <excerpt>Pilot selection systems traditionally use one of three statistical approaches to model candidate performance: multiple linear regression, linear discriminant analysis, and logistic regression. This article reviews the literature comparing selection decisions using these three approaches and compares the classification accuracy of linear discriminant analysis and logistic regression to the results from two Monte Carlo simulations.</excerpt>', '<title>Predicting Success in Primary Flying School From the Canadian Automated Pilot Selection System: Derivation and Cross-Validation</title> <excerpt>This research derived and cross-validated an equation predicting outcome in Primary Flying School (PFS)öthe initial stage of Canadian Forces (CF) pilot trainingöfrom the Canadian Automated Pilot Selection System (CAPSS), a computer-driven, moving-base flight simulator recording up to 250,000 instrument readings per candidate. For the derivation study, 225 pilot candidates operated CAPSS before entering PFS.</excerpt>', '<title>Selection of Air Force Pilot Candidates: A Case Study on the Predictive Accuracy of Discriminant Analysis, Logistic Regression, and Four Neural Network Types</title> <excerpt>We evaluated the predictive classification accuracy of discriminant analysis, logistic regression and four neural network typologies (multiple layer perceptrons, radial basis networks, probabilistic neural networks, and linear neural networks) on a flight screening program with a pass-fail criterion using several psychometric tests as predictors. A stepwise (for logistic regression and discriminant analysis) and sensitivity (for neural networks) selection procedure identified spatial visualization, eye-hand-foot coordination, and concentration capacity as significant predictors.</excerpt>', '<title>Investigating the Validity of Previous Flying Experience, Both Actual and Simulated, in Predicting Initial and Advanced Military Pilot Training Performance</title> <excerpt>This study examined the validity of cognitive ability, previous flying experience, and a simulation in predicting the job knowledge and flying performance of military pilots undergoing training. Archival data were analyzed for 300 Canadian pilot candidates who attempted entry-level military pilot training and 150 candidates who completed intermediate-level training on fixed-wing aircraft.</excerpt>']"
7,28,7_space crew_mission control personnel_space station missions_crewmembers,"['space crew', 'mission control personnel', 'space station missions', 'crewmembers', 'international space missions', 'space missions', 'station missions', 'crewmember', 'personnel interactions', 'crew tension']","['<title>Content analysis of the crew communication with external communicants under prolonged isolation</title> <excerpt>Background: The communication between space crews and outside monitoring personnel in Mission Control gives us valuable information about crewmember psychological health. Studying the formal parameters of similar communication during ground-based space simulation missions helps us understand the psychological climate of confined groups over time, and this information can be applied to long-term space missions.</excerpt>', '<title>The activities of the 42nd Japanese Antarctic Research Expedition (JARE-42) wintering team 2001-2002</title> <excerpt>The 42nd Japanese Antarctic Research Expedition (JARE-42) wintering team has conducted the Vth five-year JARE program during the period of February 1st 2001 to January 31st 2002, in which 40 members were engaged in the various scientific activities and maintenance of Syowa Station. The major observation programs of JARE-42 were as follows : Upper Atmospheric Physics-observations using Fabry-Perot imager, sodium Lidar and HF/MF radar; Atmospheric Sciences and Glaciology-aerosols and air sampling, and shallow ice core drilling; Geophysics-superconducting gravity measurement, geodetic VLBI observations, and natural earthquake monitoring; Biology and Medicine-photosynthesis under sea water, populations census of penguins, and physiological and psychological adaptation to Antarctic environment, etc.</excerpt>', '<title>Crewmember and ground personnel interactions over time during Shuttle/Mir space missions</title> <excerpt>Background: Anecdotal reports from space and results from simulation studies on Earth have suggested that space crewmembers may experience decrements in their mood and interpersonal environment during the 2nd hall of the mission and that negative emotions may be displaced to outside monitoring personnel. Methods: To evaluate these issues, we studied 5 American astronauts, 8 Russian cosmonauts, and 42 American and 16 Russian mission control personnel who participated in the Shuttle/Mir space program.</excerpt>', '<title>Psychosocial issues affecting crews during long-duration international space missions</title> <excerpt>Psychosocial issues can negatively impact on crew performance and morale during long-duration international space missions. Major psychosocial factors that have been described in anecdotal reports from space and in studies from analog situations on Earth include: 1) crew heterogeneity due to gender differences, cultural issues, and work experiences and motivations; 2) language and dialect variations; and 3) task versus supportive leadership roles.</excerpt>', '<title>Crewmember and mission control personnel interactions during international space station missions</title> <excerpt>Introduction: Reports from astronauts and cosmonauts, studies from space analogue environments on Earth, and our previous research on the Mir Space Station have identified a number of psychosocial issues that can lead to problems during long-duration space missions. Three of these issues (time effects, displacement, leader role) were studied during a series of long-duration missions to the International Space Station (ISS).</excerpt>']"
8,28,8_pilot risk perception_pilots risk taking_pilots risk_pilot risk,"['pilot risk perception', 'pilots risk taking', 'pilots risk', 'pilot risk', 'pilots safety behavior', 'risk assessment flight', 'pilots safety', 'risk risky flight', 'risk perception', 'risk attitudes']","['<title>Measuring expertise in weather-related aeronautical risk perception: The validity of the Cochran-Weiss-Shanteau (CWS) index</title> <excerpt>Two studies were conducted to measure expertise in aeronautical weather-related risk perception using the Cochran-Weiss-Shanteau (CWS) index. In the first study, qualified pilots, student pilots, and geography students were presented with weather-related scenarios, and rated the risk involved in each scenario.</excerpt>', '<title>Why Pilots Push On: Motivational Influences on Weather-Related Risk Appraisal in Small Airplane and Helicopter Operations</title> <excerpt>This study explores the multilevel influences associated with commercial pilots’ risk appraisal when deciding whether to continue a flight into deteriorating conditions, focusing on small airplane and helicopter commercial operations in Australia and New Zealand. Deductive content analysis of online survey responses identified congruences with the extant literature.</excerpt>', '<title>Modelling Pilot Decisions During One Engine Inoperative in Maritime SAR Helicopter Hoist Task: RPDM and PCM</title> <excerpt>This paper undertakes a comprehensive examination of pilot decision-making in response to a single-engine failure during maritime search and rescue (SAR) helicopter hoist tasks, employing two distinct decision models–namely, RPDM and PCM. The primary goal of this research is to assess the strengths and weaknesses of each model in accounting for the decision-making processes involved in this critical scenario.</excerpt>', '<title>Risk Perception and Safety Attitudes in Indian Army Aviators</title> <excerpt>Risk perception and safety attitudes with respect to risk taking and hazardous events were studied in 275 army helicopter pilots using a questionnaire-based method. Results indicated that higher risk-taking tendency was associated with low scores on both the delayed risk and immediate high risk components of risk perception, and with lower levels of self-confidence and safety orientation attitudes.</excerpt>', '<title>After the Accident: Is There a Blame Bias Against the Airline?</title> <excerpt>Based on the deontological ethical perspective and concepts from blame psychology such as the defensive attribution hypothesis and culpable control, it is argued that people are predisposed to blame a transportation company when it is involved in an accident. This was tested in a scenario of an airline accident of uncertain cause, finding that respondents blamed the airline the most among a list of five blamable entities (pilots, mechanics-maintenance-inspectors, the weather, ground crew-air traffic control, and airline).</excerpt>']"
9,27,9_aviation psychology_symposium aviation psychology_aaf aviation psychology_problems aviation psychological,"['aviation psychology', 'symposium aviation psychology', 'aaf aviation psychology', 'problems aviation psychological', 'naval aviation psychology', 'aviation psychology program', 'psychology aviation year', 'psychological analysis pilot', 'predisposition cowardice aviation', 'psychological research aaf']","['<title>ARMY Air Forces aviation psychology program research reports; special</title>', '<title>Chapter III: Psychological Research in the AAF Aviation Psychology Program</title>', '<title>Minor studies from the psychological laboratory of Cornell University; Centrifugal swing effects in the human stylus maze</title>', '<title>Selected papers from the First International Symposium on Aviation Psychology: I.</title>', '<title>Selected papers from the First International Symposium on Aviation Psychology: III.</title>']"
10,26,10_airspace cognitive_cognitive control_complex cognitive_cognitive task,"['airspace cognitive', 'cognitive control', 'complex cognitive', 'cognitive task', 'cognitive architecture', 'cognitive engineering', 'cognition cognitive', 'cognition', 'cognitive psychology', 'cognitive']","['<title>Using computational cognitive modeling to diagnose possible sources of aviation error</title> <excerpt>We present a computational model of a closed-loop, pilot-aircraft-visual scene-taxiway system created to shed light on possible sources of taxi error. The creation of the cognitive aspects of the model with ACT-R (Adaptive Control of Thought-Rational) required us to conduct studies with subject matter experts to identify the experiential adaptations pilots bring to taxiing.</excerpt>', '<title>The Difficulty to Break a Relational Complexity Network Can Predict Air Traffic Controllers’ Mental Workload and Performance in Conflict Resolution</title> <excerpt>Objective: To test the network disentangling model for explaining air traffic controllers’ (ATCos) conflict resolution performance. The network rigidity index (NRI), and the steps to break the relational complexity network following a central-available-node-first rule, was hypothesized to explain the overall task demand, whereas marginal-effort-decrease rule was expected to explain the actual operational outcome.</excerpt>', '<title>The essentials of defining adaptation</title> <excerpt>The concept of adaptation has a considerable importance in many areas of research. Evolution theory is all about long-term adaptation, psychology is (among other things) interested in how people cope mentally with various changes in their life, business research tries to find ways to make companies survive and flourish in the ever more turbulent markets, armies rethink their strategies and become more flexible to be able to counter new threats, engineering disciplines move towards making systems better at reconfiguring and repairing themselves without costly and time-consuming human intervention, achieving sophisticated artificial life and artificial intelligence is in large part about finding out how to create systems that are highly adaptive and cope with the difficult and often unexpected situations they encounter, and so forth.</excerpt>', '<title>Mental imagery in air traffic control</title> <excerpt>Mental imagery is known to play a significant role in the skilled performance of complex cognitive tasks, yet is mostly overlooked in the field of air traffic control-a task that is reliant on what controllers term ""the picture."" This article explores 3 strands of imagery research: the similarities between imagery and perception, individual differences in imagery, and skill learning and imagery. The research reported is discussed in terms of fundamental implications for air traffic control, implications for the measurement of imagery, implications for training, and implications for technology design.</excerpt>', '<title>The airspace as a cognitive system</title> <excerpt>The theme for this special issue, the airspace as a cognitive system, stimulates these questions: What is a cognitive system and in what sense can we characterize the airspace as a cognitive system? I discuss these questions by reviewing ideas promoted in discussions of distributed cognition. I conclude that this notion of the airspace as a cognitive system offers considerable leverage for addressing the anticipated design challenges in airspace systems but that we need to avoid the distortions engendered by the pervasive techno-centric emphasis in systems design in favor of a human-focused emphasis that will aid development of robust and effective systems.</excerpt>']"
11,25,11_pilots attitudes_pilot safety behavior_flight experience safety_airline pilot safety,"['pilots attitudes', 'pilot safety behavior', 'flight experience safety', 'airline pilot safety', 'safety behavior airline', 'behavior airline pilots', 'aviation gender attitude', 'flight safety performance', 'flight crews safety', 'pilot safety']","['<title>Exploring the equivalence of the aviation gender attitude questionnaire for South African and Australian pilots: A cross-cultural comparison</title> <excerpt>The aim of this study was to establish the differential item functioning and construct equivalence of the Aviation Gender Attitude Questionnaire (AGAQ) to determine the generalizability of the instrument across 2 national cultures (South African and Australian). Data were collected from 544 South African and 1,064 Australian aircraft pilots and analyzed by means of various analytical procedures.</excerpt>', '<title>Assessing Locus of Control in Pilots: Psychometric Evaluation of a Self-Report Measure</title> <excerpt>The present study systematically assessed the factor structure, internal consistency, and construct validity of the Aviation Safety Locus of Control scale (ASLOC) on 476 European pilots (4.6% female). Independent confirmatory factor analyses showed a strong correlation between the latent factors of Internal and External LOC, justifying proceeding with a one-factor solution (assessing internal LOC after reversescoring items).</excerpt>', ""<title>The effects of risk perception and flight experience on airline pilots' locus of control with regard to safety operation behaviors</title> <excerpt>The primary objective of this paper was to integrate two research traditions, social cognition approach and individual state approach, and to understand the relationships between locus of control (LOC), risk perception, flight time, and safety operation behavior (SOB) among Chinese airline pilots. The study sample consisted of 193 commercial airline pilots from China Southern Airlines Ltd.</excerpt>"", ""<title>Third-culture kid pilots and multi-cultural identity efects on pilots' attitudes</title> <excerpt>IP: 103.3.231.66 On: Thu, 09 Jan 2020 04:17:02 Copyright: Aerospace Medical Association BACKGROUND: Current attempts to culturally tailor human factors training in aviation segregates cultural identities based on geopoliti- cal, passport nationality, and is therefore poorly suited for (adult) 'Third Culture Kids' (TCKs) whose cross-cultural upbringing has led to the development of multicultural individual identities that do not relect their passport nationali- ties. In this study, respondents' self-categorization of personal cultural identity, as opposed to passport nationality, was used to determine whether there were cultural diferences in airline pilots' behaviors.</excerpt>"", '<title>Investigating aviation safety factors and proposed conceptual model for safety behaviors among Thai flight crews: A qualitative approach</title> <excerpt>This study aims to answer behavioral safety questions regarding influential factors and relationship among those factors relating to Thai flight crews’ safety behaviors, and the objective of this study is to develop a proposed hypotheses relating to factors affecting Thai flight crews’ safety behaviors for future research. Based on a sample of 21 flight crews and executives in Thailand, the result found that influential factors relating to Thai flight crew safety behaviors were organizational safety climate, fleet safety climate, aviation safety knowledge, aviation psychological safety and flight crews’ safety attitudes and personalities.</excerpt>']"
12,25,12_psycho physiological_psycho physiological method_pilot behavior_space psychology,"['psycho physiological', 'psycho physiological method', 'pilot behavior', 'space psychology', 'psychophysiological', 'psychophysiology', 'astronaut', 'approach study cosmonauts', 'reliability pilots cosmonauts', 'physiological']","[""<title>Synthesis of ethological studies on behavioural adaptation of the astronaut to space flight conditions</title> <excerpt>The motor behaviour of the astronaut as revealed in his movement, posture and orientation is treated as observable evidence of the subject's adaptation to space flight conditions. In addition to the conservative physiological homeostasies, the quantitative description of the astronaut's motor activity in microgravity is postulated in terms of an innovative regulation, within a temporal dynamic.</excerpt>"", '<title>Trends in Poland in space psychology research</title> <excerpt>This paper discusses the basic directions of research carried out in Poland during the years 1981-86 within the Polish Academy of Science project 06.7. The subject matter concerns: individual and situational determinants of human functioning in stress conditions; functioning of a human in extreme conditions; and load imposition through activities requiring risk-taking decisions..</excerpt>', '<title>Using the Method of Special Breathwork and Ideomotor Exercises for Psychocorrection of Adaptation-Related Disorders in Flying Personnel</title> <excerpt>Abstract: After medical examination, members of flying personnel were divided into a group of essentially healthy people (control) and a group with the risk of preneurotic disorders due to lowered mental adaptability to the flying environment. A rehabilitation program consisting of a system of person-centered rational psychotherapy supported by a course of holotropic breathwork (breathing and ideomotor exercises) proved to be effective in abating preneurotic disorders.</excerpt>', '<title>Determinants of orientation in microgravity</title> <excerpt>During two parabolic flight campaigns, one with the NASA-KC-135, the second with the ESA-Caravelle, human spatial orientation in an altered gravitational environment was studied by measuring the subjective visual vertical (SVV) by means of a luminous line, and by asking the subjects to give a report, with eyes closed, about their orientation to apparent vertical. The inflight data are compared with baseline data measurements of the subjective horizontal body position (SHP) at normogravity (1g) and at 2g.</excerpt>', '<title>Analysis of the human voice as a method of controlling emotional state: Achievements and goals</title> <excerpt>Background factors and those of formant structure, spectral and spectro temporal characteristics of rapid and slow speech components, temporal peculiarities, and intensity of speech turned out to be informative indices of the human emotional state. Application of mathematical methods, in particular methods of recognition theory, to these factors helped to assess the degree and the psychological sign of emotion, to diagnose the status of attention and fatigue, and to differentiate emotional and physical stress.</excerpt>']"
13,25,13_daytime sleepiness_air traffic controllers_psychological fatigue_air traffic,"['daytime sleepiness', 'air traffic controllers', 'psychological fatigue', 'air traffic', 'physical war stressors', 'sleepiness', 'performance air traffic', 'mental fatigue', 'physiological features stress', 'sleep health']","['<title>Short-Term Effects of Occupational Stressors on Daily Mood and Health Complaints</title> <excerpt>This article related daily changes in 2 job conditions, workload and social interaction with co-workers and supervisors, to daily mood and health complaints. Fifty-two air traffic controllers (ATCs) completed measures of subjective well-being and perceived job conditions on 3 consecutive days; objective indicators of daily workload (air traffic volume and visibility at the airport) were also obtained.</excerpt>', '<title>Detecting fatigue in car drivers and aircraft pilots by using non-invasive measures: The value of differentiation of sleepiness and mental fatigue</title> <excerpt>Introduction: Fatigue is one of the most crucial factors that contribute to a decrease of the operating performance of aircraft pilots and car drivers and, as such, plays a dangerous role in transport safety. To reduce fatigue-related tragedies and to increase the quality of a healthy life, many studies have focused on exploring effective methods and psychophysiological indicators for detecting and monitoring fatigue.</excerpt>', '<title>Auditory skills of figure-ground and closure in air traffic controllers</title> <excerpt>Purpose: To investigate the auditory skills of closure and figure-ground and factors associated with health, communication, and attention in air traffic controllers, and compare these variables with those of other civil and military servants. Methods: Study participants were sixty adults with normal audiometric thresholds divided into two groups matched for age and gender: study group (SG), comprising 30 air traffic controllers and control group (CG), composed of 30 other military and civil servants.</excerpt>', '<title>Perceptual-auditory and Acoustic Analysis of Air Traffic Controllers’ Voices Pre- and Postshift</title> <excerpt>Objective To characterize the vocal quality and acoustic parameters of voices of air traffic controllers (ATCs) without any vocal complaints before and after a shift. Method The voices of a group of 45 ATCs were recorded before and after a 2-hour shift, regardless of their operational position or number of previously worked shifts; both genders were included, participants had a mean age of 25 years, and they had a mean length of occupational experience of 4 years and 2 months.</excerpt>', '<title>Effects of an alternating work shift on air traffic controllers and the relationship with excessive daytime sleepiness and stress; Efeitos do turno de trabalho alternado em controladores de tráfego aéreo e relação com sonolência diurna excessiva e estresse</title> <excerpt>Objective: To evaluate symptoms of stress and excessive daytime sleepiness (EDS) in air traffic control (ATC) officers in Brazil. Methods: Fifty-two ATC officers participated, based at three air traffic control units, identified as A, B and C.</excerpt>']"
14,24,14_flying personnel psychiatric_aviation psychiatry_israeli airforce mental_legislation aviation psychiatry,"['flying personnel psychiatric', 'aviation psychiatry', 'israeli airforce mental', 'legislation aviation psychiatry', 'psychological evaluation flying', 'médecine aviation aviation', 'psychiatric psychological', 'military mental', 'psychiatry space flight', 'psychiatry navy']","['<title>Psychiatric screening of combat pilots: correction of the record.</title>', '<title>Psychiatric disorders affecting civil aircrew in the fifth and sixth decades.</title>', '<title>An Israeli Airforce mental health unit: sociopsychological factors and medical care use following psychological intervention.</title>', '<title>De l’importance relative des facteurs somatiques et des facteurs psychologiques en médecine d’aviation</title>', '<title>Changes in psychological variables, use of medical services and presentation of medical problems following brief psychological intervention on an Israel Air Force base.</title>']"
15,24,15_circadian adaptation airline_circadian adaptation_changes circadian_circadian,"['circadian adaptation airline', 'circadian adaptation', 'changes circadian', 'circadian', 'human circadian', 'circadian sleep', 'circadian rhythms', 'changes circadian rhythms', 'human circadian rhythms', 'circadian sleep wake']","['<title>Predicting jet lag in long-haul cabin crew: The role of illness cognitions and behaviour</title> <excerpt>Objective: Established risk factors for jet lag are mostly physiological including circadian preference, age, gender, the number of flight zones crossed and to some extent direction of travel. Some research has also highlighted a role for psychosocial factors including sleep, diet and ‘circadian’ health behaviours and illness cognitions although this remains relatively untested.</excerpt>', '<title>Eastward long distance flights, sleep and wake patterns in air crews in connection with a two-day layover</title> <excerpt>The present study describes the spontaneous sleep/wake pattern in connection with an eastward (Stockholm to Tokyo, +8 h) transmeridian flight and short (51 h) layovers. To describe all sleep episodes and the recovery process across 4 days, and to relate adjustment to individual differences, 49 Scandinavian Airlines System (SAS) air crew were monitored for 9 days with activity monitors and sleep/wake diary before-during-after flight.</excerpt>', ""<title>Circadian adaptation of airline pilots during extended duration operations between the USA and Asia</title> <excerpt>This study tracked circadian adaptation among airline pilots before, during, and after trips where they flew from Seattle (SEA) or Los Angeles (LAX) to Asia (7-9 time zones westward), spent 7-12d in Asia, and then flew back to the USA. In Asia, pilots' exposures to local time cues and sleep opportunities were constrained by duty (short-haul flights crossing 1 time zone/24h).</excerpt>"", '<title>Individual differences in phase shifts of the human circadian system and performance deficit.</title> <excerpt>At periodic intervals throughout the biological day, assessments were made for a week prior to intercontinental flight yielding a reference of biological time set to the environment of origin, for two weeks at the temporally displaced environment of destination, and for a week following return to the environment of origin. Assessments made included rectal temperature, heart rate, respiratory rate, palmar evaporative water loss, urinalysis, reaction time, decision time, critical flicker fusion, subjective fatigue and well-being, and intellectual facility.</excerpt>', ""<title>Circadian arrhythmia: Shiftwork, travel and health</title> <excerpt>There are many reasons why employees' working hours may come into conflict with the inherent (circadian) rhythms of their bodies. Vital services such as police, ambulance, hospitals, electricity must be maintained 24 hours a day; expensive equipment is more profitable if used continuously; machinery such as furnaces may be damaged if shut down.Work patterns which conflict with our circadian rhythms may produce fatigue, a tendency to make errors, accident-proneness, 'jet-lag' and perhaps ill health.Those most at risk are shiftworkers and aircrew: whilst the latter must cope with changing shift patterns and time-zone changes, the former are required to adapt to changes in work/sleep patterns against an environmental background disruptive to such an adaptation.More difficulties arise when we consider those with chronic health problems since employees on long-term medication may not be able to reconcile an unvarying drug regimen to an ever-changing work pattern.</excerpt>""]"
16,23,16_cognitive workload_mental workload air_cognitive workload assessment_mental workload,"['cognitive workload', 'mental workload air', 'cognitive workload assessment', 'mental workload', 'increased mental workload', 'task engagement mental', 'parameters cognitive performance', 'engagement mental workload', 'workload assessment', 'task engagement']","['<title>EEG correlates of task engagement and mental workload in vigilance, learning, and memory tasks</title> <excerpt>Introduction: The ability to continuously and unobtrusively monitor levels of task engagement and mental workload in an operational environment could be useful in identifying more accurate and efficient methods for humans to interact with technology. This information could also be used to optimize the design of safer, more efficient work environments that increase motivation and productivity.</excerpt>', '<title>Exploring the Peak-End Effects in Air Traffic Controllers’ Mental Workload Ratings</title> <excerpt>Objective: This study examined whether professional air traffic controllers (ATCos) were subject to peak-end effects in reporting their mental workload after performing an air traffic control task, and in predicting their mental workload in future scenarios. Background: In affective experience studies, people’s evaluation of a period of experience is strongly influenced by the most intense (peak) point and the endpoint.</excerpt>', '<title>Workload state classification with automation during simulated air traffic control</title> <excerpt>Real-time operator workload assessment and state classification may be useful for decisions about when and how to dynamically apply automation to information processing functions in aviation systems. This research examined multiple cognitive workload measures, including secondary task performance and physiological (cardiac) measures, as inputs to a neural network for operator functional state classification during a simulated air traffic control (ATC) task.</excerpt>', '<title>Chirplet transform-based machine-learning approach towards classification of cognitive state change using galvanic skin response and photoplethysmography signals</title> <excerpt>Recent advances in the field of cognitive sciences have provided evidence to classify activities with different cognitive engagement levels. High cognitive load and sustained attention may predispose an individual to psychological and physical stress and may result in a lack of performance.</excerpt>', '<title>Unraveling the Physiological Correlates of Mental Workload Variations in Tracking and Collision Prediction Tasks</title> <excerpt>Modern work environments have extensive interactions with technology and greater cognitive complexity of the tasks, which results in human operators experiencing increased mental workload. Air traffic control operators routinely work in such complex environments, and we designed tracking and collision prediction tasks to emulate their elementary tasks.</excerpt>']"
17,22,17_motion sickness susceptibility_susceptibility motion sickness_motion sickness eliciting_motion sickness questionnaire,"['motion sickness susceptibility', 'susceptibility motion sickness', 'motion sickness eliciting', 'motion sickness questionnaire', 'induced motion sickness', 'motion sickness', 'habituation motion sickness', 'adaptation motion sickness', 'sickness eliciting stimulation', 'sickness questionnaire']","['<title>A comparison of two methods of training resistance to visually-induced motion sickness.</title> <excerpt>This report concerns the use of two methods of training subjects to tolerate visually-induced motion sickness (VMS). Sixteen subjects were selected on the basis of their response to a motion sickness history questionnaire and assigned to one of four groups on the basis of their ability to tolerate visually-induced motion (VM).</excerpt>', '<title>Some psychological correlates of motion sickness susceptibility</title> <excerpt>Four groups of 37 subjects each (highly susceptible men, highly susceptible women, nonsusceptible men, and nonsusceptible women) were obtained from a population of 2,432 college students ranging in age from 18 to 39 years. Susceptibility to motion sickness was determined by scores on a motion sickness questionnaire (MSQ); only individuals with extreme scores were considered for inclusion in the experimental groups.</excerpt>', '<title>Sex differences in tolerance to visually-induced motion sickness</title> <excerpt>Background: Women report a history of motion sickness (MS) about twice as frequently as men, but the results of experimental studies are equivocal. In the present investigation, we sought to replicate previous findings that women report a greater history of MS than men when interrogated with MS history questionnaires.</excerpt>', '<title>Vection and simulator sickness.</title> <excerpt>Simulator sickness has been identified as a form of motion sickness in which users of simulators exhibit symptoms characteristic of true motion sickness. In a fixed-base simulator, visual and vestibular sources of information specifying dynamic orientation are in conflict to the extent that the optical flow pattern viewed by the pilot creates a compelling illusion of self-motion, which is not corroborated by the inertial forces transmitted through the vestibular sense organs.</excerpt>', '<title>Effect of sickness severity on habituation to repeated motion challenges in aircrew referred for airsickness treatment</title> <excerpt>The aim of this study was to determine whether varying the predetermined malaise level at which provocative motion challenges were stopped would affect the habituation rate. At the rate of 2 per day, 21 motion challenges were delivered, stopping either at initial symptoms or at moderate nausea, on a cross-over design randomized between subjects (n = 20).</excerpt>']"
18,21,18_flight psychiatric emergencies_morbidity flight psychiatric_pilot mental health_flight psychiatric,"['flight psychiatric emergencies', 'morbidity flight psychiatric', 'pilot mental health', 'flight psychiatric', 'mental health airline', 'health airline pilots', 'aircraft assisted suicide', 'aircraft assisted suicides', 'morbidity flight', '19 pandemic affected']","['<title>Expanding Ketamine Application for Treatment of Acute Suicidality in Long-Duration Spaceflight</title> <excerpt>INTRODUCTION: The transition to exploration missions places a heightened risk on behavioral health in spaceflight. Although serious psychiatric emergencies during spaceflight have been rare, longer duration missions increase the possibility of emergence in latent mental health disorders due to genetic predisposition, increased autonomy, isolation, helplessness, loss of family member, or catastrophic events.</excerpt>', '<title>Commercial Aircraft-Assisted Suicide Accident Investigations Re-Visited—Agreeing to Disagree?</title> <excerpt>Background: The number of aircraft-assisted suicides can only be considered a rough estimate because it is difficult and, at times, impossible to identify all cases of suicide. Methods: Four recent reports of accidents occurring in 1997 in Indonesia, 1999 in Massachusetts in the United States, 2013 in Namibia, and 2015 in France related to commercial aircraft-assisted suicides were analyzed.</excerpt>', '<title>Common mental disorders among civil aviation flight attendants</title> <excerpt>The purpose of the current study was to estimate the prevalence of common mental disorders (cmds) among brazilian civil aviation fl ight attendants and to investigate associations between cmds and sociodemographic and work-related variables. methods: this was a quantitative cross-sectional study conducted between october 2009-october 2010 using a self-reporting questionnaire about sociodemographic and work-related data and a screening instrument for the detection of psychiatric morbidity.</excerpt>', '<title>Intractable airsickness associated with COVID-19: A case report; Mareo al volar irresoluble asociado a la infección por COVID-19: caso clínico</title> <excerpt>A 29-yr-old male Melicopter co-pilot with high flight hours in air transport missions of the patients with COVID-19 tested positive for his RT-PCR due to clinical suspicion. With the diagnosis of SARS-CoV-2, he was treated based on the national protocol and stayed in the home quarantine for two weeks.</excerpt>', '<title>The effectiveness of a 17-week lifestyle intervention on health behaviors among airline pilots during COVID-19</title> <excerpt>Purpose: The aim of this study was to evaluate the efficacy of a 17-week, 3-component lifestyle intervention for enhancing health behaviors during the coronavirus disease 2019 (COVID-19) pandemic. Methods: A parallel-group (intervention and control) study was conducted amongst 79 airline pilots over a 17-week period during the COVID-19 pandemic.</excerpt>']"
19,21,19_neuropsychiatry branch usafsam_psychiatric illness_aviation personnel_military student pilots,"['neuropsychiatry branch usafsam', 'psychiatric illness', 'aviation personnel', 'military student pilots', 'military aerospace medicine', 'psychiatric disorders', 'diagnosis psychiatric', 'aerospace medical', 'psychiatric', 'aerospace medicine']","['<title>Brief reactive psychosis in naval aviation</title> <excerpt>Five naval aviation personnel diagnosed with brief reactive psychosis (BRP) have appeared before the Special Board of Flight Surgeons (SBFS) at the Naval Aerospace Medical Institute (NAMI). These cases demonstrate the challenges in diagnosis and disposition that face the clinical aeromedical specialist in evaluating the aviator who develops psychiatric symptoms.</excerpt>', '<title>Psychiatric syndromes associated with problems in aeronautical adaptation among military student pilots</title> <excerpt>Background: We identified syndromes based upon prominent psychiatric symptom patterns exhibited by military student pilots with problems in aeronautical adaptation, and evaluated their relationship to subject variables and eventual completion of flight training. Method: Two aeromedical psychologists retrospectively reviewed consecutive student pilot referrals to the mental health clinic at the U.S.</excerpt>', '<title>Psychiatric interventions with amnesic aircraft accident survivors</title> <excerpt>Aircraft accident survivors who later develop retrograde amnesia for the circumstances of their crashes present unique problems in terms of psychiatric treatment and valid accident investigation. The authors explore the complexities of treating such patients within the limitations of the present understanding of amnesic disorders and raise questions concerning medicolegal issues of informed consent, confidentiality, and validity of information recalled during the treatment process..</excerpt>', '<title>Student pilots referred to the neuropsychiatry branch, USAFSAM 1968-78: Implications for selection</title> <excerpt>The case records of 76 student aviators referred to the Neuropsychiatry Branch of the USAF School of Aerospace Medicine during the period 1968-78 are reviewed. Demograhic and diagnostic data are provided including source of recruitment, age, marital status, aircraft flown, flying hours, and diagnostic categories.</excerpt>', '<title>Psychiatric considerations in military aerospace medicine</title> <excerpt>Military aerospace medicine requires a psychiatric selection and certification process that determines not only the absence of significant mental disorders, but also the presence of positive qualities in the realms of motivation, ability and stability: not all normal people are fit to fly. Other issues of aerospace psychiatry involve maintenance of mental resilience and hardiness during a flying career, aeromedical decisions about when to remove from flight duties and when to return, criteria for waivers for psychiatric conditions, use of medications for treatment of psychiatric symptoms, questions of substance abuse, and research in such areas as genetics.</excerpt>']"
20,21,20_human pilot electroencephalographic_grounded pilots active_nystagmic responses_nystagmic responses basic,"['human pilot electroencephalographic', 'grounded pilots active', 'nystagmic responses', 'nystagmic responses basic', 'physiological effects', 'physiological effects backscatter', 'patterns physiological effects', 'objective tests psychomotor', 'illusions pitch induced', 'grounded pilots']","['<title>Comparisons of nystagmic responses in basic airmen, grounded pilots and active pilots.</title>', '<title>Physiological effects of backscatter of high intensity light pulses on the human pilot.</title>', '<title>Studies on flying personnel with operational fatigue; studies on dextrose tolerance and electroencephalographic patterns</title>', '<title>Age differences in the rate of gain of information, signal detection strategy and cardiovascular status among pilots.</title>', '<title>Origin significance and amelioration of coriolis illusions from the semicircular canals: a non-mathematical appraisal.</title>']"
21,20,21_visual approach landing_approach landing_pilot night vision_glide slope perception,"['visual approach landing', 'approach landing', 'pilot night vision', 'glide slope perception', 'pictorial cues', 'vision information', 'visual approach', 'landing flare', 'optic flow', 'slope perception']","['<title>An Exploratory Study of Plan-View Terrain Displays for Air Carrier Operations</title> <excerpt>Two prototypical terrain situational awareness (TSA) displays were examined in a preliminary part-task simulation study using the MIT Aeronautical Systems Laboratory Advanced Cockpit Simulator. Pilots, qualified on auto flight aircraft, flew simulated approaches while using a moving-map terrain display in addition to typical glass-cockpit navigation displays.</excerpt>', '<title>Effects of Scenery, Lighting, Glideslope, and Experience on Timing the Landing Flare</title> <excerpt>This study examined three visual strategies for timing the initiation of the landing flare based on perceptions of either: (a) a critical height above ground level; (b) a critical runway width angle (Ψ); or (c) a critical time-to-contact (TTC) with the runway. Visual displays simulated landing approaches with trial-to-trial variations in glideslope, lighting, and scene detail.</excerpt>', '<title>Helmet-mounted display symbology for terrain avoidance during low-level maneuvers</title> <excerpt>A simulation study was performed to evaluate helmet-mounted display symbology for fighter aircraft ground collision avoidance systems. Four visual alert symbologies were tested: an iconic cue, an aircraft-fixed (AF) guidance cue, a head-fixed (HF) guidance cue, and an HF guidance cue with a pitch ladder.</excerpt>', '<title>Progress in the development of guidance strategies for the landing flare manoeuvre using tau-based parameters</title> <excerpt>Purpose – To provide a progress report into research conducted to establish guidelines for the development of guidance vision aids. Design/methodology/approach – The first stage of the research is to establish a coherent engineering basis for the methods of (visual) motion perception and control to inform the design of pilot aids that will support flight in degraded visual conditions, particularly when close to the ground.</excerpt>', '<title>Optic flow and visual analysis of the base-to-final turn</title> <excerpt>In the spirit of other optic flow research, we address the problem of how a pilot turns an airplane into alignment with a runway, a maneuver that is one of the more challenging phases of visually controlled flight. In earlier work, Loomis and Beall (1992) proposed a rule for turning an aircraft into alignment: Turn the aircraft in such a way as to hold constant the rate of change of splay (the angle the projected runway makes with respect to the vertical).</excerpt>']"
22,20,22_alcohol levels pilot_effects alcohol_alcohol consumption_abuse alcohol consumption,"['alcohol levels pilot', 'effects alcohol', 'alcohol consumption', 'abuse alcohol consumption', 'alcohol use', 'alcohol levels', 'blood alcohol levels', 'alcohol intake', 'alcohol abuse alcohol', 'alcohol abuse']","['<title>Laboratory performance during acute alcohol intoxication and hangover</title> <excerpt>Eleven private pilots (seven men and four women) were recruited and trained on the Multiple Task Performance Battery (MTPB), static and dynamic tracking of a localizer/glide slope instrument, and use of the Intoxilyzer. Results showed clear deleterious effects of alcohol on the MTPB and the tracking tasks immediately following drinking.</excerpt>', '<title>Postintoxication effects of alcohol on flight performance after moderate and high blood alcohol levels</title> <excerpt>This study examined the impact of alcohol hangover on flight performance 11 hr after ingestion of alcohol. The participants were 36 instrument-rated and instrument-current male pilots who were 21 to 35 years of age, recruited from the Odegard Center for Aerospace Sciences at the University of North Dakota.</excerpt>', '<title>Professional Pilots’ Views of Alcohol Use in Aviation and the Effectiveness of Employee-Assistance Programs</title> <excerpt>Pilots holding the Airline Transport Pilot certificate were surveyed about the seriousness of the alcohol problem in various areas of aviation and about the importance of a number of possible reasons why a pilot might drink and fly. They also rated a number of actions in terms of their potential effectiveness for reducing inappropriate alcohol use, and they evaluated a number of characteristics of employee-assistance programs.</excerpt>', '<title>Anomie, alcohol abuse and alcohol consumption: A prospective analysis</title> <excerpt>Cross-sectional and 36-month prospective analyses of the relationships among anomie and both alcohol abuse and alcohol consumption patterns provided little support that anomie was directly associated with ethanol ingestion patterns in a sample of 302 male air traffic controllers. This lack of association was observed for self-reported alcohol consumption, interview-established alcohol abuse and biochemical markers of alcohol intake.</excerpt>', '<title>Methodological Issues in Research on the Effects of Alcohol on Pilot Performance</title> <excerpt>The effects of low blood-alcohol levels on pilot performance have been found to be surprisingly inconsistent, given the variety of cognitive, attentional, and motor coordination processes involved in piloting tasks and the presumed susceptibility of these processes to alcohol. Discussed in this article are a number of methodological issues that are relevant to research in this area, including task and subject characteristics, compensation for alcohol effects, and experimental design procedure considerations.</excerpt>']"
23,20,23_associated spatial disorientation_spatial disorientation incidence_spatial disorientation_disorientation incidence visual,"['associated spatial disorientation', 'spatial disorientation incidence', 'spatial disorientation', 'disorientation incidence visual', 'aviation associated spatial', 'pilot spatial orientation', 'directional disorientation', 'disorientation incidence', 'flight performance mental', 'spatial disorientation sd']","['<title>Geographic disorientation: Approaching and landing at the wrong airport</title> <excerpt>Geographic disorientation in aviation operations results from the failure of an aircrew to recognize and/or maintain the desired position relative to the external ground and airspace environment. Becoming lost during flight, intruding inadvertently into unauthorized airspace, selecting a wrong airway, landing on the wrong runway, and approaching the wrong airport - with or without actual landing - are some examples of inflight geographic disorientation.</excerpt>', '<title>Spatial Disorientation Event During Flight Due to Proposed Reverse-Dip Visual Illusion</title> <excerpt>BACKGROUND: Spatial disorientation is a leading nontechnical cause of fatal military aviation accidents, triggered by insufficient or misleading cues mainly from the visual and vestibular systems. Spatial disorientation accounts for 20-38% of fatal military aviation accidents, but case reports describing specific illusions during actual flight are rare.</excerpt>', '<title>Aviation-Associated Spatial Disorientation and Incidence of Visual Illusions Survey in Military Pilots</title> <excerpt>Objective: The lack of information on active military pilots has led to the present study, which aimed to analyze the sense of aviation-associated spatial disorientation and the incidence of visual illusions of fighter and transport military pilots through a post-flight survey. Background: The advance of aeronautics has led to further aircraft developments, increasing heights and speeds which increase the psychophysiological demands, thus leading to greater incidence of spatial disorientation and visual illusions.</excerpt>', ""<title>Spatial disorientation: So-called vertigo</title> <excerpt>This report describes statistic investigation on pilots experiences, indicates occurences and influences upon pilot's control, and discusses possibility of preventation and alleviation by training of spatial disorientation, with the knowledge acquired through questionnaire survey, interview investigation, lives as pilot, and discussion with many other pilots about “vertigo”. The questionaires covered three areas of interest; frequency of occurrence, degree and duration of three directional disorientation, namely pitch, bank and yaw directional disorientation according to writers classification.</excerpt>"", ""<title>Verbal Reports’ Influence on Pilot Flight Performance and Mental Stress Under Spatial Disorientation</title> <excerpt>BACKGROUND: Circumstances in flight can adversely affect a pilot's spatial abilities and lead to spatial disorientation (SD), increasing the potential for fatal accidents. To systematically understand the impact of SD, it is important to quantitatively and qualitatively analyze pilots’ flight performance and mental stress, and to verify the effectiveness of verbal reports (VR) in enabling pilots to deal with an SD situation.</excerpt>""]"
24,19,24_stress air traffic_stress air_stress discussed_stress accidents,"['stress air traffic', 'stress air', 'stress discussed', 'stress accidents', 'traffic control stress', 'occupational stress', 'perceived stressful', 'life stress discussed', 'pilots cope', 'control stress']","['<title>Research notes/Notes de recherche: Du français dans le del: un conflit en retard</title> <excerpt>This paper examines the factors which may account for the timing of the francophone‐anglophone conflict in air traffic control in Quebec in 1975–76. Following recent debates in the literature of collective action two hypotheses are considered.</excerpt>', '<title>An empirical assessment of stress-coping styles in military pilots</title> <excerpt>Although aircraft pilots generally regarded as having superior stress-coping skills, there has been relatively little empirical research on how pilots cope with stress. New stress-coping models and measures for understanding and assessing these previously elusive processes greatly facilitate the empirical study of stress-coping styles.</excerpt>', '<title>The politics of stress: The case of air traffic control</title> <excerpt>Analysis of the 1981 Professional Air Traffic Controllers Organization strike suggests that workers who employ the concept of stress to describe undesirable job conditions risk unexpected negative consequences. In deciding not to make subjective claims that can only be addressed in political terms, workers necessarily appeal to outside experts to provide scientific, objective descriptions of job conditions.</excerpt>', '<title>Sources of stress affecting pilot judgment.</title> <excerpt>The initial stages of our research on the effects of the overassessment or underassessment of the consequences of nonroutine events (a potentially important factor in decision-making by pilots) is described. Critical difficulties in the measurement of life stress are discussed and a partial solution is suggested in the form of the Life Events Questionnaire (LEQ), an instrument on which individuals report the nature of stressful events, when they happened, and how much they concern them at the time of testing.</excerpt>', '<title>Subjective response to negative air ion exposure</title> <excerpt>This study investigated specific subjective or psychological effects of relatively long exposure to negative ions generated by a conventional air purification device. Subjects - 24 males matched for age, education, physical condition, and smoking habits - were divided into a control (N=12) and an ion exposure group (N=12).</excerpt>']"
25,18,25_space medicine nasa_space medicine_medicine nasa_human spaceflight,"['space medicine nasa', 'space medicine', 'medicine nasa', 'human spaceflight', 'risks space flight', 'society aerospace medicine', 'international space station', 'space flights', 'space flight', 'manned space']","[""<title>SY-MIS Project: Biomedical Design of Endo-Robotic and Laparoscopic Training System for Surgery on the Earth and Space</title> <excerpt>Despite the location (Earth or Space), surgical simulation is a vital part of improving technical skills and ensuring patients' safety in the real procedure. The purpose of this study is to describe the Space System for Minimally Invasive Surgery (SY-MIS©) project, which started in 2016 under the supervision of the Center for Space Systems (C-SET).</excerpt>"", '<title>Cardiopulmonary resuscitation (CPR) during spaceflight - a guideline for CPR in microgravity from the German Society of Aerospace Medicine (DGLRM) and the European Society of Aerospace Medicine Space Medicine Group (ESAM-SMG)</title> <excerpt>Background: With the “Artemis”-mission mankind will return to the Moon by 2024. Prolonged periods in space will not only present physical and psychological challenges to the astronauts, but also pose risks concerning the medical treatment capabilities of the crew.</excerpt>', '<title>Medes clinical research facility as a tool to prepare ISSA space flights</title> <excerpt>This new multi-disciplinary medical experimentation center provides the ideal scientific, medical and technical environment required for research programs and to prepare international space station Alpha (ISSA) missions, where space and healthcare industries can share their expertise. Different models are available to simulate space flight effects (bed-rest, confinement,...).</excerpt>', '<title>Status of cardiovascular issues related to space flight: Implications for future research directions</title> <excerpt>Compromised cardiovascular performance, occurrence of serious cardiac dysrhythmias, cardiac atrophy, orthostatic intolerance, reduced aerobic capacity, operational impacts of regular physical exercise, and space radiation are risks of space flight to the cardiovascular system identified in the 2007 NASA Human Integrated Research Program. An evidence-based approach to identify the research priorities needed to resolve those cardiovascular risks that could most likely compromise the successful completion of extended-duration space missions is presented.</excerpt>', '<title>A Year on the International Space Station: Implementing a long-duration biomedical research mission</title> <excerpt>INTRODUCTION: The year-long mission of American astronaut Scott Kelly and Russian cosmonaut Mikhail Kornienko included the most complex biomedical experiments ever conducted on the International Space Station-and arguably in human spaceflight-to establish insight into human health risks of interplanetary exploration. Focusing on risk mitigation, NASA conducted investigations that addressed spaceflight health hazards to varying degrees.</excerpt>']"
26,17,26_fatigue air traffic_stress air traffic_air traffic control_air traffic controllers,"['fatigue air traffic', 'stress air traffic', 'air traffic control', 'air traffic controllers', 'air traffic controller', 'including aviation fatigue', 'training air traffic', 'air traffic', 'workload situation awareness', 'effect fatigue air']","['<title>Effect of Fatigue in Air Traffic Controllers’ Workload, Situation Awareness, and Control Strategy</title> <excerpt>Objective: To illustrate how fatigue affects the workload, situation awareness, and control strategy of air traffic controllers. Background: As air traffic control becomes more complex and demanding due to the increasing number of aircraft movements in major airport hubs, the need to particularly look into the interplay of performance shaping factors has also intensified.</excerpt>', '<title>Refresher Training for Air Traffic Controllers: Is It Adequate to Meet the Challenges of Emergencies and Abnormal Situations?</title> <excerpt>An observational field study was carried out to examine the degree that refresher training in air traffic control can account for the demands of real-world emergencies. The refresher-training exercises of 21 teams of en route controllers were observed and a number of real incidents were analyzed at a major European Area Control Centre.</excerpt>', '<title>Objective Workload and Behavioural Response in Airport Radar Control Rooms</title> <excerpt>Previous research indicated that peak traffic and the duration of radio-communications were good predictors of behavioural response of air traffic controllers working in air route traffic control centres. In this study we investigated if these two measures of workload were generalisable to controllers (ATCs) working in radar facilities serving major airports.</excerpt>', '<title>Research on the influence of bad working state on air traffic control effect based on multi-independent sample Kruskal-Wallis test</title> <excerpt>This study examines the influence of bad working states on the control effect of air traffic controllers by establishing a scoring standard for control performance assessment with eight assessment items, such as the standard radiotelephony communications, and 25 specific assessment contents, such as the completeness of control instructions. Combined with equipment for tower control simulations, this standard assesses and counts the scores of controllers in different states, namely, sober, fatigue, stress, and fatigue & stress.</excerpt>', '<title>The impact of fatigue in air medical and other types of operations: a review of fatigue facts and potential countermeasures.</title> <excerpt>Because of its effects on productivity and safety, fatigue is receiving increasing attention in a variety of settings, including aviation. Fatigue-related problems cost America an estimated $18 billion a year in terms of lost productivity, and fatigue-related drowsiness on the highways contributes to more than 1500 fatalities, 100,000 crashes, and 76,000 injuries annually.</excerpt>']"
27,17,27_military personnel_air force remotely_air force aviators_military readiness,"['military personnel', 'air force remotely', 'air force aviators', 'military readiness', 'air force remote', 'air force', 'force remotely piloted', 'remotely piloted', 'personnel elite', 'force aviators']","['<title>Time for a break? Perceptions and impacts of reconstitution among United States Air Force remotely piloted aircraft personnel</title> <excerpt>United States Air Force remotely piloted aircraft (RPA) aircrew and support personnel perform critical missions in support of military operations around the world. The high value placed on the work of these individuals has resulted in increased workload and heightened risk of adverse psychological health outcomes.</excerpt>', '<title>Subtypes of severe psychological distress among US Air Force remote warriors: A latent class analysis</title> <excerpt>US Air Force remote warrior personnel include a range of military personnel composed of remotely piloted aircraft aircrew, intelligence operators, and cyber warfare operators. Job duties in these professions entail long work hours, rotating shifts, and regular engagement in combat operations.</excerpt>', '<title>Predictors and protective factors for suicide ideation across remotely piloted aircraft career fields</title> <excerpt>The US Air Force remote warrior community comprises several career fields including remotely piloted aircraft pilots and intelligence, cyber, and sensor operators. The crews are responsible for working seamlessly together to provide 24/7 real-time intelligence, surveillance, and reconnaissance and precision-strike weapons capabilities for a wide range of global combat operations.</excerpt>', '<title>Effect of Combat on Aircrew Subjective Readiness During Operations Desert Shield and Desert Storm</title> <excerpt>The Persian Gulf War provided a unique opportunity to collect data for examining aircrew work/rest cycles and operational tasking as they relate to aircrew readiness in a combat environment. For 4 consecutive weeks during Operations Desert Shield and Desert Storm, 18 A-6 (9 pilots, 9 bombardier/navigators) and 18 F-14 (10 pilots, 8 radar intercept officers) aircrew on board the USS America provided detailed daily activity data.</excerpt>', '<title>Personality Trait Comparison of Pararescue Personnel and Elite Athletes</title> <excerpt>INTRODUCTION: Pararescue personnel (PJs) deploy in high-risk environments and perform extraordinary missions under intense conditions, requiring an unusual combination of physical and psychological abilities. The rigorous nature of PJ training and the superior levels of fitness and cognitive functioning to perform challenging physical feats in high-pressure, high-intensity environments have prompted military commanders and embedded health care providers to compare successful performance in the PJ mission with the characteristics required of elite, Olympic-level athletes.</excerpt>']"
28,17,28_crew coordination_performance communication_team task_communication variations,"['crew coordination', 'performance communication', 'team task', 'communication variations', 'teamwork', 'team performance', 'communication variations aircrew', 'communication', 'aircraft communication', 'team relatedness']","[""<title>Communication indices of crew coordination</title> <excerpt>The relationship between communication patterns and performance in 10 two-person flightcrews is explored with the aim of identifying speech variations which differentiate low- and high-error full mission simulator flights. Verbal data, transcribed from the videotaped performances, are treated as interactive sequences of speech events in which statements spoken by one crewmember are considered within the context of the other crewmember's prior and subsequent speech.</excerpt>"", ""<title>Status and cockpit dynamics: A review and empirical study</title> <excerpt>One of the most troublesome dynamics evident in the airplane cockpit is related to patterns of authority relations between the captain and the first officer: Too often, captains fail to listen and first officers fail to speak. The authors propose that many instances of superordinate and subordinate behavior in the cockpit-the captain's tendency to reject input from other team members and the first officer's hesitancy to question the captain-represent cases of status generalization.</excerpt>"", '<title>Communication Variations and Aircrew Performance</title> <excerpt>The relationship between communication variations and aircrew performance (high-error vs low-error performances) was investigated by analyzing the coded verbal transcripts derived from the videotape records of 18 two-person air transport crews who participated in a high-fidelity, full-mission flight simulation. The flight scenario was designed to be as realistic as possible but consisted of a task which included abnormal operations and required the coordinated efforts of all crew members.</excerpt>', '<title>Communication restraints, group flexibility, and group confidence</title> <excerpt>""This study was designed to explore the relationship between selected group structure variables and the group\'s ability to adjust to the requirements of a new situation (group flexibility) and the group members\' expressed confidence in the ability of the group to succeed in a problem-solving situation."" About 1000 men in 96 aircrews did a group task (8-item intelligence exam). Leaders in flexible groups scored low on the F scale and high on conformity.</excerpt>', ""<title>Team task analysis: Differentiating between tasks using team relatedness and team workflow as metrics of team task interdependence</title> <excerpt>Objective: As a constructive replication and extension of Arthur, Edwards, Bell, Villado, and Bennett (2005), the objective of the current study was to further investigate the efficacy of team relatedness and team workflow ratings (along with their composite) as metrics of interdependence.Background: Although an analysis of task and job interdependence has important implications and uses in domains such as job design, selection, and training, the job analysis literature has been slow to develop an effective method to identify team-based tasks and jobs.Method: To achieve the study's objectives, 140 F-16 fighter pilots (35 four-person teams) rated 34 task and activity statements in terms of their team relatedness and team workflow.Results: The results indicated that team relatedness and team workflow effectively differentiated between tasks with varying levels of interdependency (as identified by instructor pilots who served as subject matter experts) within the same job. In addition, teams that accurately perceived the level of interdependency performed better on a four-ship F-16 flight-training program than those that did not.Conclusion: Team relatedness and team workflow ratings can effectively differentiate between tasks with varying levels of interdependency.Application: Like traditional individual task or job analysis, this information can serve as the basis for specified human resource functions and interventions, and as diagnostic indicators as well.</excerpt>""]"
29,17,29_computer aviation training_aviation training devices_aviation training_pilot training,"['computer aviation training', 'aviation training devices', 'aviation training', 'pilot training', 'simulated instrument training', 'training devices', 'training transfer', 'training devices pcatds', 'transfer training', 'training research']","['<title>Transfer of Simulated Instrument Training to Instrument and Contact Flight</title> <excerpt>Identification of the specific contribution of training system variables (eg, simulator system components, training mixes, curriculum utilization strategies) will ultimately lead to more efficient training for all tasks. An interest in the acquisition of piloting skills has led a number of researchers to question the relative transfer of simulated instrument training to instrument and contact flight.</excerpt>', ""<title>Personal Computer Aviation Training Devices: Their Effectiveness for Maintaining Instrument Currency</title> <excerpt>This study examined the effectiveness of personal computer aviation training devices (PCATDs) for maintaining the Federal Aviation Administration's instrument-currency requirement. One hundred and six instrument-current pilots received an instrument proficiency check (IPC) and were assigned equally to 3 independent training groups (aircraft, flight training device [FTD], and PC AID) and to a control group who received no training.</excerpt>"", '<title>Transfer of training effectiveness of a personal computer aviation training device</title> <excerpt>The training effectiveness of personal computer aviation training devices (PCATDs) has received only limited testing. In the experiment reported here, a commercially available PCATD was evaluated for its transfer effectiveness for teaching of instrument flight skills.</excerpt>', ""<title>Effectiveness of Ab Initio Flight Training Using Either Linked or Unlinked Primary-Axis Flight Controls</title> <excerpt>Twenty ab initio student pilots flew a scries of simulated approaches in either a linked or unlinked primary flight control configuration The results indicated that those pilots who performed the task in the unlinked configuration flew less smoothly than those in the linked condition and showed no evidence of skill acquisition, it is suggested that the physical linkage of the student's and instructor's primary flight controls is an important channel of communication that enhances skill development in trainee pilots. © 1995, Taylor & Francis Group, LLC.</excerpt>"", '<title>Application of a multifactor approach to transfer of training research</title> <excerpt>A multifactor, multicriterion transfer of training experiment involving a computer-generated horizontal tracking task was conducted to establish relationships among training and transfer scores for manual control of a maneuvering vehicle, to determine the response surfaces for training and transfer, and to demonstrate a new transfer research paradigm that makes economically feasible the simultaneous investigation of the effects of a large number of training-equipment and use variables on transfer to multiple-criterion vehicle configurations. There were 80 experimental participants, 48 of whom were trained and tested on individually unique combinations of training and transfer conditions.</excerpt>']"
30,16,30_aircraft accidents_factors aircraft accidents_investigation aircraft accidents_evaluation aircraft accidents,"['aircraft accidents', 'factors aircraft accidents', 'investigation aircraft accidents', 'evaluation aircraft accidents', 'psychological impact aircraft', 'aircraft psychological', 'impact aircraft accidents', 'psychological causes aircraft', 'pilot psychological impact', 'pilot errors summary']","['<title>Psychosocial reconstruction inventory: a postdictal instrument in aircraft accident investigation.</title>', '<title>Emotional adjustment of radar observers in jet fighter interceptor aircraft.</title>', '<title>The incidence of incidents: A nationwide study of flight experience and exposure to accidents and incidents</title>', '<title>Grouping of the causative factors in investigation of aircraft accidents attributed to pilot errors.</title>', '<title>Incidence, classification and nature of errors made by crews in air carrier (airline) accidents.</title>']"
31,16,31_flying skills_aeronautical decision making_pilot judgment_aeronautical decision,"['flying skills', 'aeronautical decision making', 'pilot judgment', 'aeronautical decision', 'making aviation safety', 'making aircraft pilots', 'making pilots identified', 'aeronautical', 'making aviation', 'model aeronautical decision']","['<title>Prediction of flying success by clinical analysis of test protocols</title> <excerpt>""In the present study there is little doubt that the clinical assessments of beginning aviation cadets have no relationship to a criterion of adjustment in the basic flight-training program. The objective findings can hardly be ignored, and it is of utmost importance to consider the possible explanations of these results in order to appreciate fully their significance."" Various explanations are considered.</excerpt>', ""<title>Age and pilot performance</title> <excerpt>In military and civilian aviation, pilot age is a major factor which determines if the individual is allowed to continue flying. Many factors, including legal considerations, escalating personnel and training costs, and higher skill levels necessitated by increasing equipment complexity, have generated considerable interest in the development of 'age free' criteria to determine continued suitability for aviation duty.</excerpt>"", ""<title>Crisis management - Validation of an algorithm by analysis of 2000 incident reports</title> <excerpt>Anaesthetists are called upon to manage complex life-threatening crises at a moment's notice. As there is evidence that this may require cognitive tasking beyond the information-processing capacity of the human brain, it was decided to try and develop a generic crisis management algorithm analogous to the 'Phase I' immediate response routine used by airline pilots.</excerpt>"", ""<title>Some human factors in the flying physician</title> <excerpt>The paper was prepared with two aims: to transmit the image of the high risk physician in the middle of his journey through time and space, with the hope it may have some prophylactic value in reeducating both the doctors and those who care for them to early danger signals of distress; and to provide the background for future research on decision making and human factors, as a most tentative effort to show significant variables in the 80 to 90% of aircraft accidents attributable to 'pilot error'..</excerpt>"", '<title>Introduction to cognitive processes of expert pilots.</title> <excerpt>This report addresses the historical problem that a very high percentage of accidents have been classified as involving ""pilot error."" Through extensive research since 1977, the Federal Aviation Administration determined that the predominant underlying cause of these types of accidents involved decisional problems or cognitive information processing. To attack these problems, Aeronautical Decision Making (ADM) training materials were developed and tested for ten years.</excerpt>']"
32,16,32_exposure contaminated_exposure contaminated air_radiofrequency radiation_contaminated air,"['exposure contaminated', 'exposure contaminated air', 'radiofrequency radiation', 'contaminated air', 'radiation', 'aerotoxic syndrome', 'operational variables postmortem', 'overexposed radiofrequency radiation', 'contaminated', 'outbreak illness aerospace']","['<title>Evaluation of tissue postmortem lactates in accident investigation using an animal model</title> <excerpt>It has been suggested by others that postmortem lactate concentrations in tissues of aircraft accident victims can provide valuable information about the premortem state of the individual. To test this hypothesis, an animal model system (rat) was established to simulate the field situation, incorporating the following operational variables: postmortem time of tissue collection, temperature at accident site, and time of last food intake.</excerpt>', '<title>Review of extensive workups of 34 patients overexposed to radiofrequency radiation</title> <excerpt>Background: The medical records of 34 patients seen at the Aerospace Medicine Directorate, U.S. Air Force Research Laboratory for confirmed exposure to radiofrequency radiation (RFR) exceeding the permitted exposure limits were reviewed to see if RFR overexposure created any detectable clinical or laboratory alterations that could be correlated with power density or the product of power density and time exposed.</excerpt>', ""<title>An outbreak of illness among aerospace workers</title> <excerpt>A multispecialty panel of physicians evaluated a case series of 53 composite-materials workers in a large aircraft manufacturing facility who filed workers' compensation claims for illness labeled by the media as the 'aerospace syndrome'. Possible skin and respiratory tract exposures included formaldehyde, phenol, particulates, epoxy resins, and trace organic solvents, but measured concentrations were well below all regulatory and consensus standards.</excerpt>"", '<title>A case of penetrating head wound due to helicopter rotor blade injury in a 34-year-old naval helicopter pilot who returned to active service 5 years later</title> <excerpt>Objective: Unusual clinical course Background: Head trauma, defined as damage to the brain, skull, or scalp when the head is hit by an external force, is a major cause of mortality in military personnel. Therefore, we report a novel case involving a naval helicopter pilot who sustained a helicopter propeller rotor blade injury.</excerpt>', '<title>Behavioral and psychological effects of microwave radiation</title> <excerpt>The first category of behavioral reaction to microwaves and other radiofrequency electromagnetic radiations involves responses confirmed in laboratory experiments from which a dose-response picture indicates absence of damaging effects of acute exposures (typically less than 60 minutes) at whole-body energy-dose rates below 3 mW/g. To result in this dose rate, the power density of incident radiation could be as low as 2 to 3 mW/cm2 for a small animal but would be on the order of 15 to 20 mW/cm2 for a human being.</excerpt>']"
33,16,33_cognitive impairment_neuropsychiatrically enhanced flight_piloting skills comparison_neuropsychological conditions aeromedical,"['cognitive impairment', 'neuropsychiatrically enhanced flight', 'piloting skills comparison', 'neuropsychological conditions aeromedical', 'older pilots', 'older pilots nonpilots', 'pilot performance reviewed', 'piloting performance', 'neurocognitive impairments', 'age related deficits']","['<title>Quality of Life Trajectories Predict Mortality in Older Men: The Manitoba Follow-Up Study</title> <excerpt>Objective: To describe quality of life trajectories of older men over a 10-year time frame in mental and physical health domains, and to determine if these trajectories predict death over a subsequent 9-year period. Method: A cohort study of Royal Canadian Air Force aircrew veterans.</excerpt>', '<title>Aging, expertise, and narrative processing.</title> <excerpt>In a study of how aviation expertise influences age differences in narrative processing, young and older pilots and nonpilots read and recalled aviation and general narratives. They chose referents for sentences referring to a protagonist or minor character mentioned 1 sentence (recent character) or 3 sentences (distant character) before this target sentence.</excerpt>', ""<title>Testing the tests - An empirical evaluation of screening tests for the detection of cognitive impairment in aviators</title> <excerpt>The FAA has expressed concern that flight safety could be compromised by undetected cognitive impairment in pilots due to conditions such as substance abuse, mental illness, and neuropsychological problems. Interest has been shown in the possibility of adding a brief ''mini-mental exam,'' or a simple automated test-battery to the standard flight medical to screen for such conditions.</excerpt>"", ""<title>Expertise, Cognitive Ability, and Age Effects on Pilot Communication</title> <excerpt>We investigated whether expertise reduced age-related declines in pilot communication, using multiple expertise measures and laboratory tasks varying in domain relevance. Younger, middle-aged, and older pilots and nonpilots listened to air traffic control messages that described an aircraft's route through an airspace, while they referred to a chart of that airspace.</excerpt>"", '<title>Appropriate Screening Tests to Assess Post-COVID-19 Cognitive Dysfunction in Aeromedical Settings</title> <excerpt>INTRODUCTION: Post-COVID-19, 10–20% of individuals may experience long-term symptoms (some having cognitive deficits), even after mild or nonsymptomatic infection. A sufficiently sensitive screening test of cognitive function, based on the typical cognitive effects of COVID-19 and skills considered most relevant to pilot performance, would be highly beneficial to be used alongside other performance checks.</excerpt>']"
34,16,34_safety aviation_factors aviation accidents_aviation human factors_aviation accidents,"['safety aviation', 'factors aviation accidents', 'aviation human factors', 'aviation accidents', 'pilot operations', 'pilot concept', 'factors aviation', 'aviation human', 'make aircraft safer', 'commercial aviation']","['<title>Investigating Language Factors in Aviation Accidents</title> <excerpt>Linguistic and operational experts reviewed accident investigation reports covering a 22-year period (1990-2012) revealing that language factors impact aviation safety in a variety of ways, in contexts extending beyond pilot and air traffic controller communications. The investigation of possible language factors is not accorded the same degree of systematic and expert analysis as is given to the investigation of other human performance and operational factors.</excerpt>', '<title>Pilot training in our time - use of flight training devices and simulators</title> <excerpt>The challenge of pilot training include adapting to an industry in which the environment is formed by steep upturns and downturns, cut-throat competition, and advanced technology that continues to change the role of the pilot and in which safety always must match the continuously increasing demands of efficiency. The pilot training performed at flight training organisations (FTOs) is the fundament in the education of captains and first officers who will be able to manage the operational “sharp end” of this environment.</excerpt>', '<title>Pilot-Related Factors Involved in Runway Incursions: An Epidemiological Approach</title> <excerpt>Objective: This research investigates the role of pilot deviation in runway incursions, a persistent safety risk for aviation safety. Background: Despite many research efforts focusing primarily on the evaluation of advanced technical systems as mitigation solutions, there remains a significant lack of studies investigating the central figure in this issue: the pilot, as well as the underlying human factors and mitigating circumstances that contribute to runway incursions.</excerpt>', '<title>Personnel selection influences on remotely piloted aircraft human-system integration</title> <excerpt>Introduction: Human-system integration (HSI) is a complex process used to design and develop systems that integrate human capabilities and limitations in an effective and affordable manner. Effective HSI incorporates several domains, including manpower, personnel and training, human factors, environment, safety, occupational health, habitability, survivability, logistics, intelligence, mobility, and command and control.</excerpt>', '<title>Social acceptance of increased usage of the ballistic parachute system in a general aviation aircraft</title> <excerpt>Background: An airframe parachute (""Chute"") available in certain aircraft is designed to lower the airplane safely to the ground for emergency situations that occur 500 ft (152 m) above ground level (AGL): the ""Chute altitude envelope."" This study will explore the change in Chute use before and after 2012 to better understand factors that increased usage and improved accident outcomes. Methods: Using the public National Transportation Safety Board (NTSB) accident database from January 1, 2001, through August 31, 2018, a regression model was developed to identify factors that may predict Chute use.</excerpt>']"
35,15,35_aviation psychology_aviation psychologists_journal aviation psychology_aviation medicine,"['aviation psychology', 'aviation psychologists', 'journal aviation psychology', 'aviation medicine', 'ergonomics research society', 'history aviation', 'ergonomics research', 'ergonomics', 'ergonomics uk', 'journal aviation']","[""<title>The Macy Reports: Combat fatigue in World War II fliers</title> <excerpt>Having supported psychiatric investigation into the psychosomatic aspects of 'war neurosis' since 1931, the Josiah Macy, Jr., Foundation published five volumes on combat fatigue and its prophylaxis, recognition, treatment, and administrative aspects during World War II. The five volumes were as follows: 'War Neuroses in North Africa,' by R.R.</excerpt>"", ""<title>The highlights, and the lows, of aviation medicine in the 1940's: the human element.</title> <excerpt>This article describes the experience and knowledge gained by the author during an extensive study tour of the majority of aviation medicine centres in the United Kingdom, Canada, and the United States in 1942. The emphasis is upon the human element rather than the technical, and the contribution of thousands of scientists from medical, psychological, and allied disciplines whose dedication was vital to air supremacy.</excerpt>"", '<title>Industry Application of Behavioral Science</title> <excerpt>One of the more significant errors in the history of science occurred during the ""marginal revolution"" in economics near the end of the nineteenth century. Rather than explicitly recognize in basic theory that the happiness we seek to maximize in life originates within oneself, the early theorists formulated their equations as though human satisfaction resided in external things - as in so much utility (economist\'s term for satisfaction) per pound of sugar.</excerpt>', '<title>World War II and other historical influences on the formation of the Ergonomics Research Society</title> <excerpt>Little has been written about wartime ergonomics and the role this played in prompting the need for a society dedicated to ergonomics within the UK, namely the formation of the Ergonomics Research Society (ERS) in early 1950. This article aims to fill this gap in our understanding of the history of ergonomics in the UK and provide further details of the types of research undertaken by wartime research groups and committees such as the Institute of Aviation Medicine, Medical Research Council Applied Psychology Unit and the Flying Personnel Research Committee.</excerpt>', '<title>CRM: Development of Pending Critical Aspects; CRM: Desarrollo de Aspectos Críticos Pendientes</title> <excerpt>The evolution of CRM programs has meant enormous progress for aviation in terms of the study of human factors and their relationship with the reduction of air accidents. Although it is true that CRM programs have undergone a successful evolution since their appearance in 1979, it is also true that the advances in psychological science in recent decades make it necessary to review and expand on aspects already addressed in previous stages by these programs.</excerpt>']"
36,15,36_study stipple test_stipple test_study stipple_stipple test special,"['study stipple test', 'stipple test', 'study stipple', 'stipple test special', 'follow study stipple', 'stipple test follow', 'stipple', 'preparedness desert shield', 'analyzer scores', 'isolation stipple test']","['<title>The Stipple test: a follow-up study.</title>', '<title>From brandy to antibiotics for peptic ulcer disease.</title>', ""<title>'Neural noise' as a factor limiting 'channel capacity'.</title>"", '<title>In search of a time-sharing ability in zero input tracking analyzer scores</title>', '<title>A 20-year reflection: preparedness for Desert Shield/Desert Storm.</title>']"
37,14,37_aviation psychology army_psychology army air_aviation psychology program_aaf aviation psychology,"['aviation psychology army', 'psychology army air', 'aviation psychology program', 'aaf aviation psychology', 'aviation psychology', 'describing aviation psychology', 'psychology program army', 'psychology army', 'aeromedical psychology training', 'training research']","['<title>The American Institutes for Research</title> <excerpt>Reviews the development, research approaches, and focus of the American Institutes for Research, which was an outgrowth from the success of the Aviation Psychology Program in the US Army Air Forces in World War II. The organization was incorporated as a nonprofit agency to carry out research on problems for government, education, and industry.</excerpt>', ""<title>Some lasting consequences of US Psychology Programs in World Wars I and II</title> <excerpt>Applied research in psychology not only has contributed directly to societal advances but often has fostered basic research as well. Prominent examples are die programs directed by Yerkes in World War I to develop the Army Alpha test and several programs in World War II, including The American Soldier diat assessed soldiers' attitudes during the war; a program for selecting agents for the Office of Strategic Services; and the Aviation Psychology Program to select and classify applicants for flight training in the Army Air Forces.</excerpt>"", '<title>Psychological activities in the Training Command, Army Air Forces</title> <excerpt>The development of the Aviation Psychology Program in the AAF Training Command since an earlier report in 1943 (see 18: 1497) is treated, consisting largely of a report of the activities of the Psychological Section, Medical Division, Headquarters, AAF Training Command. The report is made under the following headings: mission of the section; organization and personnel; supervision of classification testing and processing; maintenance of basic data; development and validation of devices for predicting aircrew success; application of the classification test battery to other groups; training research problems; special research studies; publications; and prospectus.</excerpt>', '<title>History, organization and research activities, Psychological Research Project (Navigator), Army Air Forces</title> <excerpt>The ninth in a series of reports describing the Aviation Psychology Program of the Army Air Forces, this article covers the work of the application of psychological and statistical techniques to research in navigation. It deals with the following points: (1) objective measures of skill in navigation; (2) research in training; (3) research on the selection of instructors; and (4) work in the Navigation Schools.</excerpt>', '<title>History, organization, and research activities, Psychological Test Film Unit, Army Air Forces</title> <excerpt>The history, organization, personnel and research activities of the Unit at the Santa Ana Army Air Base, Santa Ana, California, are presented. The following topics are also discussed: (1) hypotheses adopted for perceptual test development, (2) techniques employed in test construction, and (3) test construction.</excerpt>']"
38,14,38_pilots attention distributions_pilot gaze_pilot gaze patterns_eye metrics assessing,"['pilots attention distributions', 'pilot gaze', 'pilot gaze patterns', 'eye metrics assessing', 'eye tracking input', 'eye tracking technology', 'eye tracking', 'pilots attention', 'eye accommodation', 'gaze patterns control']","[""<title>Comparison Between Scene-Independent and Scene-Dependent Eye Metrics in Assessing Psychomotor Skills</title> <excerpt>Objective: This study aims to compare the relative sensitivity between scene-independent and scene-dependent eye metrics in assessing trainees' performance in simulated psychomotor tasks. Background: Eye metrics have been extensively studied for skill assessment and training in psychomotor tasks, including aviation, driving, and surgery.</excerpt>"", '<title>Eye-Tracking: from Concept to Operational Training Tool</title> <excerpt>Eye-tracking has historically been proposed as a tool to provide insight into pilot performance, although its transition from scientific curiosity to a practical device has been challenging. Advancing technology has recently opened the possibility of deploying eye-tracking measurements for operational use in flight training, thus allowing for improved understanding of pilot monitoring strategies.</excerpt>', '<title>Relationships Between Pilot Gaze Patterns and Control Lapses in Challenging Instrument Approach Flight</title> <excerpt>Objective: This study investigates the link between pilot gaze patterns and control deviations during simulated instrument flight approaches, aiming to understand how attentional focus impacts flight safety. Background: Building on previous research that underscores the importance of situational awareness in aviation, this work delves into the specific aspects of gaze behavior as indicators of cognitive workload and attentional distribution.</excerpt>', '<title>Why Pilots Miss the Green Box: How Display Context Undermines Attention Capture</title> <excerpt>Visual displays often employ the onset or flashing of an element to notify users of important events. Recent research findings and operational experiences in data-rich, event-driven domains, such as aviation, suggest that this design approach, which was supported by findings from early basic research on attention capture, is not always successful.</excerpt>', ""<title>Eye Accommodation: Use of Vernier Optometers in Behavioral Research</title> <excerpt>The history of the invention and development of devices suitable for the measurement of eye accommodation in behavioral research settings is briefly reviewed. A series of small experiments involving a Micro Vernier Optometer that is “worn” on the head demonstrated the practicality of using the device in a variety of dynamic, real-world situations including flying an airplane simulator, driving an automobile, and'with certain constraints'typing at a video display terminal.</excerpt>""]"
39,14,39_aviation selection personality_aviation students personality_personality types pilot_personality aviation rated,"['aviation selection personality', 'aviation students personality', 'personality types pilot', 'personality aviation rated', 'personality aviation', 'navy divers personality', 'personality characteristics navy', 'officers personality', 'personality characteristics jet', 'personality research naval']","['<title>Betting preferences and personality characteristics of Navy divers.</title>', '<title>Marital adjustment and personality in aviation-rated and nonrated warrant officers.</title>', '<title>Personality types of pilot students: A study of an Australian collegiate aviation program</title>', '<title>Betting preferences and personality characteristics of sport parachutists.</title>', '<title>Personality characteristics of jet pilots as measured by the Edwards Personal Preference Schedule.</title>']"
40,14,40_altitude cognitive performance_altitude cognitive_cognitive flight performance_cognitive flight,"['altitude cognitive performance', 'altitude cognitive', 'cognitive flight performance', 'cognitive flight', 'aerobic capacity cognitive', 'terrestrial altitude cognitive', 'hypoxia cognitive', 'cognitive performance affect', 'cognitive performance', 'cognitive function lower']","['<title>Chinese herbal medicine and cognitive and emotional functions during 60-day head-down bed rest</title> <excerpt>Introduction: This study aimed to test the efficacy of an oral-intake Chinese herbal medicine in enhancing the cognitive and emotional functions of individuals in a simulated microgravity condition. The herbal medicine consisted of ingredients that may enhance cognitive and emotional functions in an extreme environment.</excerpt>', '<title>HIV-encephalopathy: should we await a catastrophe before screening?</title> <excerpt>Human Immunodeficiency Virus (HIV)-encephalopathy (formerly AIDS Dementia Complex, or ADC) is characterized by global impairment of intellectual and cognitive functions, personality and behavioral disturbances, decreased memory, inability to concentrate, and apathy. Its motor dysfunction is manifested by impaired speech, gait, and coordination, and by psychomotor retardation.</excerpt>', '<title>Effects of hydration on cognitive function of pilots</title> <excerpt>The objective of this study was to examine the effect of fluid intake and possible dehydration on cognitive flight performance of pilots. A repeated-measures, counterbalanced, mixed study design was used to examine differences in working memory, spatial orientation, and cognitive flight performance of 40 randomly selected healthy pilots after having high and low fluid intakes.</excerpt>', '<title>Personality traits of people attracted by parabolic flight</title> <excerpt>Background: Studies have shown that members of expeditions in extreme environments differed on the basis of personality factors (eg, they were highly competitive, higher on Extraversion and Conscientiousness) compared to the control population. In order to identify individuals who are likely to participate in extreme environments, the aim of the present study using parabolic flights was to compare the personality traits of voluntary participants (VP) in a weightlessness experiment with those of the general population (GP) (French norms).</excerpt>', '<title>Personality factors, stoicism and motivation in subjects under hypoxic stress in extreme environments</title> <excerpt>Previous studies on the physiological and psychological adaptation of subjects to survival conditions involving high-altitude hypoxia (>6500 m) have shown that personality factors are important in this adaptation. We, therefore, proposed personality traits assessments in two groups of subjects engaged in sporting activities under extreme hypoxic environmental conditions: a group of mountaineers at high altitudes (>5500 m) and a group of free-lung divers at great depths (<30-60 m).</excerpt>']"
41,14,41_commands air traffic_pilot controller_management flight strips_delays air traffic,"['commands air traffic', 'pilot controller', 'management flight strips', 'delays air traffic', 'flight progress strips', 'route air traffic', 'traffic control', 'traffic control communications', 'management flight', 'route air']","['<title>Downlink of TCAS resolution advisories: A means for closing the gap between pilot and controller?</title> <excerpt>This article describes 2 empirical studies-an initial study and an experiment-that investigate the impact of displaying resolution advisories (RAs) issued by the onboard Traffic Alert and Collision Avoidance System to the air traffic controller. The initial study served to assess and refine a method for evoking RA events in an interactive and realistic air traffic control setting.</excerpt>', '<title>An Information Organization Tool for Planning in Air Traffic Control</title> <excerpt>An investigation of how en route air traffic controllers solved sequencing problems using paper flight progress strips led to the development of a new software interface to aid planning. The primary feature of the new interface involved replacing the strips with virtual tokens that were dynamically linked to their radar targets.</excerpt>', '<title>Real-time use of paper in air traffic control towers: Criticality and benefits</title> <excerpt>The purpose of this study was to gain a better understanding of how and why flight progress strips are currently used in air traffic control towers in the United States. The 3 main staffing positions in the tower, flight-data/clearance delivery (FD/CD), ground control (GC), and local control (LC), were observed by subject-matter experts at 10 control towers.</excerpt>', '<title>Evaluation of conflict-resolution policies on controller taskload</title> <excerpt>In an effort to maintain safety while satisfying growing air traffic demand, air navigation service providers are considering the inclusion of advisory systems to identify potential conflicts and propose resolution commands for the air traffic controller to verify and issue to aircraft. To understand the potential workload implications of introducing advisory conflict-detection and resolution tools, this paper examines a metric of controller taskload: how many resolution commands an air traffic controller issues under the guidance of an advisory system.</excerpt>', ""<title>Temporal management of flight strips in en route air traffic control: A full-scope simulation test on task analyses assumptions</title> <excerpt>In en route air traffic control, task analyses assume that the planning controller detects potential problems to alleviate the radar controller's workload. Ten expert controllers were involved in a full-scope simulation study, and displacements of flight strips were analyzed as a function of the controller and as a function of the role these motor acts have in indicating problem detection, monitoring the ongoing resolution, or sending the aircraft to other control positions.</excerpt>""]"
42,14,42_pilots situational awareness_pilot situation awareness_pilot decision making_practice pilot decision,"['pilots situational awareness', 'pilot situation awareness', 'pilot decision making', 'practice pilot decision', 'flight time cognitive', 'pilots situational', 'practice pilot', 'pilot decision', 'deliberate practice pilot', 'gamification learning aviation']","['<title>The Effects of Aeronautical Decision-Making Models on Student Pilots’ Situational Awareness and Cognitive Workload in Simulated Non-Normal Flight Deck Environment</title> <excerpt>Objective: This paper investigates the effects of using different decision-making models on pilots’ performance while facing non-normal flight circumstances. Background: The captain must quickly make appropriate decisions once an aircraft faces emergency.</excerpt>', '<title>Examining flight time, cognitive reflection, workload, stress and metacognition on decision making performance for pilots during flight\xa0simulation</title> <excerpt>Despite technological advancements, human decision errors still contribute to civil aviation accidents. This study investigated whether flight time, cognitive reflection, task-load, metacognition, and perceived stress predicted decision-making (DM) performance during two in-flight training simulations with 104 commercial pilots at Bogota International Airport.</excerpt>', '<title>Policy Capturing to Support Pilot Decision-Making: A Proof of Concept Study</title> <excerpt>Single-pilot operations are cognitively challenging for pilots and could benefit from decision-support tools to mitigate risk-prone situations. The Cognitive Shadow is a prototype tool that employs policy capturing, a data-driven technique used to model decisions, to learn users judgement policies and alert decision discrepancies from one s decision pattern.</excerpt>', '<title>Evaluation of computer-based situation awareness training for general aviation pilots</title> <excerpt>This article describes the evaluation of 6 different computer-based training modules created to teach skills that underlie the development and maintenance of situation awareness, a competency shown to be critical in pilot decision-making performance. The modules targeted basic skills training for low-time pilots (checklist completion, air traffic control comprehension, psychomotor skills) as well as training on higher order cognitive skills (attention sharing, contingency planning) and intensive preflight planning.</excerpt>', '<title>Gamification of Learning Aviation Knowledge for Improving the Efficiency of Flight Training</title> <excerpt>Objective: The goal of the present study was to determine whether using gamification with the flexibility of board game design to prepare aviation cadets for future flight training could reduce their fatigue and stress from work overload and thereby decrease risk of human error leading to accidents. Background: Cadets need to have fully acquired aviation knowledge so as be able to access it spontaneously in decision-making when operating an aircraft and performing multi-tasks.</excerpt>']"
43,14,43_pilot fatigue_fatigue perceptions mitigation_fatigue perceptions_mobility aircrew fatigue,"['pilot fatigue', 'fatigue perceptions mitigation', 'fatigue perceptions', 'mobility aircrew fatigue', 'methods reducing fatigue', 'modeling fatigue', 'fatigue', 'perceive fatigued', 'perceive fatigued investigate', 'modeling fatigue impacts']","['<title>Integrated Modeling of Fatigue Impacts on C-17 Approach and Landing Performance</title> <excerpt>Objective: The current effort develops an initial integrated model of fatigue in the context of C-17 approach and landing operations. Specifically, we integrate a biomathematical fatigue model with a task network model to estimate pilot performance degradation.</excerpt>', '<title>Mobility Aircrew Fatigue Perceptions and Mitigation Strategies</title> <excerpt>Mobility aircrew operate in unique, high-tempo environments resulting in susceptibility to fatigue. In the current study we examined fatigue perceptions and mitigation strategies before and during mission execution with questionnaires from 44 volunteers from a US Air Force air mobility squadron.</excerpt>', '<title>Fatigue in Aeromedicine: A Validity Study of the Flight Risk Assessment</title> <excerpt>Objective: A validation study was conducted on the Flight Risk Assessment (FRA), a unique self-report fatigue measure for flight medics on duty. Background: Air medical professionals face unique challenges above and beyond the difficulty of working in a hospital setting or prehospital ground medicine.</excerpt>', '<title>Effects of sleep/wake history and circadian phase on proposed pilot fatigue safety performance indicators</title> <excerpt>Summary: The Karolinska Sleepiness Scale and Samn-Perelli fatigue ratings, and psychomotor vigilance task performance are proposed as measures for monitoring commercial pilot fatigue. In laboratory studies, they are sensitive to sleep/wake history and circadian phase.</excerpt>', '<title>Understanding Fatigue within a Collegiate Aviation Program</title> <excerpt>Objective: The purpose of this study was fivefold: to investigate the symptoms that would prompt collegiate aviation pilots perceive they are fatigued; to investigate the time of the day they are most fatigued; to investigate their academic and personal schedules; to investigate the methods collegiate aviation pilots utilize to ensure they are fit to fly; and to investigate whether they have received any academic and/or flight fatigue identification and management training. Background: Fatigue is a pervasive safety hazard in aviation affecting several aspects of flight crew members’ ability to perform their job.</excerpt>']"
44,13,44_conflict aircraft_conflict detection air_air traffic controller_effects automated conflict,"['conflict aircraft', 'conflict detection air', 'air traffic controller', 'effects automated conflict', 'management air traffic', 'effects conflict detection', 'future air traffic', 'judgments air traffic', 'automated conflict', 'detection air traffic']","['<title>Effects of automated conflict cuing and traffic density on air traffic controller performance and visual attention in a datalink environment</title> <excerpt>Proposals to enhance the efficiency and capacity of the air traffic control system involve new technologies such as automated decision aids and datalink that could create additional demands for the limited visual attentional resources of controllers. This study investigated whether automated multimodal conflict cues could mitigate these demands, particularly under high-traffic load.</excerpt>', ""<title>Time delays in air traffic control communication loop: Effect on controller performance and workload</title> <excerpt>The impact of digital technology-induced delays in the pilot-controller communications on air traffic controllers' performance and workload was investigated in 2 experiments manipulating systemic audio delay (AD) and variable pilot delay (PD). Vectoring accuracy (Experiment 1), lateral separation between 2 aircraft on converging tracks (Experiment 2), and subjective workload (NASA-Task Load Index) were measured.</excerpt>"", '<title>Transitioning to future air traffic management: Effects of imperfect automation on controller attention and performance</title> <excerpt>Objective: This study examined whether benefits of conflict probe automation would occur in a future air traffic scenario in which air traffic service providers (ATSPs) are not directly responsible for freely maneuvering aircraft but are controlling other nonequipped aircraft (mixed-equipage environment). The objective was to examine how the type of automation imperfection (miss vs false alarm) affects ATSP performance and attention allocation.</excerpt>', '<title>Determinants of conflict detection: A model of risk judgments in air traffic control</title> <excerpt>Objective: A model of conflict judgments in air traffic control (ATC) is proposed. Background: Three horizontal distances determine risk judgments about conflict between two aircraft: (a) Dt<inf>0</inf> is the distance between the crossing of the aircraft trajectories and the first aircraft to reach that point; (b) Dt<inf>h</inf> is the distance between the two aircraft when they are horizontally closest; and (c) Dt<inf>v</inf> is the horizontal distance between the two aircraft when their growing vertical distance reaches 1,000 feet.</excerpt>', '<title>Hierarchical conflict detection in air traffic control</title> <excerpt>Experienced air traffic controllers and naïve college students participated in 2 experiments we conducted to test a hypothesis that controllers evaluate potential conflicts between aircraft in a hierarchical manner, comparing altitudes first for vertical separation, then extrapolating aircraft trajectories for lateral separation, and finally performing speed-distance computations for longitudinal separation. The results clearly support the hypothesis and imply that controller workload in terms of time pressure could be determined by momentary conflict geometries between aircraft pairs in a sector.</excerpt>']"
45,13,45_pilot comparison vigilance_cues prospective memory_perceived memory_control prospective memory,"['pilot comparison vigilance', 'cues prospective memory', 'perceived memory', 'control prospective memory', 'prospective memory simulated', 'air traffic control', 'perceived memory requirements', 'recall task', 'prospective memory', 'memory task']","['<title>Applying Psychological Science to Examine Prospective Memory in Simulated Air Traffic Control</title> <excerpt>Failures to remember to perform deferred task actions in work settings such as air traffic control can have serious consequences. Most research examining the cognitive mechanisms underlying prospective memory has used simple, static tasks, which may make it difficult to generalize results to work settings.</excerpt>', '<title>Comparison of the vigilance performance of men and women using a simulated radar task</title> <excerpt>The present study examined the question of possible sex differences in the ability to sustain attention to a complex monitoring task requiring only a detection response to critical stimulus changes. The visual display was designed to approximate a futuristic, highly automated air traffic control radar display containing computer-generated alphanumeric symbols.</excerpt>', '<title>Effects of high visual taskload on the behaviours involved in complex monitoring</title> <excerpt>A simulated air traffic control task was used to study the effects of prolonged monitoring on some of the behaviours (complex discriminations, interpretations, decisions, memory for actions taken) frequently associated with operational monitoring tasks, but seldom examined in laboratory vigilance studies. Forty-eight subjects performed the monitoring task under relatively high taskload conditions for 2h.</excerpt>', '<title>Short-Term Memory Factors in Ground Controller/Pilot Communication</title> <excerpt>Communication between ground controllers and pilots was simulated in a short-term memory task in order to explore sources of memory errors in the air traffic control system. As expected from prior short-term memory research, two major determinants of error probability were (1) amount of information that the pilot has to process in a given time and (2) retention interval between the time information is transmitted from the controller and the time it is acted on (recalled) by the pilot.</excerpt>', ""<title>Investigation of air traffic controllers' response strategies in a free recall task: What makes auditory recall superior to visual recall?</title> <excerpt>This study investigated the response strategies displayed by air traffic controllers (ATCs) recalling visually and auditory presented verbal material in a free recall task. The end-of-list advantage for auditory compared to visually presented item lists (modality effect) was explored by using the procedure described by Beaman and Morton (2000).</excerpt>""]"
46,13,46_hypoxia human performance_moderate hypoxia human_acute moderate hypoxia_moderate hypoxia,"['hypoxia human performance', 'moderate hypoxia human', 'acute moderate hypoxia', 'moderate hypoxia', 'hypoxia human mood', 'mild moderate hypoxia', 'hypobaric hypoxia', 'hypoxia human', 'mild hypoxia', 'mild hypoxic hypoxia']","[""<title>Flight performance during exposure to acute hypobaric hypoxia</title> <excerpt>INTRODUCTION: The purpose of the present study was to examine the influence of hypobaric hypoxia (HH) on a pilot's flight performance during exposure to simulated altitudes of 91, 3048, and 4572 m (300, 10,000, and 15,000 ft) and to monitor the pilot's physiological reactions. METHOD: In a single-blinded counter-balanced design, 12 male pilots were exposed to HH while flying in a flight simulator that had been placed in a hypobaric chamber.</excerpt>"", '<title>Acute mild hypoxic hypoxia effects on cognitive and simulated aircraft pilot performance</title> <excerpt>BACKGROUND: The effects of acute mild hypoxic hypoxia (HH) and physical activity on physiological measures, signs and symptoms, mood, fatigue, cognition, and performance on a simulated flight task were investigated between 8000 (8K; 2438 m) and 14,000 ft (14K; 4267 m). METHOD: In a hypobaric chamber, 16 military helicopter pilots were randomly exposed to 4 altitudes and 3 physical exertion levels.</excerpt>', '<title>Elevation-dependent symptom, mood, and performance changes produced by exposure to hypobaric hypoxia</title> <excerpt>Altitude exposures above 3,000 m produce changes in symptoms, moods, and cognitive/motor performance of unacclimatized individuals and should produce graded effects on these parameters as elevation and duration are increased. This study examined effects on these parameters as a function of altitude level and duration of exposure by administering standardized tests from 1 to 3 times to 23 males in an altitude chamber during 4.5-hour exposures to 3 levels of hypobaric hypoxia: 500 m, 4,200 m, and 4,700 m.</excerpt>', '<title>Effects of acute moderate hypoxia on human performance of arithmetic.</title> <excerpt>To observe the effects of acute moderate hypoxia on human performance of arithmetic, the continuous calculation test, addition-subtraction test and mental arithmetic tests were made in 16 health young male subjects during exposure to altitude of 300 m (control), 3600 m, 4400 m and 5000 m by mean of hypobaric cabin simulation. Error rate of the continuous calculation test and reaction time of addition-subtraction test increased significantly and performance decreased significantly (P < 0.05) after exposure to 3600 m for 1 h.</excerpt>', '<title>Effects of mild hypoxia in aviation on mood and complex cognition</title> <excerpt>Thirty six volunteer air force personnel were sequentially exposed in a randomized balanced order in a hypobaric chamber to 30 min of baseline (sea level) and mild hypoxia induced by a specified altitude (sea level, 8000 ft and 12,000 ft), followed immediately by breathing 100% oxygen from an oro-nasal mask. Mood and complex cognition were assessed.</excerpt>']"
47,13,47_physiologically tolerable heat_thermal comfort condition_thermal comfort_cold shock response,"['physiologically tolerable heat', 'thermal comfort condition', 'thermal comfort', 'cold shock response', 'heat stress', 'response stress', 'physiological cognitive responses', 'physiological measures related', 'body temperature', 'skin temperature']","['<title>Impairment of flying efficiency in anancastic pilots</title> <excerpt>Previous work on the effects of stress upon flying efficiency has shown two types of psychological stress to exist; these are usually referred to as cognitive and affective stress, respectively. A refinement in affective stress analysis has enabled two subtypes of stress to be demonstrated: one is characterized by activity of the sympathetic nervous system (SNS) and subjective feelings of rage, fear, anxiety, or frustration; the other by excessive rumination.</excerpt>', '<title>Effects of wearing aircrew protective clothing on physiological and cognitive responses under various ambient conditions</title> <excerpt>Heat stress can be a significant problem for pilots wearing protective clothing during flights, because they provide extra insulation which prevents evaporative heat loss. Heat stress can influence human cognitive activity, which might be critical in the flying situation, requiring efficient and error-free performance.</excerpt>', '<title>Physiological and psychological effects of heat stress simulating cockpit conditions</title> <excerpt>It is generally accepted that physiologically tolerable heat stress can adversely affect human performance, but it is difficult to predict the impact of a specific environment. Experiments were designed to determine the effects of thermal conditions similar to those occurring in aircraft cockpits in warm climates, where both high air temperatures and radiant heat play important roles.</excerpt>', '<title>Skin temperature feedback optimizes microclimate cooling</title> <excerpt>Introduction: A novel pulsed cooling paradigm (PCskin) integrating mean skin temperature (T̄sk) feedback was compared with constant cooling (CC) or time-activated pulsed cooling (PC). Methods: Eight males exercised while wearing personal protective equipment (PPE) in a warm, dry environment (dry bulb temperature: 30°C; dew-point temperature: 11°C) in each of the tests.</excerpt>', ""<title>Influence of attitude and expectation on moods and symptoms during cold weather military training</title> <excerpt>The present study examined the influence of the following: 1) air temperature, 2) day into training, 3) self rating of life stress, 4) rating of relative warmth in cold weather, and 5) expectation for liking cold weather training, on 59 soldiers' self-reports of illness and mood during 3 days of training in the cold (-18° to 0°C range). Mood was assessed on six domains of the Profile of Mood States rating scale, and symptoms of illness were assessed on 5 domains of the Environmental Symptoms Questionnaire.</excerpt>""]"
48,13,48_treatment fear flying_flying phobia_phobic fear flying_anxiety flying,"['treatment fear flying', 'flying phobia', 'phobic fear flying', 'anxiety flying', 'background fear flying', 'flight anxiety', 'excessive anxiety flying', 'flight phobics', 'fear flying', 'passenger fear flying']","['<title>Does yohimbine hydrochloride facilitate fear extinction in virtual reality treatment of fear of flying? a randomized placebo-controlled trial</title> <excerpt>Background: Research suggests that yohimbine hydrochloride (YOH), a noradrenaline agonist, can facilitate fear extinction. It is thought that the mechanism of enhanced emotional memory is stimulated through elevated noradrenaline levels.</excerpt>', '<title>A novel treatment of fear of flying using a large virtual reality system</title> <excerpt>Background: Fear of flying (FoF), a common phobia in the developed world, is usually treated with cognitive behavioral therapy, most efficiently when combined with exposure methods, eg, virtual reality exposure therapy (VRET). We evaluated FoF treatment using VRET in a large motion-based VR system.</excerpt>', '<title>Covariation bias in flight phobics</title> <excerpt>Covariation estimates (CEs) between fear-relevant (FR) stimuli (slides of airplane crash sites) or fear-irrelevant (FI) stimuli (slides of airplanes in flight or mushrooms) and an aversive outcome (electrical shock)were examined in 15 flight phobics (high-fear participants) and 15 non-flight- phobic individuals (low-fear participants) by means of an illusory correlation experiment. In spite of a random relationship between all slide categories and outcome (illusory correlation), flight phobics exhibited a covariation bias and showed higher CEs for the contingency between FR slides and shocks than for the contingency between FI slides and shocks in a first experimental block.</excerpt>', '<title>Behavior therapy and the treatment of flight phobia</title> <excerpt>Research since 1960 was reviewed to compare the relative efficacy of behavior therapy and other therapy modalities in the treatment of flight phobias in trained military aircrew, commercial flight crews, and civilian air travellers. Results indicated that treatment programs involving behavior therapy techniques appeared to have a higher success rate than treatment programs not involving these techniques, especially in cases of focal fear with acute onset under stressful conditions.</excerpt>', '<title>The treatment of fear of flying: A controlled study of imaginal and virtual reality graded exposure therapy</title> <excerpt>The goal of this study was to determine if virtual reality graded exposure therapy (VRGET) was equally efficacious, more efficacious, or less efficacious, than imaginal exposure therapy in the treatment of fear of flying. Thirty participants (Age = 39.8 ± 9.7) with confirmed DSM-IV diagnosis of specific phobia fear of flying were randomly assigned to one of three groups: VRGET with no physiological feedback (VRGETno), VRGET with physiological feedback (VRGETpm), or systematic desensitization with imaginal exposure therapy (IET).</excerpt>']"
49,13,49_astronaut selection introduction_astronaut effectiveness_astronaut selection_predicting astronaut effectiveness,"['astronaut selection introduction', 'astronaut effectiveness', 'astronaut selection', 'predicting astronaut effectiveness', 'astronaut applicants', 'selection astronaut', 'psychological select criteria', 'astronaut candidates', 'peer evaluation seasickness', 'psychiatric interview']","['<title>A comparison of three criteria of aircrew effectiveness in combat over Korea</title> <excerpt>This paper reports a study of three criteria of the performance of 94 B-29 aircrews which flew combat missions over Korea during the period March-September, 1951. The criteria were: (1) ratings by superiors of the performance of crews as units; (2) sociometric nominations from crew members; and (3) objective records of combat bombing accuracy.</excerpt>', '<title>Personality Characteristics and Trait Clusters in Final Stage Astronaut Selection</title> <excerpt>Introduction: This paper presents personality testing data from final stage applicants to the NASA astronaut program. Questions addressed include whether personality predicted final selection into the astronaut corps, whether women and men demonstrated typical gender differences in personality, and whether three characteristic clusters found in other high performance populations replicated in this group.</excerpt>', ""<title>Assessment of seasickness and its consequences by a method of peer evaluation</title> <excerpt>A Seasickness Questionnaire, based on a peer rating technique, was administered to 172 Israeli Navy sailors. Use of interrater agreement as a reliability index and 2 cutoff points for the partition of the sample resulted in the elimination of about 1/3 of the initial sample and the formation of 2 subsamples: the 'sick' (N = 45) and 'not sick' (N = 73) sailors.</excerpt>"", ""<title>Psychiatric diagnoses in a group of astronaut applicants</title> <excerpt>Between 1959 and 1987, the psychiatric evaluation of astronaut candidates evolved from a 30-h intensive examination evaluating applicants for psychopathology, and studying their performance under stress, to a 2-h clinical interview whose structure and contents were determined by the individual examiner. Evaluations done during these years applied both psychiatric (or, ''select-out'') criteria and psychological (or, ''select-in'') criteria.</excerpt>"", ""<title>Astronaut psychiatric selection procedures: A Japanese experience</title> <excerpt>This paper presents the results of the first application of a structured NASA psychiatric interview for Japanese astronaut selection. We undertook a semi-structured, diagnostic, clinical psychiatric interview with 45 Japanese astronaut applicants for the position of mission specialist-astronaut, and performed 'select-out' psychiatric evaluations according to DSM-III-R psychiatric diagnostic criteria.</excerpt>""]"
50,12,50_aircraft sound vibration_passengers pleasant acoustic_aircraft noise_aircraft sound,"['aircraft sound vibration', 'passengers pleasant acoustic', 'aircraft noise', 'aircraft sound', 'nocturnal aircraft noise', 'interior aircraft sound', 'passenger comfort', 'noise inside cockpit', 'parameters cabin noise', 'passenger comfort highly']","['<title>Being in Control of Noise Levels Improves the Perception of Airplane Seat Comfort</title> <excerpt>The aviation industry is constantly making compromises when designing comfortable airplane cabins. Providing passengers with a pleasant acoustic environment without adding weight to the cabin structure is a field of tension that challenges cabin interior designers.</excerpt>', '<title>An Alternative Method for Identifying a Failed Engine in Twin-Engine Propeller Aircraft</title> <excerpt>Twin-engine propeller aircraft accidents occur due to mechanical reasons as well as human error, such as misidentifying a failed engine. This paper proposes a visual indicator as an alternative method to the dead leg-dead engine procedure to identify a failed engine.</excerpt>', '<title>Space and motion perception and discomfort in air travel</title> <excerpt>Introduction: The perception of comfort during air trips is determined by several factors. External factors like cabin design and environmental parameters (temperature, humidity, air pressure, noise, and vibration) interact with individual characteristics (anxiety traits, fear of fl ying, and personality) from arrival at the airport to landing at the destination.</excerpt>', '<title>Seat vibration in military propeller aircraft: Characterization, exposure assessment, and mitigation</title> <excerpt>Introduction: There have been increasing reports of annoyance, fatigue, and even neck and back pain during prolonged operation of military propeller aircraft, where persistent multi-axis vibration occurs at higher frequencies beyond human whole-body resonance. This paper characterizes and assesses the higher frequency vibration transmitted to the occupants onboard these aircraft.</excerpt>', '<title>Impact of sound and vibration on health, travel comfort and performance of flight attendants and pilots</title> <excerpt>Noise and vibration affect flight attendants and pilots at their workplace in cabin and cockpit, respectively, besides numerous other physical environmental parameters, eg air quality, draft, temperature distribution, humidity, glare. Additionally, the physiological setting and psychological attitude modulate the impact of environmental parameters.</excerpt>']"
51,12,51_physiological stress responses_pilots neuroendocrine responses_personnel preparation combat_physiological responses imposed,"['physiological stress responses', 'pilots neuroendocrine responses', 'personnel preparation combat', 'physiological responses imposed', 'psychophysiological response air', 'pilots neuroendocrine', 'stress tolerance', 'physical conditioning regimens', 'physical conditioning', 'physical conditioning tolerance']","['<title>Effects of domestic stress upon flying proficiency</title> <excerpt>A single case psychometric study of an airline pilot is presented in the context of previous nomothetic group studies of flying personnel. The evaluation continued over an 18 mth period, and consisted of psychological testing, laboratory investigations of physiological responses to imposed stress, and inflight assessment of psychophysiological functioning.</excerpt>', '<title>The influence of differential physical conditioning regimens on simulated aerial combat maneuvering tolerance</title> <excerpt>The influence of physical conditioning on tolerance to a centrifugation profile called the Simulated Aerial Combat Maneuvering (SACM) was determined using 24 young men as subjects. These subjects were assigned to groups as controls (no physical training, C), runners (R), and weight trainers (W).</excerpt>', '<title>Psychophysiological response of air mobile protection teams in an air accident manoeuvre</title> <excerpt>Different extreme contexts elicit a stress response on human body, specifically on combat produces an increase of sympathetic nervous system and a direct effect on the organic response. This research aimed to study the psychophysiological response of an air security force in a simulated air accident in a hostile area and its subsequent subterfuge to a safe area.</excerpt>', '<title>Physiological, biochemical, and psychological responses to environmental survival training in the Royal Australian Air Force</title> <excerpt>Military environmental survival training (EST) is designed and considered to evoke significant stressors to military personnel in preparation for combat-like scenarios. The aim of this study was to observe and report selected physiological, biochemical, psychological, and performance responses to this intense 15-day program of Royal Australian Air Force (RAAF) EST.</excerpt>', '<title>Relation of post-traumatic stress disorder symptom severity to the efficacy of an animal-assisted intervention for stress reduction after military aeromedical evacuation</title> <excerpt>Animal-assisted interventions (AAIs) have been found to decrease stress in some settings, but it is not known if AAI is feasible in an aeromedical staging facility or effective in reducing stress following aeromedical evacuation (AE) of military personnel. An experimental design was used to evaluate the efficacy of AAI at reducing stress in AE military patients (N = 120).</excerpt>']"
52,12,52_space flight psychological_space flights psychological_space crews psychological_space psychology crew,"['space flight psychological', 'space flights psychological', 'space crews psychological', 'space psychology crew', 'space crew performance', 'astronaut capability', 'deleterious effect astronaut', 'effects space flight', 'flights psychological effects', 'flight psychological compatibility']","['<title>Psychological compatibility on Earth and in outer space</title>', '<title>Effectiveness of space crew performance subsequent to sudden sleep arousal.</title>', '<title>Crew interaction during a thirty-day simulated space flight: preliminary study.</title>', '<title>Implementing human factors training for space crews.</title> <excerpt>Psychological aspects of long-term space flight are explored. European and U.S.</excerpt>', '<title>Deleterious effect on astronaut capability of vestibulo-ocular disturbance during spacecraft roll acceleration.</title>']"
53,12,53_pilots understanding aviation_pilot weather reports_pilots understanding_pilots traditionally consulted,"['pilots understanding aviation', 'pilot weather reports', 'pilots understanding', 'pilots traditionally consulted', 'understanding aviation', 'pilots varying experience', 'pilots weather', 'aviation weather', 'pilot weather', 'general aviation']","['<title>How Do General Aviation Pilots Choose Their Route When Flying in Complex Airspace?</title> <excerpt>Objective: This study is an analysis of the planning of general aviation (GA) pilots and its impact on airspace infringements. Background: Past studies identified the contribution of inadequate flight planning to airspace infringements in Europe, but without any discussion relating to the processes involved and their shortcomings.</excerpt>', '<title>Landing Flare Accident Reports and Pilot Perception Analysis</title> <excerpt>This study examined flare accident rates and probable causes for improper flares. Measures included the analysis of 6,676 aircraft accident reports published by the National Transportation Safety Board and a 21-item perception questionnaire administered to 134 pilots with varying experience levels.</excerpt>', '<title>Assessing General Aviation Pilots’ Understanding of Aviation Weather Products</title> <excerpt>Objective: The objective of this article was to develop a written examination to assess general aviation (GA) pilots’ understanding of aviation meteorology products. Background: Although the number of accidents in GA flight continues to decrease over time, one troubling situation is when pilots encounter hazardous weather.</excerpt>', '<title>Pilots as Weather Briefers: The Direct Use of Aviation Weather Products by General Aviation Pilots</title> <excerpt>When planning a flight, pilots have traditionally consulted with trained weather briefers who gather, select, review, and to some extent interpret aviation weather products for them. Today, pilots can directly access these same weather products from their own computers, aircraft cockpits, and mobile devices, and choose to skip the services offered by weather briefers.</excerpt>', '<title>Crosswind landings in general aviation: A modified method of reporting wind information to the pilot</title> <excerpt>Crosswind conditions are a contributory factor in many general aviation landing incidents and accidents. In an online survey, it was observed that 98% of respondents either failed to or could not accurately calculate the runway crosswind component from air traffic control (ATC) reports passed using the International Civil Aviation Organization (ICAO) standard phraseology; the majority of pilots also severely underestimated the crosswind strength.</excerpt>']"
54,12,54_antarctic expeditions_antarctic_antarctic station_australian antarctic,"['antarctic expeditions', 'antarctic', 'antarctic station', 'australian antarctic', 'antarctica', 'arctic expedition', 'polar expeditions', 'personality traits', 'traits personal values', 'arctic']","['<title>Individual traits, personal values, and conflict resolution in an isolated, confined, extreme environment</title> <excerpt>BACKGROUND: The study of personality traits, personal values, and the emergence of conflicts within groups performing in an isolated, confined, and extreme environment (ICE) may provide insights helpful for the composition and support of space crews for long duration missions. METHODS: Studied pre/post and over the 2-yr period of the investigation were 10 Danish military personnel deployed to stations in Greenland on a 26-mo staggered rotation.</excerpt>', '<title>Antarctic culture: 50 Years of antarctic expeditions</title> <excerpt>Background: Analyses of data collected on returned Australian Antarctic personnel were conducted to examine links between personality traits, perceptions of Antarctic station culture, and perceptions of subjective fit with Antarctic station life and culture. Methods: Participants were 103 men who participated in Australian National Antarctic Research Expeditions (ANARE) over a 50-yr period from 1950 to 2000 representing the first 50 yr of ANARE and all positions and occupations included in Australian Antarctic expeditions.</excerpt>', '<title>Predictors of behavior and performance in extreme environments: The antarctic space analogue program</title> <excerpt>Background: To determine which, if any, characteristics should be incorporated into a select-in approach to screening personnel for long- duration spaceflight, we examined the influence of crewmember social/demographic characteristics, personality traits, interpersonal needs, and characteristics of station physical environments on performance measures in 657 American men who spent an austral winter in Antarctica between 1963 and 1974. Methods: During screening, subjects completed a Personal History Questionnaire which obtained information on social and demographic characteristics, the Deep Freeze Opinion Survey which assessed 5 different personality traits, and the Fundamental Interpersonal Relations Orientation- Behavior (FIRO-B) Scale which measured 6 dimensions of interpersonal needs.</excerpt>', '<title>Cross-cultural differences in psychosocial adaptation to isolated and confined environments</title> <excerpt>Introduction: Differences in patterns of psychosocial adaptation under conditions of prolonged isolation and confinement in Antarctica were examined to determine the extent to which they were influenced by national culture in general and the individualist-collectivist orientation of national cultures in particular. Methods: The Profile of Mood States and measures of structural and functional social support were administered over an 8-mo period (March through October) to 13 winter-over crews from 5 nations operating research stations in the Antarctic: United States (3 crews, n = 77), Poland (3 crews, n = 40), Russia (3 crews, n = 34), China (3 crews, n = 40), and India (1 crew, n = 26).</excerpt>', '<title>Individual attributes, values, and goals of an all-military women antarctic expedition</title> <excerpt>BACKGROUND: While participation of women in the military has increased, research on performance of female teams engaged in arduous physical activity in isolated, confined, and extreme (ICE) environments remains sparse. METHODS: A team of six British military women completed the Multidimensional Personality Questionnaire-Brief Form, Triarchic Psychopathy Measure, and Personal Values Questionnaire (PVQ) prior to embarking on an expedition that traversed the Antarctic continent.</excerpt>']"
55,12,55_workload assessment_observed workload analysis_mental workload assessments_mission mental workload,"['workload assessment', 'observed workload analysis', 'mental workload assessments', 'mission mental workload', 'mental workload physiological', 'observed workload proposed', 'mental workload', 'workload mental', 'observed workload', 'mental workload divided']","['<title>A psychophysiological assessment of operator workload during simulated flight missions</title> <excerpt>Previous research has indicated that components of the event-related potential (ERP) may be used to quantify the resource requirements of complex cognitive tasks. The present study was designed to explore the degree to which these results could be generalized to complex, real-world tasks.</excerpt>', ""<title>Development and Proof of Concept of a Predictive Model of Flight Deck Cognitive Workload</title> <excerpt>Workload can be regarded as the 'cost' (in information processing terms) of performing a given flight task. Predictive models of workload are valuable at the early stages of system design to identify potentially excessive demands on the human operator before major system development commences.</excerpt>"", '<title>Lessons Learned in Applying Simulators to Crewstation Evaluation</title> <excerpt>As crewstations have become more sophisticated, crewstation designers have tried to evaluate them earlier in their development (to minimize design changes) and in simulators (to minimize evaluation costs). However, selecting the simulator lo use during evaluation is driven more by simulator usage costs and availability than by an analysis of the simulator features needed for an effective crcwslation evaluation.</excerpt>', '<title>Role of Multiple Resources in Predicting Time-Sharing Efficiency: Evaluation of Three Workload Models in a Multiple-Task Setting</title> <excerpt>The goal of our study was to assess the validity of the assumptions underlying three prominent workload models: the Time-Line Analysis and Prediction workload model (Parks & Boucek, 1989), the VACP workload model (Aldrich, Szabo, & Bierbaum, 1989), and the W/INDEX model (North & Riley, 1989). Sixteen subjects flew a low-fidelity flight simulation.</excerpt>', '<title>Introducing a subject matter expert-based utility analysis approach to assessing the utility of organizational interventions such as crew resource management training</title> <excerpt>Utility analysis is a series of statistical procedures used to quantify the fiscal gains accrued from implementing human resource management interventions (eg, training programs) over their associated costs. Although empirical evaluation studies are typically used to generate the required utility parameters, particular circumstances might make it difficult if not impossible to conduct such studies.</excerpt>']"
56,12,56_aerospace medicine history_aerospace medicine_research aerospace medicine_cases aerospace medicine,"['aerospace medicine history', 'aerospace medicine', 'research aerospace medicine', 'cases aerospace medicine', 'space medicine terrestrial', 'month aerospace medicine', 'aerospace medicine monkey', 'medicine terrestrial healthcare', 'russian space medicine', 'physiology aviation aerospace']","[""<title>Cases from the aerospace medicine residents' teaching file: #6</title>"", '<title>Using the Possibilities of Russian Space Medicine for Terrestrial Healthcare</title>', '<title>Tsai Chiao: The founder of physiology and aviation, aerospace and navigation medicine in China</title>', '<title>This month in Aerospace medicine history--October 2004.</title>', '<title>Year-long medico-engineering experiment in a partially closed ecological system.</title>']"
57,11,57_ethical concerns_ethical dilemma_obligations americans disabilities_ethical,"['ethical concerns', 'ethical dilemma', 'obligations americans disabilities', 'ethical', 'myspace ethical dilemma', 'myspace ethical', 'american psychological association', 'psychological association', 'psychologists', 'population ethical manner']","[""<title>How should employer respond to pilot's HIV medicine?</title> <excerpt>A hypothetical case involving an HIV-positive airline pilot taking Marinol to increase his diminished appetite is presented. The legal obligations under the Americans with Disabilities Act (ADA) are discussed and debated by a management attorney and a senior attorney adviser with the Equal Employment Opportunity Commission (EEOC).</excerpt>"", ""<title>Four models of family interests</title> <excerpt>In this article, I distinguish between 4 models for thinking about how to balance the interests of parents, families, and a sick child: (1) the oxygen mask model; (2) the wide interests model; (3) the family interests model; and (4) the direct model. The oxygen mask model - which takes its name from flight attendants' directives to parents to put on their own oxygen mask before putting on their child's - says that parents should consider their own interests only insofar as doing so is, ultimately, good for the sick child.</excerpt>"", '<title>Statements in disability application become issue in HIV firing.</title> <excerpt>A California appeals court heard oral arguments on whether a worker forced out of a job can still sue his employer for HIV discrimination after applying for disability benefits. The case involved a Wells Fargo bank employee, Anthony Bell, who received accommodations from his manager at the bank, but was forced out of a job when a new manager revoked his working arrangements.</excerpt>', '<title>""MySpace"" or yours? The ethical dilemma of graduate students\' personal lives on the internet</title> <excerpt>The booming popularity of the Internet, and particularly increasing use of personal Web sites, social networking sites, and blogging, raises questions regarding the ethical use of psychology graduate students\' personal online information for academic purposes. Given rising controversies such as use of such information to screen applicants, I refer to the principles and standards of the Ethics Code of the American Psychological Association (2002) to examine ethical concerns associated with graduate students\' personal information on the Internet, namely, the protection of privacy, use of informed consent, consideration of autonomy, and implications for students\' clinical work.</excerpt>', ""<title>Discriminatory referrals: Uncovering a potential ethical dilemma facing practitioners</title> <excerpt>An ethical dilemma exists regarding client referral. Standards 2.01(b) (Boundaries of Competence) and 3.01 (Unfair Discrimination) of the American Psychological Association's Ethical Principles of Psychologists Code of Conduct provide psychologists with contradictory reasons to take possibly conflicting and incompatible courses of action when considering whether to refer a client.</excerpt>""]"
58,11,58_patient safety_models safety culture_safety culture_nurses safe,"['patient safety', 'models safety culture', 'safety culture', 'nurses safe', 'peer support aviation', 'reliability organizations', 'high reliability organizations', 'nurse protect practice', 'method broad safety', 'nurse protect']","['<title>The acceptance of CIRS among orthopedic and trauma surgeons in Germany—Significant gap between positive perception and actual implementation in daily routine</title> <excerpt>Purpose: Medical errors are the third leading cause of death in the United States after malignant tumors and cardiovascular disease. Handling of errors becomes more and more eclectic due to the implementation of incident reporting systems and the use of checklists.</excerpt>', '<title>Overcoming barriers to patient safety</title> <excerpt>▶ The IOM Report Keeping Patients Safe outlined five trouble spots leading to patient safety concerns on nursing units: unclear unit values, the fear of punishment for errors, the lack of systematic analysis of mistakes, the complexity of the work, and inadequate teamwork. ▶ When observing high reliability organizations (HROs), like air traffic control centers or nuclear power plants, a ""culture of safety"" transcends the culture and operations to manage unexpected events in a manner that minimizes fatal errors.</excerpt>', '<title>Competency-Based Peer Support in Aviation: A Framework for Training Peers Within Peer Support Programs</title> <excerpt>In July 2018, the European Union Aviation Safety Agency (2018) issued Regulation (EU) 2018/1042, now (EU) 2020/745, which required all commercial air transport operators to implement a support program by February 14, 2021. This was initially aimed at pilots and formed part of the recommendations made after the pilot murder-suicide crash of Germanwings flight 9525 in March 2015.</excerpt>', '<title>Protect the nurse, protect the practice: Effective communication is the foundation for keeping nurses safe</title> <excerpt>Every year around Nurses Week, Dr. Rhonda Collins, DNP, RN, FAAN, Chief Nursing Officer for Vocera Communications, publishes a report examining important issues that impact the nursing profession worldwide.</excerpt>', '<title>Building a viable flight risk assessment process in business jet operations: Selecting a risk assessment tool, setting baselines, trigger & mitigation points</title> <excerpt>In November 2006, The International Civil Aeronautics Organization (ICAO) issued a mandate for all member nations to set a state standard for all aviation service companies to have integrated safety management systems (SMS) in place by 2009. The FAA issued an advisory circular (AC120-92A) in 2010 addressing this issue.</excerpt>']"
59,11,59_work related stress_potential occupational stressors_pilots effects wellbeing_occupational stress,"['work related stress', 'potential occupational stressors', 'pilots effects wellbeing', 'occupational stress', 'related stress', 'psychological health pilots', 'occupational stress social', 'related stress wrs', 'pilots cope frequently', 'coping stress']","['<title>Pilot Work Related Stress (WRS), Effects on Wellbeing and Mental Health, and Coping Methods</title> <excerpt>Objective: The objective of this study is to investigate the relationship between sources of work-related stress (WRS) for pilots, effects on wellbeing, and coping mechanisms. Background: Recent studies have measured depression levels in pilots but not the relationship between depression levels and coping strategies.</excerpt>', '<title>Interventions to support the management of work-related stress (WRS) and wellbeing/mental health issues for commercial pilots</title> <excerpt>Research indicates that sources of work-related stress (WRS) impact on the physical, social, and psychological health of pilots. Furthermore, specific features of the job can increase a pilot’s risk in relation to developing a mental health (MH) issue.</excerpt>', ""<title>The psychological health and stress of pilots in a labor dispute</title> <excerpt>This study investigated the psychological stress and psychiatric symptomatology in a representative sample of pilots involved in a labor dispute with management. Standardized epidemiological psychometric instruments revealed that one quarter of the piltos could be labelled 'psychologically at risk' showing elevated symptoms of anger-hostility, paranoia, and obsessive-compulsiveness.</excerpt>"", '<title>The stress of work: An overview</title> <excerpt>This paper looks at a number of potential occupational stressors found to predict job dissatisfaction and ill health (both mental and physical) in a variety of different occupational settings. Factors intrinsic to the nature of the job, role ambiguity and conflict, poor relationships at work, lack of career development, inadequate organisation structure/climate, and problems associated with the interface between work and homelife are the focal points of attention.</excerpt>', '<title>Coping with stress, control of emotions and biochemical markers as a common protective element in the inflammatory response to stress</title> <excerpt>Aim. Based on a comprehensive approach to the problem of stress, we have decided to evaluate all components of a stress response – immunological (IL-1, IL-2, IL-6, IL-10, CRP, TNF-alpha) and hormonal one (CRH, ACTH), as well as to evaluate the psychological indicators of stress, coping with stress, and controlling emotional reactions as psychological markers that predispose to the most beneficial adaption in relation to stressors affecting flight personnel taking part in peace missions abroad.</excerpt>']"
60,11,60_pilot training evaluation_pilot personality traits_pilot errors analyzing_pilot performance breakdown,"['pilot training evaluation', 'pilot personality traits', 'pilot errors analyzing', 'pilot performance breakdown', 'pilot performance decade', 'pilot performance emotional', 'performance civilian flight', 'pilot cadets objective', 'predictor performance civilian', 'personnel reliability validity']","['<title>A new approach for prioritising personality traits causing pilot error</title> <excerpt>Pilot personality traits are among the most critical risk factors contributing to human error in aviation. This study proposes an integrated approach that combines a risk assessment matrix and the analytic hierarchy process (AHP) to prioritise personality traits leading to pilot errors.</excerpt>', '<title>Hybrid Human Error Assessment Approach for Critical Aircraft Maintenance Practice in the Training Aircraft</title> <excerpt>Objective: In this study, a hybrid human error assessment (HHEA) approach is proposed to determine the probability of aircraft maintenance technician (AMT) error occurring during aircraft repair. Background: The human error assessment and reduction technique (HEART) is the first-generation empirical human reliability analysis (HRA) approach.</excerpt>', '<title>Time to Solo as a Predictor of Performance in Civilian Flight Training</title> <excerpt>Civilian and military flight schools have long used the amount of time needed to solo as a benchmark for students. The researcher used regression analysis of student training records to see whether the amount of time a student needed to solo could predict the time needed to earn a private pilot license or the ability to pass the private pilot checkride on the first try.</excerpt>', '<title>The selective-listening task as a test for pilots and air traffic controllers</title> <excerpt>This study evaluates the selective-listening task (SLT) originally developed by Gopher and Kahneman (1971). A brief analysis of the abilities measured by the SLT is presented, and investigations involving Royal Netherlands Air Force aviator applicants and Royal Netherlands Navy air traffic control applicants are reported.</excerpt>', '<title>Meta-Analysis of Age and Student Air Traffic Controller (ATCO) Training Outcomes</title> <excerpt>Some air navigation service providers (ANSPs) set a maximum age for entry into the air traffic controller (ATCO) occupation. Are such rules justified by empirical evidence? A recent meta-analysis of four studies reported no relationship between age at entry and training outcomes.</excerpt>']"
61,11,61_longevity military pilots_diseases civil aviation_male usaf aviator_usaf aviator,"['longevity military pilots', 'diseases civil aviation', 'male usaf aviator', 'usaf aviator', 'cardiovascular disease', 'hypertension', 'male usaf', 'longevity military', 'chronic kidney disease', 'cardiovascular']","[""<title>Longevity in military pilots: 37-year followup of the Navy's '1000 aviators'</title> <excerpt>The 37-year nonmilitary mortality rate for initially healthy aviators was determined in a followup grogram on the U.S.Navy's '1000 Aviator' cohort. Of the 800 survivors of World War II and the Korean conflict, 95 were found to have died from nonmilitary causes over this followup period.</excerpt>"", '<title>Serum cholesterol levels in selected air force cadets compared with levels in the West Point study</title> <excerpt>In the USAFSAM Cardiovascular Disease Followup Study, the surprising rise in average cholesterol levels in West Point cadets during the 6 years following their entry into the U.S. Military Academy in 1952 implied a significant increase in risk of heart disease in later years.</excerpt>', '<title>Treatment of essential hypertension with yoga relaxation therapy in a USAF aviator: A case report</title> <excerpt>A 46-year-old Caucasian male USAF aviator with a 6-year history of mild essential hypertension (medical waiver for flight duty) under unsuccessful treatment with hydrochlorothiazide, dietary modification, and exercise, was subsequently trained in yoga relaxation. After 6 weeks, medication had been discontinued, and his diastolic blood pressure remained within normal levels.</excerpt>', '<title>Long-term predictive models of risk factors for early chronic kidney disease: A longitudinal study</title> <excerpt>Background: The high incidence and prevalence of chronic kidney disease (CKD) in Taiwan have produced tremendous burdens on health care resources. The work environment of air force special operations personnel engenders high psychological stress, and the resulting increased blood pressure can lead to glomerular hypertension and accelerated glomerular injury in the long term.</excerpt>', '<title>Biochemical screening of airmen</title> <excerpt>Starting in 1983, biochemical and hematological screening, including hemoglobin, hematocrit, mean cell volume, mean red cell hemoglobin concentration, white blood cell count, ESR, serum creatinine, cholesterol, triglyceride, ASAT (SGOT), ALAT (SGPT), G-GT and blood glucose, was performed in all Icelandic captains, copilots, flight engineers, and air traffic controllers. No hematological abnormalities were observed.</excerpt>']"
62,10,62_individual differences skill_sustained attention response_cognitive effort_adaptive task performance,"['individual differences skill', 'sustained attention response', 'cognitive effort', 'adaptive task performance', 'error encouragement training', 'self control', 'cognitive resource', 'encouragement training', 'self regulation', 'subjective cognitive effort']","['<title>An examination of the dynamic relationship between self-efficacy and performance across levels of analysis and levels of specificity</title> <excerpt>This research used resource allocation theory to generate predictions regarding dynamic relationships between self-efficacy and task performance from 2 levels of analysis and specificity. Participants were given multiple trials of practice on an air traffic control task.</excerpt>', '<title>The Role of State and Trait Self-Control on the Sustained Attention to Response Task</title> <excerpt>Objective: This study aimed to assess the plausibility of self-control depletion, or ego-depletion, as the underlying cognitive resource responsible for performance decrements on the sustained attention to response task. Background: Researchers suggested that self-control is a limited cognitive resource used to complete a myriad of processes, including sustained attention.</excerpt>', '<title>The moderating effect of individual differences in error-management training: Who learns from mistakes?</title> <excerpt>Objective: We investigated the effectiveness of error-encouragement training and the influence of ability and personality attribute-treatment interactions using a dynamic decision-making task. Background: Error-encouragement training is said to be more effective than error-avoidance training because active exploration and error encouragement promote better learning and transfer.</excerpt>', '<title>Goal Orientations and Performance: Differential Relationships Across Levels of Analysis and as a Function of Task Demands</title> <excerpt>Goal orientation and self-regulation theories were integrated to develop a multilevel framework aimed at addressing controversies regarding the magnitude and direction of goal orientation effects on performance. In Study 1, goal orientations were measured repeatedly whilst individuals performed an air traffic control task.</excerpt>', '<title>Evaluating stress as a challenge is associated with superior attentional control and motor skill performance: Testing the predictions of the biopsychosocial model of challenge and threat</title> <excerpt>The biopsychosocial model of challenge and threat (Blascovich, 2008) suggests that individuals who evaluate a performance situation as a challenge will perform better than those who evaluate it as a threat. However, limited research has examined (a) the influence of challenge and threat evaluations on learned motor performance under pressure and (b) the attentional processes by which this effect occurs.</excerpt>']"
63,10,63_flying psychological aspects_flying psychological_operational flying psychological_flying psychology,"['flying psychological aspects', 'flying psychological', 'operational flying psychological', 'flying psychology', 'emotional suitability flying', 'combat flying psychology', 'flight instruction psychological', 'psychological factors flying', 'flying career psychological', 'flying personnel anxiety']","['<title>Emotional suitability for a flying career.</title>', '<title>Psychological aspects of modern operational flying.</title>', '<title>Emotional support animals on commercial flights: a risk to allergic patients</title>', '<title>Daedalus and Icarus revisited: interpersonal aspects of flight instruction.</title>', '<title>Psychology and blood pressure in certain flying personnel</title>']"
64,10,64_monitored pilots_min visual vigilance_monitored pilots negatively_observer perception urgency,"['monitored pilots', 'min visual vigilance', 'monitored pilots negatively', 'observer perception urgency', 'monitoring task study', 'mental workload fatigue', 'negative effects pilot', 'flight deck warnings', 'older pilots communication', 'perceived workload']","['<title>Multimodal Information Presentation in Support of NextGen Operations</title> <excerpt>Objective: This study examined the effectiveness of visual, auditory, tactile, and redundant auditory-visual information presentation in the context of a medium-fidelity ‘Next Generation Air Transportation System’ (NextGen) flight simulation. Background: Data overload, especially in the visual channel, and associated breakdowns in monitoring represent a major challenge in aviation.</excerpt>', '<title>Cognition and Habit Alterations of Maintenance Crew in A-Checks for New-Generation Aircraft: The A350XWB</title> <excerpt>Background: Airlines should ensure reliable maintenance support for aircraft operations, especially when introducing new aircraft types. To realize alternations in technicians’ cognition and habit in executing routine checks is vital to identify and set training principles during starting stages of type changes.</excerpt>', '<title>Multisensory Cues for Encoding Urgency of System Hazards: Effect of Operator Experience on Perceived Urgency</title> <excerpt>Objective: This study evaluated sonification and tactification for encoding urgency of system health status presented in the ground control station (GCS) visual interface of an unmanned aircraft system (UAS), and the observer’s perception of urgency. Background: The barrage of data in the GCS visual interface has the potential to isolate the operator from detecting system hazards that threatens the ability of the operator to operate the UAS effectively.</excerpt>', ""<title>Effects of Jet Engine Noise and Performance Feedback on Perceived Workload in a Monitoring Task</title> <excerpt>This study examined the effects of exposure to intermittent jet aircraft noise (70 dBA or 95 dBA maximum intensity) and knowledge of results concerning signal detections (hit-KR) on performance efficiency and perceived workload in a 40-min visual vigilance task. The noise featured a Dopplerlike quality in which planes seemed to approach from the monitor's left and recede to the right.</excerpt>"", '<title>General Aviation Weather Alerting: The Effectiveness of Different Visual and Tactile Display Characteristics in Supporting Weather-Related Decision Making</title> <excerpt>Objective: This research analyzed the effects of weather technology interface characteristics on the quality and timeliness of weather-related decision making via mental workload and situational awareness (SA) metrics using flight training devices (FTDs) and follow-up in-flight validation testing. Background: A significant number of fatal general aviation (GA) accidents are attributable to pilots flying into instrument meteorological conditions without the necessary certification for safe operation.</excerpt>']"
65,10,65_pilots situation awareness_auditory alerts_situation awareness_pilots detect unexpected,"['pilots situation awareness', 'auditory alerts', 'situation awareness', 'pilots detect unexpected', 'pilots cockpit auditory', 'misperception situational awareness', 'inattentional deafness', 'perceived urgency auditory', 'auditory warning', 'pilots detect']","['<title>Measuring individual and team situation awareness during planning tasks in training of en route air traffic control</title> <excerpt>The situation awareness (SA) of air traffic controller (ATCO) students, including the temporal aspect of SA, was measured by means of their visual information acquisition during simulator training. The measurements were defined both at an individual level and at a team level.</excerpt>', '<title>Situation Awareness: A Critical But Ill-Defined Phenomenon</title> <excerpt>Situation awareness has recently gained considerable attention as a performance-related psychological concept This is especially true in the aviation domain where it is considered an essential prerequisite for the safe operation of the complex dynamic system “aircraft”. There are concerns, however, that inappropriately designed automatic systems introduced to advanced flight decks may reduce situation awareness and thereby put aviation safety at risk.</excerpt>', '<title>Failure to detect critical auditory alerts in the cockpit: Evidence for inattentional deafness</title> <excerpt>Objective: The aim of this study was to test whether inattentional deafness to critical alarms would be observed in a simulated cockpit. Background: The inability of pilots to detect unexpected changes in their auditory environment (eg, alarms) is a major safety problem in aeronautics.</excerpt>', ""<title>Auditory alerts: An intelligent alert presentation system for civil aircraft</title> <excerpt>The principal role of the auditory interface on civil aircraft is to inform pilots of dangerous or potentially dangerous system states. Efficient alerts provide information that is uniquely identifiable with one aspect of the aircraft's behavior and do not form a nuisance by being too intrusive and overly persistent.</excerpt>"", '<title>Inattentional deafness to auditory alarms: Inter-individual differences, electrophysiological signature and single trial classification</title> <excerpt>Inattentional deafness can have deleterious consequences in complex real-life situations (eg healthcare, aviation) leading to miss critical auditory signals. Such failure of auditory attention is thought to rely on top-down biasing mechanisms at the central executive level.</excerpt>']"
66,10,66_pain military aircrew_pilots conventional therapy_airsickness management_behavioral airsickness management,"['pain military aircrew', 'pilots conventional therapy', 'airsickness management', 'behavioral airsickness management', 'air force student', 'student fighter pilots', 'pilot training upt', 'flight related neck', 'pain helicopter pilots', 'behavioral airsickness']","['<title>Behavioral airsickness management program for student pilots</title> <excerpt>The management of recurrent airsickness in student pilots has traditionally involved positive reinforcement of motivation and limited use of medication. The Behavioral Airsickness Management (BAM) program seeks to establish an effective behavioral and cognitive intervention format for managing airsickness symptoms.</excerpt>', '<title>Physiological and psychological characteristics of successful combat controller trainees.</title> <excerpt>The United States Air Force (USAF) Combat Controller (CCT) training pipeline is extremely arduous and historically has an attrition rate of 70-80%. The primary objective of this study was to identify the physiological, psychological, or demographical characteristics associated with successful progression through the CCT pipeline program.</excerpt>', '<title>Biofeedback rehabilitation of airsick aircrew</title> <excerpt>The biofeedback treatment of 20 aircrew, disabled by chronic severe airsickness, is reported. The USAF School of Aerospace Medicine (SAM) Airsick Rehabilitation Program requires careful selection to insure high motivation and thorough medical screening to rule out intercurrent medically disqualifying conditions.</excerpt>', '<title>Development of a patient-reported outcome measure for neck pain in military aircrew: Qualitative interviews to inform design and content</title> <excerpt>Introduction The prevalence of flight-related neck pain is 70% in UK fast jet pilots; much higher than the general population. The Aircrew Conditioning Programme and direct access physiotherapy exist to minimise the impact on military capability, but a population specific patient-reported outcome measure (PROM) is required to investigate the effectiveness of these.</excerpt>', '<title>Evaluating the Impact of a Spine Training Program on Air Force Student Fighter Pilots</title> <excerpt>Introduction: A 2022 survey conducted by Headquarters Air Combat Command Aircrew Performance Branch found that 98% of fighter aircrew reported flight-related neck pain during their career. Despite the high prevalence of neck pain and growing operational demands, there remains no consensus regarding best practices for mitigating aircrew pain and injury.</excerpt>']"
67,10,67_performance training_performance training complex_examining transfer training_task training,"['performance training', 'performance training complex', 'examining transfer training', 'task training', 'training principles', 'training using', 'indicated training effectiveness', 'numerous training principles', 'performance training intervention', 'training complex']","[""<title>Dynamic task selection in flight management system training</title> <excerpt>The effects of 3 task selection methods on test performance and training efficiency in a computer-based flight management system (FMS) training were investigated. A fixed condition was compared to a learner control condition and a condition using the participants' self-rated performance and mental effort.</excerpt>"", ""<title>From healy's training principles to training specifications: The case of the comprehensive LOFT</title> <excerpt>Alice Healy has dedicated much of her work to questions of skill acquisition, retention, and transfer. In the process, she has come to identify numerous training principles that have been shown to promote the acquisition, retention, and transfer of knowledge and skills in laboratory studies.</excerpt>"", '<title>Analyzing components of work samples to evaluate performance</title> <excerpt>A method is described in which work sample data were analyzed to reveal how aircraft maintenance technicians differed in troubleshooting performance after a training intervention. During the training phase of the study, approximately half the technicians received troubleshooting instruction from an intelligent tutoring system, and the remaining technicians received informal on-the-job training.</excerpt>', '<title>Enhancing Transfer of Training: Using Role-Play to Foster Teamwork in the Cockpit</title> <excerpt>Role-plays serve a unique purpose in providing practice and feedback for aircrew team development training in the classroom. When compared with other training strategies, role-play provides targeted practice and feedback of specific behaviors at low cost, with the trade-off being the amount of fidelity it provides.</excerpt>', '<title>Resolving Problems With the Skill Retention Literature: An Empirical Demonstration and Recommendations for Researchers</title> <excerpt>Questions about the degree of retention and decay for procedural skills, once acquired but not used for a period of time, have been raised repeatedly in basic and applied research. Despite widespread interest and numerous empirical investigations, definitive answers to the question “How much skill is retained after a period of disuse?” remain elusive.</excerpt>']"
68,10,68_nurse military experience_armed forces pain_stoical service personnel_military experience,"['nurse military experience', 'armed forces pain', 'stoical service personnel', 'military experience', 'military sense', 'nurse military', 'nurse prevent dehumanization', 'military experience author', 'military sense patriotism', 'subtle psychological']","['<title>Counseling of emotional blocking in an aviator</title> <excerpt>This is a case report of counseling which revealed the cause of emotional blocking of a failing pilot trainee and enabled him to cope with the repressed and displaced father-hatred. Although ""washed out"" soon after counseling started, the boy has adjusted as an aviation machinist\'s mate and is now more likely to succeed as a pilot when he gets another chance.</excerpt>', '<title>No pain, no gain: pain behaviour in the armed forces.</title> <excerpt>Pain is a unique phenomenon that is difficult to express and is influenced by many different factors, including cultural expectations. A dichotomy exists within the British Armed Forces between pain being seen as necessary--the ""no pain, no gain"" view--and the opposite image of stoical service personnel who suppress their emotions--the ""roughie-toughie"" image.</excerpt>', '<title>Stereotype-based modulation of person perception</title> <excerpt>A core social-psychological question is how cultural stereotypes shape our encounters with other people. While there is considerable evidence to suggest that unexpected targets-such as female airline pilots and male nurses-impact the inferential and memorial aspects of person construal, it has yet to be established if early perceptual operations are similarly sensitive to the stereotype-related status of individuals.</excerpt>', ""<title>Any nurse can prevent dehumanization by the CCU experience</title> <excerpt>This presentation deals with the Air Force Nurse as a novice assigned to a CCU area and her contributions to patient care as a member of the Air Force Health Care Team. The novice nurse's contributions to the patient's care lie in her ability to manage expected behavioral responses to the CCU experience even with a basic working knowledge of normal sinus rhythm and CPR procedure.</excerpt>"", ""<title>A plastic surgical nurse's military experience</title> <excerpt>The author thanks Rachelle Springer for her great editing skills, Marcia Spear in showing how to upload in editorial manager, and Amanda Bailey for converting the pictures to JPEGs. Have you ever entertained the idea of serving in the military? Has your sense of patriotism ever made you feel some regret that you never served your country in uniform? It was this deep spirit of patriotism and my sense of adventure that moved me to take the oath of commitment and to give 22 years of my life in service to our country.</excerpt>""]"
69,10,69_work stress_workload psychophysiological stress_workload psychophysiological_psychophysiological stress,"['work stress', 'workload psychophysiological stress', 'workload psychophysiological', 'psychophysiological stress', 'occupations study psychosocial', 'psychophysiological stress symptoms', 'occupations air traffic', 'psychosocial job', 'psychophysiological stress reactions', 'job strain']","['<title>A psychosocial and biomedical comparison between men in six contrasting service occupations</title> <excerpt>A study of psychosocial job factors and physiological states was conducted using 150 men, aged between 25 and 60, working in six widely different occupations—freight handlers, aircraft mechanics, air traffic controllers, physicians, waiters and symphony musicians. The aim of the study was to characterize any differences in physiological parameters in relation to differences in psychosocial job characteristics.</excerpt>', '<title>Psychophysical conditions of air traffic controllers evaluated by the standard shiftwork index</title> <excerpt>In the ambit of a large epidemiological survey on the Italian population of air traffic controllers, an evaluation of their health conditions was carried out using the Standard Shiftwork Index (SSI). The study took into consideration 572 male air traffic controllers, aged between 23 and 59 years, of whom 301 were engaged in three large Regional Centres, 189 in thirteen Airport Towers and 82.</excerpt>', '<title>The Prospective impact of psychosocial variables on rates of illness and injury in professional employees</title> <excerpt>From a prospective study of health changes in air traffic controllers, it was determined that high scores on self-report measures of work-related life change distress, other life changes outside the worksetting, the type A behavior pattern, and dissatisfaction with management were positively related to future rates of injuries and physician-diagnosed acute illness episodes. Depending on the risk factor involved, high scorers on these psychosocial risk predictors incurred from 80% to 252% more future accidental injuries and from 38% to 69% wore future total morbidity over a 27-month follow-up period than the men in the low scoring groups.</excerpt>', '<title>Cardiovascular reactivity to work stress predicts subsequent onset of hypertension: The air traffic controller health change study</title> <excerpt>Objective: The hypothesis that increased blood pressure reactivity to stress is an early risk marker of hypertension was tested in a 1994 follow-up of the 1974 to 1978 Air Traffic Controller Health Change Study sample. Methods: Assessments in 1974 to 1978 included physical examinations and recordings (every 20 minutes for 5 hours) of both workload (planes within controller airspace) and blood pressure reactivity.</excerpt>', '<title>Changes in job strain in relation to changes in physiological state: A longitudinal study</title> <excerpt>A sample of 73 men and women aged 22-63 years and working in six different occupations (air traffic controllers, waiters, physicians, symphony orchestra musicians, baggage handlers, and airplane mechanics) participated in a longitudinal study four times during a year. The spontaneous variations in job strain (determined as the self-reported ratio between psychological demands and decision latitude) were substantial.</excerpt>']"
70,9,70_vigilance task_mindlessness vigilance performance_vigilance performance_perceived mental workload,"['vigilance task', 'mindlessness vigilance performance', 'vigilance performance', 'perceived mental workload', 'performance background vigilance', 'mindlessness vigilance', 'sustained attention response', 'operators performance vigilance', 'automation bias', 'automation bias use']","['<title>Two Short Tests Fail to Detect Vigilance Decrements</title> <excerpt>Deterioration in performance associated with decreased ability to sustain attention may be found in long and tedious task sessions. The necessity for assessing a number of psychological dimensions in a single session often demands ""short"" tests capable of assessing individual differences in abilities such as vigilance and maintenance of high performance levels.</excerpt>', '<title>Aircrews and automation bias: The advantages of teamwork?</title> <excerpt>A series of recent studies on automation bias, the use of automation as a heuristic replacement for vigilant information seeking and processing, has investigated omission and commission errors in highly automated decision environments. Most of the research on this phenomenon has been conducted in a single-person performance configuration.</excerpt>', '<title>Self-estimates of distractibility as related to performance decrement on a task requiring sustained attention</title> <excerpt>Increasing automation of air traffic control tasks may have the undesirable side effect of increased monotony as a result of the anticipated reduction in task demands. Since individuals who are unable to sustain attention under low task-load conditions would appear to be more likely to commit errors and be less able to handle a sudden emergency situation, it would seem desirable to examine the characteristics of individuals unable to sustain attention under these conditions.</excerpt>', '<title>Automation bias and errors: Are crews better than individuals?</title> <excerpt>The availability of automated decision aids can sometimes feed into the general human tendency to travel the road of least cognitive effort. Is this tendency toward ""automation bias"" (the use of automation as a heuristic replacement for vigilant information seeking and processing) ameliorated when more than one decision maker is monitoring system events? This study examined automation bias in two-person crews versus solo performers under varying instruction conditions.</excerpt>', '<title>The Sustained Attention to Response Task (SART) does not promote mindlessness during vigilance performance</title> <excerpt>Objective: In this study, we evaluated the validity of the Sustained Attention to Response Task (SART) as a means for promoting mindlessness in vigilance performance.Background: Vigilance tasks typically require observers to respond to critical signals and to withhold responding to neutral events. The SART features the opposite response requirements, which supposedly leads it to promote a mindless, non-thoughtful approach to the vigilance task To test that notion, we compared the SART to the traditional vigilance format (TVF) in terms of diagnostic accuracy assessed through decision theory measures of positive and negative predictive power (PPP and NPP), perceived mental workload indexed by the Multiple Resource Questionnaire, and oculomotor activity reflected in the Nearest Neighbor Index and fixation dwell times.Method: Observers in TVF and SART conditions monitored a video display for collision flight paths in a simulated air traffic control task.Results: Diagnostic accuracy in terms of NPP was high in both format conditions.</excerpt>']"
71,9,71_human automation_human automation teams_operation human operators_management human automation,"['human automation', 'human automation teams', 'operation human operators', 'management human automation', 'cognitive agents', 'machine cooperation', 'machine cooperation modes', 'dynamic task', 'automation teams', 'automation']","['<title>Implementing adaptive function allocation</title> <excerpt>Adaptive function allocation, in which the control of tasks dynamically shifts between humans and machines, has been proposed as an alternative to traditional static allocation, in which task control is assigned during system design and remains unchanged during operations. Understanding adaptive allocation and its effects on operator performance and workload is limited by sparse systematic research and an underdeveloped theoretical framework for implementation.</excerpt>', '<title>The cockpit as multiple activity system: A computational model for understanding situated team performance</title> <excerpt>The complex activity that takes place in airline cockpits is productively understood as cognitive action distributed across agents and technology. This article focuses on how the activities of crew members in a B-727 cockpit collectively constitute a functional unit of cognition - a team of cognitive agents who must be coordinated with each other and their task environment.</excerpt>', '<title>Respective demands of task and function allocation on human-machine co-operation design: A psychological approach</title> <excerpt>Co-operation between human operators and autonomous machines in dynamic (not fully controlled) situations implies a need for dynamic allocation of activities between the agents, in order to adapt the human-machine system to unexpected circumstances. Dynamic allocation is a way, for example, to avoid human workload peaks.</excerpt>', ""<title>The need for multisensory interfaces in support of effective attention allocation in highly dynamic event-driven domains: The case of cockpit automation</title> <excerpt>In a variety of domains, automation technology has evolved from passive tools to highly autonomous agents that can initiate actions independent of user input and without explicit operator consent. This evolution brings with it an increased need for effective human-automation communication and coordination to ensure that both agents stay informed about each others' goals, activities, and limitations.</excerpt>"", '<title>Cognitive evaluation of human-human and human-machine cooperation modes in air traffic control</title> <excerpt>An experiment is described that aimed at evaluating a principle of dynamic task allocation (DTA) of conflict resolution between aircraft in air-traffic control on a large scale simulator. It included three cognitive agents: the radar controller (RC), in charge of conflict detection and resolution; the planning controller (PC), in charge of entry-exit coordination and of workload regulation; and a conflict resolution computer system (SAINTEX), able to manage only simple conflicts.</excerpt>']"
72,9,72_necessary perceived brightness_night automatic luminance_luminance ambient_luminance ambient environment,"['necessary perceived brightness', 'night automatic luminance', 'luminance ambient', 'luminance ambient environment', 'measurement daytime displays', 'luminous efficiency', 'luminous efficiency measurement', 'measured variability color', 'automatic luminance control', 'automatic luminance']","['<title>Research and development toward automatic luminance control of electronic displays</title> <excerpt>Electronic displays in military cockpits require adjustments of luminance as the ambient environment changes from daylight to night. An automatic luminance control for electronic cockpit displays could remove the unnecessary burden of manual display adjustment.</excerpt>', '<title>Simulated night vision goggle wear and colored aftereffects</title> <excerpt>Background: Surveys of military pilots report that between 1.6% and 65% of the respondents experienced altered color vision after night vision goggle (NVG) wear. For the majority of these pilots, the aftereffect was a brownish afterimage that lasted less than 10 min.</excerpt>', '<title>Color discrimination as a function of saturation, field size, and adaptation level</title> <excerpt>The purpose of our research was to investigate color discrimination under conditions of ambient illumination that may reduce CRT display saturation and contrast. Our research measured both the variability of color matching and the offsets from a match necessary for a 100% discrimination difference.</excerpt>', '<title>Luminous efficiency and the measurement of daytime displays, signals, and visors</title> <excerpt>Purpose: Measurements concerning the usability or safety of optical equipment are based on assumptions regarding luminous efficiency. The current luminous efficiency functions are derived from human sensitivity experiments taken at low light levels compared with the outdoor day-time environment.</excerpt>', '<title>Perceived brightness of incandescent and LED aviation signal lights</title> <excerpt>Introduction: Aviation signal lights using light emitting diodes (LEDs) are commonly perceived as brighter than those using incandescent sources, even at the same measured intensity. In general, saturated colors, like those produced by LEDs, appear brighter than less saturated lights, like those produced by incandescent sources.</excerpt>']"
73,9,73_training aaf psychological_psychological research pilot_psychology graduates groups_aaf psychological testing,"['training aaf psychological', 'psychological research pilot', 'psychology graduates groups', 'aaf psychological testing', 'anxiety students', 'school psychological research', 'school psychological', 'test pilots correlates', 'motivations test pilots', 'research pilot training']","['<title>Acquisition and retention of cross-cultural interaction skills through self-confrontation.</title>', '<title>Potential Value of Educational Background Data in the Selection and Classification of Military Personnel</title>', '<title>Psychological testing/trait and group dynamics during 110-day in an isolated environment</title>', '<title>Effects of ground trainer use on the anxiety of students in private pilot training</title>', '<title>A comparison of ASTP psychology graduates with other groups in the AAF Classification School</title>']"
74,9,74_fear flying syndrome_flying syndrome fear_flying phobia_flying phobia fear,"['fear flying syndrome', 'flying syndrome fear', 'flying phobia', 'flying phobia fear', 'phobia fear flying', 'treatment fear flying', 'report flying phobia', 'syndrome fear flying', 'understanding fear flying', 'fear flying']","['<title>THE FEAR OF FLYING SYNDROME: A RE-APPRAISAL.</title>', '<title>Fear of flying and the counter-phobic personality.</title>', '<title>Fear of flying: An Israeli Air Force short case report</title>', '<title>Potential utility of a cost-effective virtual reality system for treatment of fear of flying</title>', '<title>Potential utility of full motion flight simulators for treatment of individuals with a fear of flying</title>']"
75,9,75_performance circadian_performance circadian rhythm_reference performance circadian_studying entrainment circadian,"['performance circadian', 'performance circadian rhythm', 'reference performance circadian', 'studying entrainment circadian', 'performance circadian rhythms', 'temperature performance circadian', 'circadian', 'living schedules circadian', 'physiological functions performance', 'rhythmicity fatigue flight']","['<title>Modifications of living schedules and circadian rhythms with special reference to performance.</title>', '<title>Effects of personality on body temperature and mental efficiency following transmeridian flight</title>', '<title>Desynchronization of body temperature and performance circadian rhythm as a result of outgoing and homegoing transmeridian flights.</title>', '<title>Effect of isolation in a constant environment on periodicity of physiological functions and performance levels.</title>', '<title>EFFECTS OF EXPOSURE TO A ROTATING ENVIRONMENT (10 RPM) ON FOUR AVIATORS FOR A PERIOD OF TWELVE DAYS</title>']"
76,9,76_training trainee pilots_training enhance training_mental physical fatigue_mental physical,"['training trainee pilots', 'training enhance training', 'mental physical fatigue', 'mental physical', 'participated day training', 'physical fatigue', 'trainee pilots', 'training live virtual', 'high training', 'training live']","['<title>Optimizing Muscle Activation in Cadets Using Electromyography Biofeedback During Anti-G Training</title> <excerpt>INTRODUCTION: Effective execution of the anti-G straining maneuver (AGSM) is essential for pilots to maintain consciousness under high gravitational forces (+Gz). This study evaluated whether electromyographic (EMG) biofeedback enhances muscle activation patterns during AGSM training in novice cadets.</excerpt>', '<title>Sea Voyage Training and Motion Sickness Effects on Working Ability and Life Quality After Landing</title> <excerpt>BACKGROUND: The effects of seasickness on working performance during motion exposure have been reported, while the aftereffects on working ability and life quality decline (WLD) still remain unclarified. METHODS: Two cohorts of healthy male Chinese subjects received either a single (SSV) or repeated (RSV) sea voyage training program on different vessels.</excerpt>', '<title>Quick coherence technique facilitating commercial pilots’ psychophysiological resilience to the impact of COVID-19</title> <excerpt>This study investigates the effect of quick coherence technique (QCT) on commercial pilots’ resilience to the unprecedented impact of a pandemic. Eighteen commercial pilots voluntarily participated in a 2-day training course on QCT followed by 2 months of self-regulated QCT practicing during controlled rest in the flight deck and day-to day life.</excerpt>', '<title>Practice effects of a breathing technique on pilots’ cognitive and stress associated heart rate variability during flight operations</title> <excerpt>Commercial pilots endure multiple stressors in their daily and occupational lives which are detrimental to psychological well-being and cognitive functioning. The Quick coherence technique (QCT) is an effective intervention tool to improve stress resilience and psychophysiological balance based on a five-minute paced breathing exercise with heart rate variability (HRV) biofeedback.</excerpt>', '<title>The Future of Fighter Pilot Training? Live Virtual Constructive in Large Force Exercises: Perceived and Expected Training Value</title> <excerpt>Objective: This study investigates whether and how perceived training value varies among fighter pilots participating in a large force exercise (LFE), and whether they expect Live Virtual Constructive (LVC) training to enhance training value of future LFEs. Background: LVC technology is maturing but its expected training value is under-investigated, especially regarding future LVC in LFEs.</excerpt>']"
77,9,77_pilots experience stress_stress aviation_pilots working stressful_pilot stress little,"['pilots experience stress', 'stress aviation', 'pilots working stressful', 'pilot stress little', 'pilot training effects', 'stress training', 'stressful flight', 'physiological mental stressors', 'pilots fluctuates training', 'pilots experience acute']","['<title>Grip Force as a Measure of Stress in Aviation</title> <excerpt>Objective: We conducted an exploratory investigation of whether grip force could be an indicator of stress in aviation. Background: Pilots might experience stress when anticipating failure to meet task demands and therefore, higher levels of stress can be used as a trigger for engaging automatic assistance.</excerpt>', '<title>Task-specific simulator pretraining and in-flight stress of student pilots</title> <excerpt>Student pilots (n = 20) were assigned to experimental and control groups. The experimental group received 80 min of highfidelity, task-specific simulation prior to exposure to the initial power-on stall and spin recovery lesson unit in T-37 pilot training.</excerpt>', '<title>Salivary alpha-amylase activity and stress in Japan air self-defense force cargo pilots involved in Iraq reconstruction</title> <excerpt>Objectives: This study aimed to verify whether salivary α-amylase enzyme activity (Amy) is useful as a biomarker of stress in pilots working in a stressful environment. Methods: The subjects in this study were nine Japan air self-defense force pilots who participated in Iraq reconstruction support activity in Kuwait.</excerpt>', ""<title>Measuring the ability of military aircrews to adapt to perceived stressors when undergoing centrifuge training.</title> <excerpt>This study assessed the ability of military aircrews to adapt to stressors when undergoing centrifuge training and determined what equipment items caused perceived stress and needed to be upgraded. We used questionnaires and the Rasch model to measure aircrew personnel's ability to adapt to centrifuge training.</excerpt>"", '<title>Stress training improves performance during a stressful flight</title> <excerpt>Objective: This study investigated whether stress training introduced during the acquisition of simulator-based flight skills enhances pilot performance during subsequent stressful flight operations in an actual aircraft.Background: Despite knowledge that preconditions to aircraft accidents can be strongly influenced by pilot stress, little is known about the effectiveness of stress training and how it transfers to operational flight settings. Method: For this study, 30 participants with no flying experience were assigned at random to a stress-trained treatment group or a control group.</excerpt>']"
78,9,78_kindness meditation flight_meditation flight attendants_mindfulness psychological_mindfulness psychological adaptation,"['kindness meditation flight', 'meditation flight attendants', 'mindfulness psychological', 'mindfulness psychological adaptation', 'mindfulness training', 'trait mindfulness psychological', 'attendants spirituality mindfulness', 'mindfulness based', 'mindfulness', 'trait mindfulness']","['<title>A Sense of Fellowship: Mindfulness Improves Experienced Interpersonal Benefits and Prosociality in A Military Aviation Unit</title> <excerpt>Objective: Explore how personnel in a military aviation unit experienced personal as well as interpersonal aspects concerning their participation in a group-based four-month MBT programme. Background: mindfulness-based training (MBT) have been used as a personal stress management tool in stressful working environments, including military aviation.</excerpt>', '<title>Integrating positive psychology applications into the EMDR Peak Performance protocol</title> <excerpt>Introduction: This article describes an innovative Eye Movement Desensitization and Reprocessing (EMDR) protocol which applies the standard EMDR protocol, with modifications, to the reduction of performance anxiety and enhancement of skillful performance in higher functioning clients. Objective: The intention was to compare a modified version of the standard EMDR protocol for the reduction of performance anxiety and the enhancement of performance.</excerpt>', '<title>The effect of loving-kindness meditation on flight attendants’ spirituality, mindfulness and subjective well-being</title> <excerpt>Background: This study investigated: (1) the effects of the loving-kindness meditation (LKM) on mindfulness, subjective well-being (SWB), and spirituality and (2) the relationships between mindfulness, spirituality, and SWB. Methods: 98 flight attendants from Xiamen Airlines in China were recruited and randomly assigned to the LKM training group (n = 49) or the waiting control group (n = 49).</excerpt>', '<title>Effects of animated pedagogical agent-guided loving-kindness meditation on flight attendants’ spirituality, mindfulness, subjective wellbeing, and social presence</title> <excerpt>Loving-kindness meditation (LKM) was first practiced by Buddhists and then developed by clinical psychologist. Previous studies on LKM have mainly focused on the impact of real person-guided meditation on depression, anxiety, and other negative psychology.</excerpt>', '<title>Exploring the relationship between trait mindfulness and psychological adaptation from a network perspective: is there any difference between pilots and other non-pilot civil aviation employees?</title> <excerpt>To explore the role of trait mindfulness in the psychological adaptation of civil aviation personnel, and compare the importance of this role between airline pilots and other civil aviation practitioners. A total of 198 civil aviation pilots and 804 other civil aviation practitioners were recruited to complete surveys on mindfulness, SCL-90, job burnout, core self-evaluation, and psychological resilience.</excerpt>']"
79,9,79_subjective workload assessment_workload assessment_mental workload_workload assessment technique,"['subjective workload assessment', 'workload assessment', 'mental workload', 'workload assessment technique', 'subjective workload', 'workload measures', 'pilot workload', 'nasa task load', 'workload measurement techniques', 'workload measurement']","['<title>Workload during approaches: Comparison of simulated standard and noise-abatement profiles</title> <excerpt>duction: A new noise-reduced landing approach was tested-a Segmented Continuous Descent Approach (SCDA)-with regard to the resulting workload on pilots. Methods: Workload of 40 pilots was measured using physiological (heart rate, blood pressure, blink frequency, saliva Cortisol concentration) and psychological (fatigue, sleepiness, tension, and task load) parameters.</excerpt>', ""<title>A study on the student pilot's mental workload due to personality types of both instructor and student</title> <excerpt>The main purpose of this paper is to provide the ideal flight crew combination for instructor and student pilots in order to enhance the flight training effects based on Myers Briggs Type Indicator (MBTI) theory. In addition to personality, various levels of flight difficulty are considered in order to investigate their potential interaction effect in terms of student pilots' mental workload measured in heart rate, altitude deviation, NASA-TLX (Task Load Index) and subjective degree of personality harmony.</excerpt>"", '<title>Predicting dual-task performance with the Multiple Resources Questionnaire (MRQ)</title> <excerpt>Objective: The objective was to assess the validity of the Multiple Resources Questionnaire (MRQ) in predicting dual-task interference. Background: Subjective workload measures such as the Subjective Workload Assessment Technique (SWAT) and NASA Task Load Index are sensitive to single-task parameters and dual-task loads but have not attempted to measure workload in particular mental processes.</excerpt>', '<title>Fuzzy-TLX: Using fuzzy integrals for evaluating human mental workload with NASA-Task Load indeX in laboratory and field studies</title> <excerpt>The aim of this study was to assess mental workload in which various load sources must be integrated to derive reliable workload estimates. We report a new algorithm for computing weights from qualitative fuzzy integrals and apply it to the National Aeronautics and Space Administration -Task Load indeX (NASA-TLX) subscales in order to replace the standard pair-wise weighting technique (PWT).</excerpt>', '<title>Some Measurement and Methodological Considerations in the Application of Subjective Workload Measurement Techniques</title> <excerpt>Previous research with the NASA Task Load Index (TLX) and the Subjective Workload Assessment Technique (SWAT) has demonstrated their sensitivity to variations in workload under flight and other complex work conditions but has not addressed some important measurement and methodological issues regarding their application. This article reviews data that address several such issues including the effects of delayed workload ratings, the effects of previous workload levels on ratings, and procedures used to combine subscale ratings into one overall estimate of subjective workload.</excerpt>']"
80,9,80_black hole illusion_landing illusion_landing illusion pilots_line bias illusion,"['black hole illusion', 'landing illusion', 'landing illusion pilots', 'line bias illusion', 'hole illusion bhi', 'pilots behavior', 'hole illusion objective', 'illusion control', 'hole illusion', 'illusion']","['<title>Gemelli’s legacy in the knowledge of spatial orientation in flight</title> <excerpt>Agostino Gemelli, an Italian Franciscan physician and psychologist, was a pioneer in aviation psychology and spatial orientation research in the early twentieth century. This historical article explores Gemelli’s groundbreaking contributions to understanding spatial cognition, particularly in aviation contexts, decades before contemporary scientific findings.</excerpt>', '<title>Effects of Lighting and Distraction on the Black Hole Illusion in Visual Approaches</title> <excerpt>Two possible causes of the black hole illusion (BHI), lighting and distraction, were examined using distance estimations in nonpilots. In a computer-simulated cockpit environment, participants estimated distance across 2 lighting conditions and 3 levels of distraction.</excerpt>', ""<title>Landing airplanes, detecting traffic, and the dark focus</title> <excerpt>Misjudgements of position in flight and failures to detect other airbone traffic are casualties of the eternal tug-of-war between visible texture and the pilot's dark focus. The eye is lazy and resists the pull of a distant stimulus, preferring to rest at relatively short focal distance, as it does in the dark or when looking at the sky.</excerpt>"", '<title>Quantitative analyses and empirical tests of perceptual theories of the Black Hole Illusion</title> <excerpt>The Black Hole Illusion (BHI) is a nighttime aviation landing illusion where pilots overestimate their descent angle. This dangerous illusion can cause pilots to compensate by flying lower than intended, which can result in them crashing into the ground or obstacles in front of the runway.</excerpt>', '<title>Preliminary Support for the Line Bias Illusion as a Contributor to Black Hole Effects</title> <excerpt>Objective: We tested the plausibility of the hypothesized Line Bias Illusion to explain a spatial disorientation phenomenon known as the Black Hole Illusion (BHI): in the absence of a visible horizon, pilots misjudge an implicit horizon from the convergence point of parallel runway edge lines. Background: BHI occurs when impoverished visual conditions at night cause pilots to fly too low on landing approaches.</excerpt>']"
81,9,81_pilot stress analysis_pilot heart rate_heart rate variability_stress monitoring,"['pilot stress analysis', 'pilot heart rate', 'heart rate variability', 'stress monitoring', 'analysis heart rate', 'pilots hrv various', 'psychological stress monitoring', 'rate variability hrv', 'kinds workloads flight', 'pilots measured flight']","['<title>A speech database for stress monitoring in the cockpit</title> <excerpt>This article presents a new database of speech produced under cognitive load for the purpose of non-invasive psychological stress monitoring. The voices and the heart rates of eight airline pilots were recorded while completing an advanced flight simulation programme in a level D full flight simulator.</excerpt>', '<title>Frequency analysis of heart rate variability under flight conditions</title> <excerpt>The factors causing heart rate variability (HRV) were investigated under various kinds of workloads and flight conditions. Frequency analysis of heart rate, and cross-correlation analysis with blood pressure and respiration, were performed by using the fast Fourier analyser.</excerpt>', '<title>Heart rate variability and performance of commercial airline pilots during flight simulations</title> <excerpt>Pilots undergo a variety of stressors that may affect their performance during all phases of flight. Heart rate variability (HRV) has been considered as a reliable indicator of the parasympathetic and sympathetic activities of human autonomic nervous system, which can be used to characterize the sympathetic stress response of pilots during flight.</excerpt>', '<title>Method for determining pilot stress through analysis of voice communication</title> <excerpt>Factors inherent in aircraft communication systems hinder customary approaches to voice analysis in the determination of the degree of stress experienced by a pilot during an inflight emergency. By means of a sound spectrogram, the mean vibration space of a voice can be analyzed if the space between the vertical deflections of the vowel sounds is calculated in micrometers.</excerpt>', ""<title>Preliminary results of the LF/HF ratio as an indicator for estimating difficulty level of flight tasks</title> <excerpt>INTRODUCTION: The main aim of this study was to differentiate the magnitude of a pilot's heart rate variability (HRV) when performing assisted and unassisted flights, as well as simple and complex flight tasks. METHODS: Cardiac monitoring in flights was carried out using a compact, mobile ECG recorder.</excerpt>""]"
82,9,82_cabin crew fatigue_crew fatigue_fatigue risk_sleep fatigue,"['cabin crew fatigue', 'crew fatigue', 'fatigue risk', 'sleep fatigue', 'fatigue risk management', 'fatigue sleep', 'operations stress fatigue', 'neglected studies fatigue', 'baseline sleep', 'short haul pilots']","[""<title>Estimating long-haul airline pilots' at-home baseline sleep duration</title> <excerpt>Objective: Characterize the baseline sleep of long-haul airline pilots. Methods: Sleep of 332 pilots (median age = 51 years, range = 23-64 years) from 4 airlines was measured by actigraphy while at home and off-duty and by retrospective estimate of the total amount of nighttime sleep usually obtained at home.</excerpt>"", '<title>Fatigue risk management for cabin crew: The importance of company support and sufficien rest for work-life balance—a qualitative study</title> <excerpt>Knowledge about cabin crew fatigue associated with ultra-long range (ULR) flights is still limited. Current ULR scheduling for cabin crew is therefore predominantly based on flight crew data.</excerpt>', '<title>Risk of fatigue among airline crew during 4 consecutive days of flight duty</title> <excerpt>BACKGROUND: Airline crew are being exposed to extended workdays and compressed work periods, with quick returns between duties, implying a heightened physiological and psychological strain that may lead to sleep deprivation and fatigue. The aim of the study was assessment of the effect of an extended day of flight duty and a compressed work week with regard to recovery, cumulative fatigue, and neurobehavioral performance.</excerpt>', '<title>Perceived Workload Is Associated with Cabin Crew Fatigue on Ultra-Long Range Flights</title> <excerpt>Objective: This study aimed to determine whether on ultra-long range (ULR) flights, perceived workload is an independent predictor of cabin crew fatigue at top-of-descent (TOD) and if so, to what degree it is associated with cabin crew fatigue relative to sleep-related factors. Background: Current ULR scheduling for cabin crew is predominantly based on flight crew data.</excerpt>', '<title>Prevalence of fatigue among commercial pilots</title> <excerpt>Background: Short-haul pilots have largely been neglected in studies of fatigue, sleep loss and circadian disruption created by flight operations, but anecdotal evidence from pilots suggests that with the increasing amount of low-cost air travel, commercial pilots working short-haul operations may be becoming seriously fatigued. Aims: This study attempted to ascertain how much subjective fatigue short-haul pilots reported, and makes comparisons between low-cost and scheduled airline pilots.</excerpt>']"
83,9,83_decompression sickness_lthough hypobaric hypoxia_hypobaric hypoxia_decompression sickness dcs,"['decompression sickness', 'lthough hypobaric hypoxia', 'hypobaric hypoxia', 'decompression sickness dcs', 'hypobaric hypoxia training', 'hypoxia training', 'nervous toxicity', 'nonhypoxic hypobaric low', 'induced loss consciousness', 'neurological deficits']","['<title>Hysteria as a Trigger for Epidemic Decompression Sickness Following Hypobaric Hypoxia Training</title> <excerpt>INTRODUCTION: A lthough hypobaric hypoxia training (HHT) is an essential component of aviation physiology training, it poses a risk of decompression sickness (DCS). DCS can sometimes be observed as a cluster of cases, which is referred to as epidemic DCS.</excerpt>', '<title>White matter integrity in high-altitude pilots exposed to hypobaria</title> <excerpt>INTRODUCTION: Nonhypoxic hypobaric (low atmospheric pressure) occupational exposure, such as experienced by U.S. Air Force U-2 pilots and safety personnel operating inside altitude chambers, is associated with increased subcortical white matter hyperintensity (WMH) burden.</excerpt>', '<title>Recurrent +Gz-induced loss of consciousness.</title> <excerpt>G-LOC--+Gz-induced loss of consciousness--results in significant acute incapacitation, including a period of unconsciousness lasting approximately 15 s followed by an additional period of approximately 15 s of confusion and disorientation. During routine experimentation for other purposes, four individuals experienced recurrent (3-5) episodes of G-LOC over 6-15 min.</excerpt>', '<title>Subatmospheric decompression: Neurological and behavioural studies</title> <excerpt>Several studies in animals over the past decade have shown that prolonged exposures to pressures within the range 226 mm Hg to 160 mm Hg (30,000 to 37,500 ft) are likely to lead to brain damage. This often results in neurological and behavioural disturbance, which may be subtle and reversible or gross and ultimately fatal.</excerpt>', '<title>Recurrence of neurological deficits in an F/A-18D pilot following loss of cabin pressure at altitude</title> <excerpt>Introduction: Supersonic, high altitude aviation places its pilots and aircrew in complex environments, which may lead to injury that is not easily diagnosed or simply treated. Decompression illness (either venous or arterial) and environmental conditions (eg, abnormal gases and pressure) are the most likely adverse effects aircrew often face.</excerpt>']"
84,8,84_psychosocial work conditions_symptoms psychosocial work_pilots investigated_personal factors flight,"['psychosocial work conditions', 'symptoms psychosocial work', 'pilots investigated', 'personal factors flight', 'pilots aim study', 'psychosocial work environment', 'pilots investigated methods', 'stress factors', 'pilots participated', 'pilots methods pilots']","['<title>Cabin crew stress factors examined.</title> <excerpt>The impact of reduced cockpit crew on the cabin crew in commercial airlines is examined. One hundred cabin crew members participated in a study to determine what stressors are present in contemporary transport aircraft, the extent of differences in rating context-related and task-related stressors, and the effect of peak versus normal periods of duty time on stress factors.</excerpt>', '<title>Psychosocial work environment and medical symptoms among swedish commercial airline cabin crew</title> <excerpt>Background Associations between stress measured by the demands-control model, iso-strain model, and stress-related symptoms among cabin crew were studied. Methods A questionnaire about psychosocial work environment and symptoms was answered by 918 (82%) flight attendants, stewards, and pursers at one airline company in 2005.</excerpt>', '<title>Sleep problems and psychosocial work environment among Swedish commercial pilots</title> <excerpt>Background: The aim of this study was to assess relationships between sleeping problems and the psychosocial work situation based on the job-strain and iso-strain models among Swedish commercial pilots. Methods: Three hundred fifty-four pilots participated (61%), who are in 2008 responded to a questionnaire concerning sleep problems, the psychosocial work situation, personal factors, and flight length.</excerpt>', '<title>Musculoskeletal symptoms and psychosocial work environment, among Swedish commercial pilots</title> <excerpt>Purpose: The associations between psychosocial work conditions and health in pilots are understudied, and therefore, the associations between the psychosocial work conditions and musculoskeletal problems among Swedish commercial pilots were investigated.Methods: In 2010, a self-administered questionnaire study was performed among pilots in one Swedish commercial airline: 354 pilots participated (61\xa0%). Musculoskeletal symptoms and the psychosocial work conditions measured by the demand control social support model were investigated.</excerpt>', '<title>Ocular, nasal, dermal and general symptoms among commercial airline crews</title> <excerpt>Objective: To study symptoms among a commercial cabin crew, in relation to personal risk factors, perceived psychosocial work environment, occupation, and work on intercontinental flights, with exposure to environmental tobacco smoke (ETS). Methods: A standardized questionnaire (MM 040 NA) was mailed in February-March 1997 to all Stockholm aircrew on duty in a Scandinavian flight company (n = 1,857), and office workers from the same company (n = 218).</excerpt>']"
85,8,85_hypoxia training sessions_hypoxia training study_hypoxia training hypobaric_hypoxia symptoms training,"['hypoxia training sessions', 'hypoxia training study', 'hypoxia training hypobaric', 'hypoxia symptoms training', 'hypoxia training symptom', 'hypoxia training', 'hypoxia training hypoxia', 'hypoxia training cortical', 'hypoxia selected psychophysiological', 'function hypoxia training']","['<title>Psychophysiological response of different aircrew in normobaric hypoxia training</title> <excerpt>Hypoxia remains the most important hazard in high altitude flights, but there is still a need for deeper analysis of the effect of hypoxia exposition in the psychophysiological and cognitive functions. The aim of this study was to study the effect of hypoxia training in cortical arousal, autonomic modulation, muscle strength and cognitive function.</excerpt>', '<title>Comparison of hypobaric hypoxia symptoms between a recalled exposure and a current exposure</title> <excerpt>Background Aircrew members are required to attend hypoxia awareness training regularly to strengthen their memory of their personal hypoxia symptoms by undergoing training inside a hypobaric chamber. The aim of this study was to examine the association between hypoxia symptoms experienced during two training sessions that were 4 years apart.</excerpt>', '<title>Hypoxia training: Symptom replication in experienced military aircrew</title> <excerpt>Introduction: Military aircrew are trained to recognize the signs and symptoms of hypoxia in a safe environment using a variety of methods to simulate altitude. In order to investigate the effectiveness of hypoxia training, this study compared the recall of hypoxia symptoms in military aircrew between two consecutive hypobaric chamber hypoxia training sessions conducted, on average, 4.5 yr apart.</excerpt>', '<title>Psychophysiological stress response in an underwater evacuation training</title> <excerpt>Background: This research aimed to analyze the psychophysiological stress response of air crews in an underwater evacuation training. Materials and Methods: We analyzed in 36 participants (39.06 ± 9.01 years) modifications in the rating of perceived exertion (RPE), subjective stress perception (SSP), heart rate (HR), blood oxygen saturation (BOS), cortical arousal (critical flicker fusion threshold, CFFT), heart rate variability (HRV), spirometry, isometric hand strength (IHS), and short-term memory (ST-M) before and after an underwater evacuation training.</excerpt>', '<title>Effect of different combat jet manoeuvres in the psychophysiological response of professional pilots</title> <excerpt>Extreme limits of the human body could be reached in air combat. We analysed 29 fighter pilots before and after offensive and defensive manoeuvres on heart rate (HR), heart rate variability, leg and hand strength, spirometry, temperature, blood oxygen saturation (BOS), lactate, hydration (USG), cortical activation, memory and psychological variables.</excerpt>']"
86,8,86_strategies pilots_situation pilots interjected_frame situation pilots_planned flight,"['strategies pilots', 'situation pilots interjected', 'frame situation pilots', 'planned flight', 'situation awareness requirements', 'instructor preflight decision', 'judgment using situational', 'flight instructor', 'item described flight', 'decision making']","['<title>Measuring General Aviation Pilot Judgment Using a Situational Judgment Technique</title> <excerpt>This paper reports on 2 studies that were conducted to develop and to evaluate a situational judgment test (SJT) for general aviation (GA) pilots. An initial 51-item test was constructed in which each item described an in-flight situation that required a decision on the part of the pilot and 4 alternative solutions to the situation.</excerpt>', '<title>A computer-based analysis of expert and novice flight instructor preflight decision making</title> <excerpt>The study was designed to examine aspects of flight instructor decision making involving the decision to authorize a student to conduct an initial, solo, cross-country flight. Experienced and inexperienced flight instructors were examined on a number of dimensions during a computer-based task presented in a Windows-based environment.</excerpt>', ""<title>A study of decision-making behavior of aircraft pilots deviating from a planned flight</title> <excerpt>This paper outlines an investigation into the worth structures of pilots facing a deviation from a planned flight. A 'paper and pencil' simulation was used to frame the situation into which pilots interjected their own decision-making skills in a simple ranking of candidate diversion airports with varying locational, navigational aid, radar, and weather attributes.</excerpt>"", ""<title>Perceived GPS use and weather-related decision strategies among pilots</title> <excerpt>This study sought to examine the relation between visually rated pilots' perceived use of global positioning systems (GPS) as a primary source of navigation and their perceived approach to decision making during encounters with deteriorating weather conditions in flight. A total of 177 pilots completed a questionnaire in which they were asked to indicate the frequency with which they use GPS as a primary source of navigation, the decision strategy that is most like the strategy that they engage during in-flight weather-related decision making, and their perception of the significance of 9 weather-related cues as the basis for decision making.</excerpt>"", '<title>A Survey of Situation Awareness Requirements in Air-to-Air Combat Fighters</title> <excerpt>The situation awareness (SA) requirements of air-to-air fighter pilots were assessed through aseries of analyses, including (a) unstructured interviews, (b) goal-directed task analysis, and (c) structured questionnaires administered to experienced pilot subjects. The resultant requirements and information on the relative priority among elements are presented along with a methodology for determining SA requirements in various systems.</excerpt>']"
87,8,87_pilots research human_pilots opinions pilots_personnel pilot_pilots rating duty,"['pilots research human', 'pilots opinions pilots', 'personnel pilot', 'pilots rating duty', 'training aircraft pilots', 'pilots rating', 'pilots review bibliography', 'opinions pilots', 'navy pilots', 'medical psychological']","['<title>Psychological Research in Aviation in Italy, France, England, and the American Expeditionary Forces</title> <excerpt>Psychology well needs to thank its stars that the World War came, and that it brought demands, situations, problems, apparatus, contacts of national and international scope, herds of men gathered together, and dynamic interest in technical and practical pursuits of a psychological nature. Reference is here being made most specifically to the reaction-time experiment for one, salvaged by the workers on aviation problems.</excerpt>', ""<title>Reflexion about medical and psychological preparation of air force personnel; Considérations sur la préparation médico-psychologique des personnels de l'armée de l'Air</title> <excerpt>The medical and psychological preparation of personnel in the armed forces is designed to facilitate the adaptation of an individual, with all their singularities, to an environment with specific constraints. In an idealized flight operation that has become real thanks to the implementation of more and more sophisticated tools, Air Force personnel must deal with the dangers inherent in an aeronautical environment.</excerpt>"", '<title>Sensorial aspects of helicopter operations</title> <excerpt>As components of physical and psychic workload in the piloting of helicopters, and therefore as possible concurrent pathogenetic factors of operational fatigue in helicopter aircrews, the author examines and analyzes the effects of some sensorial phenomena related to the use of such rotor-powered aircraft. Particularly acoustic and non-acoustic vibrations associated with flying this type of vehicle are discussed as to their action not only on the auditory apparatus, but also on the function of other apparatuses of the central nervous system, with special reference to the effects exerted by vibratory motions on visual function.</excerpt>', '<title>Aviation</title> <excerpt>Although the psychology of aviation comprises the selection, training, and maintenance of personnel (pilot, crew, and ground staff) and the care and education of passengers, the main body of the literature has dealt almost entirely with (1) physiological and psychological effects (immediate and cumulative) of flight and the flying environment, and (2) the selection of pilots. This review and bibliography of 92 items excludes the recent work under the auspices of the Committee on Selection and Training of Aircraft Pilots of the National Research Council and some 534 less important references which will be published later.</excerpt>', ""<title>Subjective stress assessment: a new, simple method to determine pilot workload</title> <excerpt>Charged with the preparation of an expert opinion concerning psychophysical workload on pilots, the Aviation Psychology Branch of the GAF/IAM studied the 'Subjective Stress Assessment' in which 217 Army, Air Force and Navy pilots filled in a standardized questionnaire. This questionnaire included 170 items to force the pilots into rating their on- and off-duty life; the answers of these people (117 jet, 41 multiple-prop, 14 single-engine, and 45 helicopter pilots) were evaluated quantitatively and qualitatively It may be said - with all reservations towards subjectivity of pilots' opinions - that the pilots' image certainly requires some corrections, in particular as it relates to the ideal and material assessment of the activities of the separate groups of jet, helicopter, and prop pilots.</excerpt>""]"
88,8,88_adaptability screening flying_adaptability screening_adaptability rating military_flying personnel predicting,"['adaptability screening flying', 'adaptability screening', 'adaptability rating military', 'flying personnel predicting', 'screening flying personnel', 'flying personnel', 'flying personnel preliminary', 'screening flying', 'military aeronautics', 'developments adaptability screening']","['<title>Further developments on adaptability screening of flying personnel.</title>', '<title>Adaptability screening of flying personnel; preliminary analysis and</title>', '<title>Adaptability screening of flying personnel; cross-validation of the</title>', '<title>The adaptability rating for military aeronautics: An historical perspective of a continuing problem</title>', '<title>Increasing Hits and Reducing Misses in CRM/LOS Scenarios: Guidelines for Simulator Scenario Development</title>']"
89,8,89_orbit earth psychological_space crews_manned missions_mission duration crew,"['orbit earth psychological', 'space crews', 'manned missions', 'mission duration crew', 'operational psychology countermeasures', 'mission ethical problems', 'mission ethical', 'missions onboard', 'space flights', 'mission completion habitability']","['<title>Habitability and performance issues for long duration space flights.</title> <excerpt>Advancing technology, coupled with the desire to explore space has resulted in increasingly longer manned space missions. Although the Long Duration Space Flights (LDSF) have provided a considerable amount of scientific research on human ability to function in extreme environments, findings indicate long duration missions take a toll on the individual, both physiologically and psychologically.</excerpt>', '<title>Psychological considerations of man in space: Problems & solutions</title> <excerpt>With concrete plans for long duration flight taking form a new impetus is lent to preparing man for this hostile and unnatural environment. Cramped conditions, isolation from family and loved ones, work stress, fear, and incompatibility with fellow crew, are but a few of the problems suffered by astronauts and cosmonauts during their long missions in orbit about the earth.</excerpt>', '<title>Deviance among expeditioners: defining the off-nominal act through space and polar field analogs.</title> <excerpt>The space venture resembles other extreme environmental exploration in many respects. Since the beginning of the space program, social and behavioral scientists have predicted that space crews increasingly will begin to experience the kinds of deviant behaviors seen in other extreme environmental duty settings as mission duration, crew size, and heterogeneity increases.</excerpt>', '<title>Operational psychology countermeasures during the Lunar-Mars Life Support Test Project.</title> <excerpt>The Crew and Thermal Systems Division at the NASA Johnson Space Center conducted a series of human-rated tests, termed the Lunar-Mars Life Support Test Project (LMLSTP), designed to advance technology in closed life support systems. As the duration of these tests lengthened, the psychological factors associated with placing humans in these environments became increasingly salient to successful mission completion.</excerpt>', '<title>Ethical problems of interaction between ground-based personnel and orbital station crewmembers</title> <excerpt>Manned missions onboard orbital stations Salyut-6 and Salyut-7 have led us to the conclusion that a long-term space mission can be viewed as a complex socio-man-machine system whose effectiveness largely depends on the quality of interaction between its subsystems. When analyzing and assessing the reliability of this system, it is important to consider ethical aspects, because they concern human relations, permeating its very component and in the long run determining its efficiency.</excerpt>']"
90,8,90_pilots catecholamine_pilots catecholamine excretion_neuroendocrine responses flight_training catecholamine excretion,"['pilots catecholamine', 'pilots catecholamine excretion', 'neuroendocrine responses flight', 'training catecholamine excretion', 'training catecholamine', 'adrenaline', 'mission catecholamine excretion', 'military male pilots', 'sympathetic activity', 'military pilots summary']","['<title>Neuroendocrine responses of flight cadets during midterm tests and of fighter pilots during tail chase sorties</title> <excerpt>Urinary excretion of catecholamines (CA), epinephrine (E), and norepinephrine (NE) was determined in flight cadets (n = 46) during mid-term test sorties and was compared with the measures of these variables in fighter pilots (n = 65) during tail chase sorties. Flight cadets were divided into passed and failed cadets.</excerpt>', '<title>Military flight experience and sympatho-adrenal activity</title> <excerpt>Urine excretion levels of adrenaline (A) and noradrenaline (NA) were determined, and achievement, commitment to the task, difficulty, risk, activation, and tension were rated after the preparation or planning and after the performance of 245 missions by 21 attack pilots. The catecholamine excretion levels increased and the ratio NA/A decreased as a function of condition (lesson, preparation, and mission).</excerpt>', '<title>Hormonal responses of pilots to training flights: The effects of experience on apparent stress</title> <excerpt>Introduction: The levels of urinary noradrenaline (NAd), adrenaline (Ad) and salivary cortisol (Cor) were determined in student and instructor pilots during Phase 1 (training with propeller engine; PH1), and Phase 2 (training with jet engine; PH2) flight training. Methods: The subjects in PH1 were 30 students and 33 instructors, and in PH2 were 17 students and 15 instructors.</excerpt>', '<title>Effects of flight workload on urinary catecholamine responses in experienced military pilots</title> <excerpt>Summary.-This study investigated the flight responses induced by strenuous acrobatic demonstration flight and an air-to-air combat maneuvering flight in experienced pilots. Subjects were 54 military male pilots on a volunteer basis: 8 T-4 pilots (M = 35.8 yr., SD = 4.9), 15 F-4 pilots (M = 32.6 yr., SD = 5.1), 13 F-15 pilots (M = 33.8 yr., SD=1.0), and 18 F-2 pilots (M = 33.7 yr., SD = 3.9).</excerpt>', '<title>Blood pressure and sympathetic activity in normotensive aviators during short-haul fixed-wings flights</title> <excerpt>Background: In order to evaluate the impact of in-flight stress on BP and sympathetic activity during a short fixed-wing flight, we have studied 18 healthy and normotensive commercial captain aviators, aged 37.5 ± 4.9 yr. Methods: The protocol consisted of a 120-min flight period, divided into segments of pre-flight, take off, mid-cruise, approach and landing, and a 120-min control period.</excerpt>']"
91,8,91_female flight attendants_male flight attendants_flight attendants nurses_flight attendants,"['female flight attendants', 'male flight attendants', 'flight attendants nurses', 'flight attendants', 'proportion flight attendants', 'flight attendants study', 'psychological concerns pilots', 'pilots impact workplace', 'health female flight', 'female pilots']","['<title>Work, Gender, and Sexual Harassment on the Frontlines of Commercial Travel: A Cross-Sectional Study of Flight Crew Well-Being</title> <excerpt>Background: The scale and scope of experience of sexual harassment at work among male and female flight attendants was examined. Flight attendants are a predominantly female workforce with an occupational heritage of female and male sexualized stereotypes.</excerpt>', '<title>The impact of workplace harassment on health in a working cohort</title> <excerpt>Background: Workplace abuse, including sexual harassment, is frequently experienced worldwide and is related to adverse mental health outcomes, and injuries. Flight attendants are an understudied occupational group and are susceptible to harassment due to working in a feminized, client-facing occupation with few protections or sanctioned responses against aggressive behaviors.</excerpt>', '<title>Lifestyle, harassment at work and self-assessed health of female flight attendants, nurses and teachers</title> <excerpt>Health-related lifestyle, harassment at work, and self-assessed health of female flight attendants in comparison to that of female nurses and female primary school teachers were surveyed. A higher proportion of flight attendants than nurses or teachers were smokers, 26% vs 15% and 17% respectively; and consumed alcohol at least once a week, 40% vs 21% and 16%.</excerpt>', ""<title>Female United States Air Force (USAF) pilots: Themes, challenges, and possible solutions</title> <excerpt>Background: Identification of stresses of mixed-gender squadrons, attention to the psychological concerns of pilots in combat, and recognition of the difficulties of balancing a career and family are important in today's United States Air Force (USAF). What qualities are desirable in male and female pilots in combat situations, how do men and women view their career and family goals, and how do men and women work together in day-to-day squadron activities versus deployment and combat situations? Methods: A semi- structured clinical interview sought information about personal/family health, squadron relationships, and career/deployment stresses.</excerpt>"", ""<title>Token majority: The work attitudes of male flight attendants</title> <excerpt>This study examined the work experiences of men, a traditional workplace majority, as minority members of a female-dominated occupation. We used tokenism and social categorization theories to propose and test a set of hypotheses that link token status (a less than 15% minority) with male flight attendants' work attitudes through intervening psychological and job factors.</excerpt>""]"
92,8,92_synthetic vision display_synthetic vision systems_synthetic vision_vision display,"['synthetic vision display', 'synthetic vision systems', 'synthetic vision', 'vision display', 'offs synthetic vision', 'enhanced synthetic vision', 'vision systems', 'head synthetic vision', 'map displays', 'helicopter electronic maps']","['<title>Combining enhanced and synthetic vision for autonomous all-weather approach and landing</title> <excerpt>This article is about the design and evaluation of the human-machine interface of an enhanced and synthetic vision system. Several tunnel-in-the-sky and pathway-in-the-sky concepts including scene-linking elements have been evaluated.</excerpt>', '<title>Using relative position and temporal judgments to identify biases in spatial awareness for synthetic vision systems</title> <excerpt>Synthetic vision systems (SVS) are cockpit displays that depict terrain ahead of ownship to prevent controlled flight into terrain. This work investigated how spatial biases manifest themselves in SVS displays.</excerpt>', '<title>The Efficacy of Head-Down and Head-Up Synthetic Vision Display Concepts for Retro- and Forward-Fit of Commercial Aircraft</title> <excerpt>The retrofit question concerns whether useful and effective synthetic vision displays are usable in aircraft that have limited-size display spaces. Two experiments were conducted to examine the efficacy of these displays and develop field-of-view and terrain texture recommendations for design.</excerpt>', '<title>Trade-offs in synthetic vision system display resolution, field of regard, terrain data density, texture, and shading during off-path operations</title> <excerpt>We conducted 2 independent fixed-base flight simulator studies to determine trade-offs in synthetic vision system (SVS) display resolution, field of regard, terrain data density, texture, and shading during off-path operations. The data we present herein are a synthesis of prior work and may be useful for consideration by SVS designers and certification entities.</excerpt>', '<title>Formal Papers: Frames of Reference for Helicopter Electronic Maps: The Relevance of Spatial Cognition and Componential Analysis</title> <excerpt>Maps are important for most forms of navigational flight, yet for helicopter flight they are critical. Computer-generated map displays for Nap-of-the-Earth (NOE) and low-level helicopter flight were configured according to previous research on maps, navigational problem solving and spatial cognition in large-scale environments.</excerpt>']"
93,8,93_attitude display_attitude display concept_attitude indicator_outside attitude display,"['attitude display', 'attitude display concept', 'attitude indicator', 'outside attitude display', 'attitude indicator format', 'attitude indicator design', 'moving horizon attitude', 'background attitude indicator', 'unusual attitude recoveries', 'attitude recoveries']","['<title>Attitude Indicator Format: How Difficult Is the Transition between Different Reference Systems?</title> <excerpt>A simulator study investigated the consequences of a transition between two alternative formats of the attitude indictor in aircraft cockpits, the moving-horizon and moving-aircraft format. Two groups of novices practiced performing two flight tasks (flight-path tracking and recovery from unusual attitudes) with one attitude-indicator format for six practice sessions, before transitioning to the other format.</excerpt>', '<title>Attitude Indicator Design in Primary Flight Display: Revisiting an Old Issue With Current Technology</title> <excerpt>Objective: The experiments investigated the “old issue” of the attitude indicator’s moving-horizon versus moving-aircraft format with current primary flight display technology. Of interest was whether the effects found in earlier studies, favoring the moving-aircraft format, could be replicated with most recent technology including extended horizon displays, which depict the artificial horizon extended over the whole screen with overlaying speed and altitude scales (eg, B787).</excerpt>', '<title>Unknown-attitude recoveries using conventional and terrain-depicting attitude indicators: Difference testing, equivalence testing, and equivalent level of safety</title> <excerpt>The objectives of this study were to assess the effects of differing formats of forward-looking primary flight display (PFD; electronic attitude-direction indicator, full-color terrain, uniformly brown terrain) on general aviation (GA) pilot recoveries from unknown attitudes and to determine if recovery assistance embodied in the display could be useful. Total recovery times and control reversals were examined as indexes of performance for 40 GA pilots, and the recovery times were subjected to a comparative analysis using both a parametric difference analysis and an equivalence testing technique.</excerpt>', '<title>Attitude Indicator Design and Reference Frame Effects on Unusual Attitude Recoveries</title> <excerpt>The objectives of this study were to examine the combination effects of the attitude directional indicator (ADI) formats and the 2 reference frames (moving horizon [MH] and moving aircraft [MA]) on unusual attitude recovery performance. Three ADI display formats were examined: (a) conventional MH; (b) perspective-view aircraft symbol (PAS), which replaced the conventional miniature aircraft symbol with a pictorial moving aircraft symbol; and (c) command, which presented the appropriate direction for recovery using the pitch or roll arrow.</excerpt>', '<title>Unusual attitude recoveries with a spatial disorientation icon</title> <excerpt>Twenty-two participants (12 with prior flying experience and 12 without), performed a series of trials in a low fidelity flight simulator in which they attempted to recover from a series of unusual attitudes. Two display variables were examined: (1) the attitude display was either a traditional head-up display (HUD) with an inside-out motion and pitch ladder, or an Arc-Segmented Attitude Reference (ASAR) display; and (2) a command icon that pointed to the appropriate airplane rotation for recovery direction in pitch and roll was either present or absent.</excerpt>']"
94,8,94_pilots present study_pilots objective research_pilots maintenance technicians_pilot factors impact,"['pilots present study', 'pilots objective research', 'pilots maintenance technicians', 'pilot factors impact', 'pilot factors', 'flight crew members', 'pilots transport pilots', 'pilots transport', 'pilots maintenance', 'diversion knowledge skills']","['<title>A Two-Stage Model of Diversion Knowledge and Skills Highlights Where Pilot Factors Impact Safety-Related Outcomes</title> <excerpt>Objective: To assist stakeholders apply targeted safety strategies, we developed and tested a two-stage model of diversion knowledge and skills. Background: Understanding pilot factors in weather-related diversions is integral to reducing the phenomenon of visual flight rules flight into meteorological conditions.</excerpt>', '<title>Retention of knowledge and skills in first aid and resuscitation by airline cabin crew</title> <excerpt>The study was conducted to investigate the retention of CPR and AED skills, first aid knowledge and perceived levels of confidence for a sample of 35 cabin crew 12 months after recurrent training. The 35 cabin crew undertook a mock resuscitation scenario using the AED and bag-valve-mask carried in the medical kit.</excerpt>', '<title>Is It All about the Mission? Comparing Non-technical Skills across Offshore Transport and Search and Rescue Helicopter Pilots</title> <excerpt>Objective: The research objective of the current study was to examine and compare the non-technical skills utilized by search and rescue and offshore transport helicopter pilots. Background: Non-technical skills encompass the interpersonal and cognitive skills necessary for safe and efficient team performance in high-risk environments.</excerpt>', '<title>What the Birkman Method© Can Tell Us about the Psychological Profile of Business Aviation Departments, Their Leadership, Strengths, and Challenges</title> <excerpt>Method: The study summarizes a significant amount of Birkman data, validated by one-on-one interviews with business aviation professionals and supported by close observation of the departments and corporations where they work. Objective: Earlier research focused on military, commercial, and trainee pilots; the present study of business aviation examines not only pilots but also maintenance technicians, cabin attendants, schedulers, and directors of aviation who fly, maintain, and manage corporate jets.</excerpt>', '<title>Personality types of flight crew members in a hospital-based helicopter program</title> <excerpt>Purpose: To determine the personality preferences of flight crew members in a hospital-based helicopter emergency medical service (HEMS) using the Myers-Briggs Type Indicator (MBTI), and to differentiate and compare these preferences between crew specialties and a historical control population. Methods: A prospective cohort study was conducted of all active crew members (nurses, respiratory therapists and pilots) in a hospital-based flight program.</excerpt>']"
95,7,95_high altitudes psychological_high altitude healthy_altitude exposure mountaineering_hypoxia working memory,"['high altitudes psychological', 'high altitude healthy', 'altitude exposure mountaineering', 'hypoxia working memory', 'high altitude exposure', 'high altitude mountaineering', 'altitude exposure', 'high altitude', 'altitude mountaineering', 'high altitudes']","['<title>High-altitude mountaineering and brain function: Neuropsychological testing of members of a Mount Everest expedition</title> <excerpt>Concern has been raised regarding the possibility that hypoxic conditions encountered during high-altitude mountaineering may have lasting harmful effects on the human brain. Members of an expedition to Mount Everest completed a series of neuropsychological tests before and after the expedition.</excerpt>', '<title>Cognitive changes at high altitude in healthy climbers and in climbers developing acute mountain sickness</title> <excerpt>We report the cognitive functions of 17 non-acclimatized mountaineers who ascended from low lands to an altitude of 4,559 m in 24 h and were studied there within 6 h. We found that this rapid ascent to high altitude had small, but differential effects upon cognitive performance depending upon the later development of acute mountain sickness (AMS).</excerpt>', '<title>Cognitive performance deficits in a simulated climb of Mount Everest: Operation Everest II</title> <excerpt>Cognitive function as stimulated altitude was investigated in a repeated-measures, within-subject study of performance by seven volunteers in a hypobaric chamber, in which atmospheric pressure was systematically lowered over a period of 40 d to finally reach a pressure equivalent to 8,845 m, the approximate height of Mount Everest. The portable cognitive test battery used, Automated Performance Test System (APTS), was specifically designed for field research under adverse environmental conditions as evidenced by compact computer design; automated test administrations, data storage, and retrieval; psychometric properties of stability and reliability; and factorial richness.</excerpt>', '<title>Effect of Mild Hypoxia on Working Memory, Complex Logical Reasoning, and Risk Judgment</title> <excerpt>Mild hypoxia, typically equivalent to a pressurized aircraft cabin altitude of 2,438 m (8,000 ft), does not generally affect well-learned cognitive, vigilance, and perceptual-motor performance. Learning and novel and complex cognitive tasks involving multiple demands, however, might be impaired.</excerpt>', '<title>The effect of moderate levels of simulated altitude on sustained cognitive performance</title> <excerpt>Previous work has documented cognitive deficits at high altitudes (15,000-25,000 ft), but there is controversy for lower altitudes. This study looked at the effects of moderate altitudes - 12,500 ft and 15,000 ft - on short-term memory in comparison to 2,000 ft.</excerpt>']"
96,7,96_crew resource management_training commercial aviation_evaluating crew resource_evaluating crew,"['crew resource management', 'training commercial aviation', 'evaluating crew resource', 'evaluating crew', 'pilots nontechnical skills', 'crew resource', 'shift cockpit crew', 'management crm training', 'flight deck crews', 'management training']","['<title>The evolution of crew resource management training in commercial aviation</title> <excerpt>In this study, we describe changes in the nature of Crew Resource Management (CRM) training in commercial aviation, including its shift from cockpit to crew resource management. Validation of the impact of CRM is discussed.</excerpt>', ""<title>Behavioral markers for crew resource management: A review of current practice</title> <excerpt>Developments in crew resource management (CRM) have progressed from the introduction of training programs to the evaluation of CRM skills, particularly for multicrew cockpits. European regulators responsible for flight operations and flight crew licensing (Joint Aviation Authorities, 1996, 1997) are introducing requirements for the training and assessment of pilots' nontechnical skills.</excerpt>"", ""<title>Developing a Method for Evaluating Crew Resource Management Skills: A European Perspective</title> <excerpt>The European Commission in conjunction with the European Joint Aviation Authorities (Human Factors Project Advisory Group) has been sponsoring a series of studies investigating a culturally robust method for the evaluation of pilots' nontechnical skills (NTS) for multicrew operations. This article outlines the development of a European NTS behavioral marker system for crew resource management evaluation called NOTECHS and presents preliminary results from an ongoing-test phase of this system (Joint Aviation Requirements Translation and Elaboration of Legislation [JARTEL]).</excerpt>"", ""<title>Practitioner Paper: Should Flight Attendants Be Included in CRM Training? A Discussion of a Major Air Carrier's Approach to Total Crew Training</title> <excerpt>Cockpit resource management (CRM) training has made significant progress throughout the past 10 years. Nearly all domestic and foreign carriers, however, limit CRM training to flight-deck crews.</excerpt>"", '<title>Attitude Changes in Navy/Marine Flight Instructors Following an Aircrew Coordination Training Course</title> <excerpt>In an attempt to reduce the number of aircrew caused aircraft mishaps in naval aviation, a trial aircrew training program was initiated in Navy and Marine Corps aviation training squadrons. Considerable resistance to change was encountered at the outset.</excerpt>']"
97,7,97_improved usability aviation_interaction human machine_man machine interface_input control,"['improved usability aviation', 'interaction human machine', 'man machine interface', 'input control', 'manipulation human machine', 'input control methods', 'machine interface deals', 'machine improved usability', 'implementation binaural', 'manikin psychomotor task']","['<title>A comparison of speech input and touch screen for executing checklists in an avionics application</title> <excerpt>The amount of information available on the civil flight deck continues to increase. This has led to consideration of a range of input and control methods to ease the interaction between human and machine.</excerpt>', '<title>Improved Usability of Aviation Automation Through Direct Manipulation and Graphical User Interface Design</title> <excerpt>Problems in advanced commercial aircraft pilot-flight management system (FMS) interaction through multifunction control display units (MCDUs) have been widely reported. Because this interaction plays an important role in ensuring aircraft safety, the MCDU should be designed to provide intuitive interfaces for ease of learning and use and to support pilot task performance in every aspect possible.</excerpt>', '<title>Evaluation of a manikin psychomotor task</title> <excerpt>A small, self-contained microprocessor displays a manikin on a TV screen in various orientations. Subjects are required to choose lateralities depending on a shape also presented on the display, and performance (accuracy and reaction time) is automatically recorded.</excerpt>', '<title>Ergonomic aspects of aircraft keyboard design: The effects of gloves and sensory feedback on keying performance</title> <excerpt>Increasing requirements for aircraft keyboards have indicated inadequacies in ergonomic standards for airborne environments, in particular for tasks involving unskilled, discontinuous data entry, with emphasis on accuracy rather than speed. Four experiments are reported from a programme of research aimed at the development and application of methodologies for assessing factors relevant to keyboard design.</excerpt>', '<title>Techniques and Applications for Binaural Sound Manipulation in Human-Machine Interfaces</title> <excerpt>The implementation of binaural sound to speech and auditory sound cues (auditory icons) is addressed from both applications and technical standpoints. Techniques overviewed include processing by means of filtering with head-related transfer functions.</excerpt>']"
98,7,98_map displays pilots_map displays simulated_map pilots ability_map displays,"['map displays pilots', 'map displays simulated', 'map pilots ability', 'map displays', 'electronic map displays', 'map display experimentally', 'map display', 'graphics navigation display', 'graphics navigation', 'map pilots']","[""<title>The visually guided control of simulated altitude</title> <excerpt>Simulated 'flights' over three different ground textures were used to examine people's ability to extract optical information useful for active regulation of altitude. The textures were regularly spaced lines as follows: 1) orthogonal to the direction of flight (latitude texture); 2) parallel to the direction of flight (meridian texture); and 3) both parallel and orthogonal (square texture).</excerpt>"", '<title>Electronic map evaluation in simulated visual meteorological conditions</title> <excerpt>This study examined the effects of planar versus perspective electronic map displays during a simulated visual approach to landing. Thirty pilots were divided into 3 groups of 10 and assigned to 1 of 3 display conditions: 2-dimensional, 3-dimensional, or a 2-dimensional condition augmented with a ""wedge"" to provide a visual momentum between the display view and that in the forward field of view.</excerpt>', '<title>Vertical navigation displays: Pilot performance and workload during simulated constant angle of descent GPS approaches</title> <excerpt>This study compared the effect of alternative graphic or numeric vertical navigation aircraft cockpit displays on horizontal and vertical flight technical error, workload, and subjective preference. Displays included (a) a moving map with altitude range arc; (b) the same format, supplemented with a push-to-see profile view, including a vector flight-path predictor; (c) an equivalent numeric display; and (d) a numeric nonvertical navigation display.</excerpt>', ""<title>Electronic maps for terminal area navigation: Effects of frame of reference and dimensionality</title> <excerpt>Two experiments are reported that contrast rotating versus fixed electronic map displays, which pilots used for a simulated approach to a landing. In Experiment 1, a rotating versus fixed-map display was experimentally crossed with a two-dimensional (2D) versus three-dimensional (3D) view (perspective map) as pilots' ability to maintain the flight path and demonstrate awareness of the location of surrounding terrain features were assessed.</excerpt>"", '<title>Navigation display design: Displaying nearest airport information</title> <excerpt>Thirty-six participants were tested on their ability to orient toward the nearest airport based on the manner in which information was presented on a global positioning system (GPS) area navigation display. Results indicated that use of the tabular, text-only format normally found on such displays was significantly slower and less accurate than either a map display of nearest airport information or a text display that included an orientation symbol.</excerpt>']"
99,7,99_pilot instructors assess_instructors assess crew_issue training pilot_crew performance assessment,"['pilot instructors assess', 'instructors assess crew', 'issue training pilot', 'crew performance assessment', 'training needs analysis', 'instructors assess', 'understanding crew performance', 'issue training', 'performance assessment work', 'performance assessment']","['<title>A Framework for Understanding Crew Performance Assessment Issues</title> <excerpt>The focus of this special issue is on training pilot instructors to assess crew performance. In this opening article we attempt to set the stage for the other articles in this issue by introducing a framework for understanding crew-performance assessment.</excerpt>', '<title>Back to basics: suggested solutions to some flight instruction problems</title> <excerpt>Since 1976 a series of surveys of flight instructors and students in general and commercial aviation, and the Royal Australian Air Force, has indicated several common problems in flight instruction. These problems have provided a focus for instructor education programs described in this paper.</excerpt>', '<title>Work domain analysis for training-system definition and acquisition</title> <excerpt>Training-needs analysis is critical for defining and procuring effective training systems. However, traditional approaches to training-needs analysis are not suitable for capturing the demands of highly automated and computerized work domains.</excerpt>', '<title>A Holistic View of Cockpit Performance: An Analysis of the Assessment Discourse of Flight Examiners</title> <excerpt>What pilots do on the job frequently is analyzed in terms of individual skills and human factors. Performances often do not consist of separable skills but of a holistic event, which can be analyzed into irreducible, mutually constitutive moments.</excerpt>', '<title>Evaluation of retention of safety and survival training content versus industry standard for training</title> <excerpt>Introduction: The accepted standard in the industry for survival and safety training is annual recurrent educational programs. The industry has never looked at nor tested content comprehension or retention on this subject.</excerpt>']"
100,7,100_flight nursing_flight nursing nurse_flight nursing living_insomnia flight nursing,"['flight nursing', 'flight nursing nurse', 'flight nursing living', 'insomnia flight nursing', 'flight nurse', 'members flight nurse', 'raf flight nursing', 'survey flight nurse', 'flight nurse leader', 'flight nurse section']","['<title>A nursing career in the RAF.</title>', '<title>Nursing peer review: A survey of flight nurse section members</title>', '<title>Flight nursing: living it and loving it.</title>', '<title>HIV-positive flight attendant loses discrimination lawsuit.</title>', ""<title>A nurse's complaint of insomnia.</title>""]"
101,7,101_pilots psycho physiological_pilots preliminary study_studies aging pilots_pilots preliminary impressions,"['pilots psycho physiological', 'pilots preliminary study', 'studies aging pilots', 'pilots preliminary impressions', 'aging pilots preliminary', 'postflight assessment pilot', 'pilot reliability', 'aging professional pilots', 'pilot reliability hypnosis', 'aging pilots']","['<title>The subjective perception of workload in low-time private pilots: A preliminary study</title>', '<title>In-Flight and Postflight Assessment of Pilot Workload in Commercial Transport Aircraft Using the Subjective Workload Assessment Technique</title>', '<title>Carbon monoxide and human time discrimination: Failure to replicate Beard-Wertheim experiments</title>', '<title>Enhancement of military pilot reliability by hypnosis and psychophysiological monitoring: Preliminary inflight and simulator data</title>', '<title>Preliminary impressions of cardiovascular function in the study of physiologic and psychologic aging in professional pilots.</title>']"
102,7,102_cockpit task management_cockpit task_task management_studies cockpit task,"['cockpit task management', 'cockpit task', 'task management', 'studies cockpit task', 'task management ctm', 'flight management', 'task simulator studies', 'prioritize terminate cockpit', 'task prioritization', 'flight planning briefing']","['<title>Task prioritization factors: Two part-task simulator studies</title> <excerpt>Cockpit task management (CTM) is the initiation, monitoring, prioritization, execution, and termination of multiple, concurrent tasks by flight crews. In this research, we used 2 part-task simulator studies to elicit from pilots the factors actually used in task prioritization.</excerpt>', '<title>Difficult access: The impact of recall steps on flight management system errors</title> <excerpt>This study examines flight management system (FMS) tasks and errors by C-130 pilots who were recently qualified on a newly introduced advanced FMS. Twenty flight tasks supported by the FMS were analyzed using a cognitive stage model (Sherry, Polson, Feary, & Palmer, 2002) to identify steps with the potential for errors.</excerpt>', ""<title>A framework for improving organizational learning through a user-adaptive intranet portal organizational memory information system</title> <excerpt>An organizational memory information system (OMIS) is typically described in the literature as a support for an organization's ability to acquire and retain information regarding its processes (Harvey, Palmer, & Speier, 1997; Huber, 1991; Lehner, Maier, & Klosa, 1998; Stein & Zwass, 1995; Wijnhoven, 1998). Many OMISs have been developed, but they only partially support required capability.</excerpt>"", '<title>Studies of cockpit task management errors</title> <excerpt>Cockpit task management (CTM) is the management level activity pilots perform as they initiate, monitor, prioritize, and terminate cockpit tasks. To better understand the nature and significance of this process, we conducted 3 empirical studies: a review of National Transportation Safety Board aircraft accident reports, a review of Aviation Safety Reporting System aircraft incident reports, and a simulator experiment.</excerpt>', '<title>Cockpit Task Management: Ftefimraary Definitions, Normative Theory, Error Taxonomy, and Design Recommendations</title> <excerpt>A preliminary formalization of the process that flight crews use to initiate, monitor, prioritize, execute, and terminate multiple, concurrent tasks is presented. I define key terminology and present a preliminary, normative theory of cockpit task management (CTM).</excerpt>']"
103,7,103_mental rotations direction_mental rotations_grasping movements_orientation cognition,"['mental rotations direction', 'mental rotations', 'grasping movements', 'orientation cognition', 'mental manual rotations', 'orientation cognition shows', 'movements microgravity', 'microgravity nature sensorimotor', 'movements normal microgravity', 'movement study spatial']","['<title>The nature of sensorimotor adaptation to altered G-levels: evidence from mass discrimination.</title> <excerpt>Mass discrimination is impaired under zero G compared to 1 G. This is partly due to loss of weight information (a reduction in z-axis pressure stimulation), and probably also to incomplete adaptation to the reduced G-level.</excerpt>', '<title>Wrist vibration affects the production of finely graded forces</title> <excerpt>Introduction: It is still unclear how central commands and afferent feedback interact to produce finely graded forces. To explore this question, we experimentally degraded afferent responsiveness using wrist vibration.</excerpt>', '<title>Effective rotations: Action effects determine the interplay of mental and manual rotations</title> <excerpt>The last decades have seen a growing interest in the impact of action on perception and other concurrent cognitive processes. One particularly interesting example is that manual rotation actions facilitate mental rotations in the same direction.</excerpt>', ""<title>The Effects of Spatial Disorientation on Cognitive Processing</title> <excerpt>Previous research exploring the relationship between spatial orientation and cognition shows that if balance and orientation are unstable, there is a natural tendency to direct all mental resources to regaining orientation. To expand this line of research, this study examined how disorientation affects aviators' cognition while actively piloting a flight simulator.</excerpt>"", ""<title>Speed-accuracy trade-off of grasping movements during microgravity</title> <excerpt>Background: Earthbound studies have shown that for pointing movements there is a specific relationship between movement speed, amplitude, and accuracy that is known as Fitts' law. We investigated the validity of Fitts' law for grasping movements in normal and microgravity.</excerpt>""]"
104,7,104_pilots gaze patterns_gaze pilots simulated_pilot eye scanning_pilot performance alerting,"['pilots gaze patterns', 'gaze pilots simulated', 'pilot eye scanning', 'pilot performance alerting', 'monitoring outs eye', 'pilot monitoring aircraft', 'eye scanning behavior', 'eye tracking study', 'manual flying skills', 'outs eye tracking']","[""<title>Triggering Cockpit Alerts Using an Eye-Tracking-Based Measure of Monitoring Performance</title> <excerpt>This study explored the potential for enhancing pilot performance via an alerting system that adapts according to an eye-trackingbased measure of monitoring. The novel measure combines gaze analysis with system state assessment to estimate the pilot's understanding of the current system state.</excerpt>"", '<title>Flying the Needles</title> <excerpt>Objective: The aim of this study was to evaluate the influence of practice and training on fine-motor flying skills during a manual instrument landing system (ILS) approach. Background: There is an ongoing debate that manual flying skills of long-haul crews suffer from a lack of flight practice due to conducting only a few flights per month and the intensive use of automation.</excerpt>', '<title>Mode monitoring and call-outs: An eye-tracking study of two-crew automated flight deck operations</title> <excerpt>Mode awareness has been suggested as a critical factor in safe operations of automated aircraft. This study investigated mode awareness by measuring eye point of gaze of both pilots during simulated commercial flights, while recording call-outs and tracking aircraft performance.</excerpt>', '<title>Pilot Flying and Pilot Monitoring’s Aircraft State Awareness During Go-Around Execution in Aviation: A Behavioral and Eye Tracking Study</title> <excerpt>Objective: Examination of the performance and visual scanning of aircrews during final approach and an unexpected go-around maneuver. Background: Accident and incident analyses have revealed that go-around procedures are often imperfectly performed because of their complexity, their high time stress, and their rarity of occurrence that avails little time for practice.</excerpt>', ""<title>Eye scanning behavior as a discriminator of instrument- and scenery-centered flight task.</title> <excerpt>Aircraft pilot's eye scanning behavior represented by saccadic amplitudes and dwelling time of eye movements is a promising indicator of discrimination whether some flight task is instrument- or scenery-centered. The saccadic amplitude seems to reflect spatial and temporal values of target information.</excerpt>""]"
105,7,105_pilots job satisfaction_pandemic job satisfaction_satisfaction military airline_job satisfaction military,"['pilots job satisfaction', 'pandemic job satisfaction', 'satisfaction military airline', 'job satisfaction military', 'pilots job', 'pandemic roles work', '19 pandemic job', 'covid 19 airline', 'job satisfaction', 'military airline pilots']","['<title>Impact of COVID-19 on Job Satisfaction: The Case of Military and Airline Pilots</title> <excerpt>Objective: To investigate how the COVID-19 pandemic has affected the military and airline pilots’ Job Satisfaction (JS), and identify important contributory factors to support the development of future mitigating strategies. Background: The aviation industry has undergone a series of devastating changes since the onset of the COVID-19 pandemic.</excerpt>', ""<title>A comparative analysis of job satisfaction among military and airline pilots: During, and post COVID-19</title> <excerpt>This research aimed to examine the impact of the COVID-19 pandemic on the Job Satisfaction of military and airline pilots, in order to identify factors that influence the sustainability of aviation operations during global economic shocks, through the prism of industrial and organizational (I/O) psychology. The primary focus was on identifying factors linked to pilots' Job Satisfaction differentiations over the time course of the pandemic, and proposing measures to mitigate their negative effects.</excerpt>"", '<title>A Mixed-Method Study on Job Satisfaction Among Air Traffic Controllers During the Pandemic: The Roles of Work-Family Interface and Resilience</title> <excerpt>Objective: To investigate whether workload is negatively related to job satisfaction, directly and indirectly, via work-family conflict, and conditional on resilience levels. Background: Covid-19 restriction measures severely affected the aviation sector leading air traffic controllers to face periodic fluctuations in air traffic volume.</excerpt>', '<title>An Exploration of Job Perceptions and Health Using an Integrative Approach: A Sample of Air Traffic Controllers Working in a Test Flight Center</title> <excerpt>Job perceptions and their relations with psychological and physical health were explored in a small group of military air traffic controllers (ATCOs) working in a test flight center. The participants rated dimensions of job requirements (psychological demands, overcommitment, work-family interferences), job resources (control, professional, and personal social support), and health indicators.</excerpt>', '<title>Air rage from the sharp end: cabin crew perspectives on disruptive passenger behaviour in Europe and its impact on occupational safety and well-being</title> <excerpt>Disruptive passenger behaviour (DPB) incidents spiked during the COVID-19 pandemic period, compromising the safety of commercial flights on a daily basis. This qualitative semi-structured interview study examined the perceived triggering factors and motivations for DPB and the subsequent impact of DPB upon cabin crew well-being and safety.</excerpt>']"
106,7,106_aircraft maintenance technicians_maintenance technician perceptions_aircraft maintenance_maintenance operations flight,"['aircraft maintenance technicians', 'maintenance technician perceptions', 'aircraft maintenance', 'maintenance operations flight', 'maintenance technicians', 'failures aircraft maintenance', 'maintenance documentation technicians', 'maintaining aircraft participants', 'maintenance technicians amts', 'maintenance linked aircraft']","['<title>Why Aircraft Maintenance Technicians Sometimes Do Not Use Their Maintenance Documents: Towards a New Qualitative Perspective</title> <excerpt>The aim of this article is to present an exploratory study aiming to understand the use of maintenance documentation by the technicians in the aircraft maintenance context and why they do not systematically use it. We seek to establish a global model based on the results.</excerpt>', '<title>Aircraft Maintenance Technician Perceptions and Evaluations about the Safety Culture and Responsibility Related Competencies</title> <excerpt>Aircraft maintenance operations are carried out by aircraft maintenance technicians (AMTs) with the necessary competencies and qualifications. The level of competency of maintenance technicians directly affects the safety and effectiveness of maintenance operations and flight operations.</excerpt>', '<title>It Was This Wing Wasn’t It? Identifying the Importance of Verbal Communication in Aviation Maintenance</title> <excerpt>To place communication in context against other maintenance error promoting contributory factors and identify whether communication issues were written or verbal, a semi-structured interview schedule was used to ask 40 aircraft maintenance personnel what goes wrong when maintaining aircraft. Participants described 746 examples of contributory factors and undesired outcomes which were categorized using Dupont’s “dirty dozen.” 147 of the 746 descriptions were communication factors, of which 99 were verbal, 34 were written and 14 were general.</excerpt>', '<title>Investigating Non-Technical Skills in Scottish and English Aircraft Maintenance Teams Using a Mixed Methodology of Interviews and a Questionnaire</title> <excerpt>Objective: The aim of this study was to identify the non-technical skills used by aircraft maintenance crews. Background: Aircraft maintenance is a vital aspect of aviation, with failures in aircraft maintenance linked to one third of aircraft malfunctions.</excerpt>', '<title>Construction of leadership competency model for civil aviation flight cadets: An empirical study from China</title> <excerpt>Human factors are often linked to unsafe events in civil aviation transport, with the competency level and decision-making abilities of flight crews playing a significant role. The leadership and teamwork competency of the flight crew in the cockpit directly influences the occurrence of aviation safety incidents.</excerpt>']"
107,7,107_phobia stress cardiovascular_psycho physiological response_investigated heart rate_physiological response,"['phobia stress cardiovascular', 'psycho physiological response', 'investigated heart rate', 'physiological response', 'pressure response psychologic', 'prevented heart rate', 'pressure sympathetic responses', 'parachutists cardiovascular changes', 'heart rate', 'psychologic stress']","['<title>Sustained peripheral vasoconstriction while working in continuous intense noise</title> <excerpt>Immediate exposure to intense and continuous noise induces a significant increase in vasoconstriction which, while habituating over time, remains reliably higher than in quiet throughout a work period. Those who routinely encounter such noise conditions at work may therefore be vulnerable to the long-term consequences of such changes upon the vascular system.</excerpt>', '<title>Changes in Risky Behavior in Long-Term Head-Down Bed Rest and Relation to Psychological Status</title> <excerpt>INTRODUCTION: the present study aimed to investigate changes in risky behavior in a sample of 36 healthy men during a 90-d head-down bed rest (hDBR) experiment and examined whether psychological factors—general self-efficacy, stress, and recovery—could influence these changes. METHODS: subjects completed the Balloon analog Risk task (BaRt) and two psychological scales once during the acclimation period, six times during the hDBR period, and twice during the recovery period.</excerpt>', '<title>Heart rate variability and stress hormones in novice and experienced parachutists anticipating a jump</title> <excerpt>Introduction: Chronic work stress and overtraining are known to influence heart rate (HR) and heart rate variability (HRV) at rest and decreased nocturnal HRV is associated with cardiovascular health and disease. The purpose of this study was to examine whether anticipation of an acute highly stressful event influences HR and HRV during the night and morning.</excerpt>', '<title>Cardiovascular changes at work: Relation with some individual risk factors</title> <excerpt>Heart rate (HR) acceleration during work which is accepted as a main cardiovascular response to stress could be influenced not only by the work itself but also by some behavioural variables. The purpose of this study was to investigate the effect of several individual characteristics (age, body mass index, arterial blood pressure, Vo2max, leisure time physical activity, Type A behavior and neuroticism) on HR reactivity during work and rest.</excerpt>', '<title>Effects of β1- and β2-blockade on blood pressure and sympathetic responses to flight phobia stress</title> <excerpt>Cardiovascular and sympathoadrenal effects of short-term oral treatment with β<inf>1</inf>-blockade (atenolol, 50 mg, administered two times) and β<inf>2</inf>-blockade (ICI 118,551, 50 mg, administered three times) were compared with placebo during actual flying in subjects with flight phobia (n = 34). β<inf>1</inf>-Blockade lowered resting blood pressure and heart rate and prevented a heart rate response but not a blood pressure response to this psychologic stress.</excerpt>']"
108,7,108_dextroamphetamine_promethazine ephedrine scopolamine_medications space motion_measures caffeine restores,"['dextroamphetamine', 'promethazine ephedrine scopolamine', 'medications space motion', 'measures caffeine restores', 'neurogenic shock imperative', 'pneumothorax utility dextroamphetamine', 'neurogenic shock', 'promethazine ephedrine', 'reports indicated dexedrine', 'scopolamine']","['<title>Caffeine restores engagement speed but not shooting precision following 22 h of active wakefulness</title> <excerpt>Background: Current military missions occasionally require combat readiness of soldiers who might be experiencing a sustained period of activity without sleep. Strategies to overcome the debilitating effects of sleep deprivation include the ingestion of caffeine.</excerpt>', '<title>Application of rTMS to the Motor Cortex in a Patient with Startle Reaction: A Case Report</title> <excerpt>Startle reaction is a physiological muscle reaction that occurs to protect against an unexpected, sudden stimulus. In this case, we wanted to discuss the response after the rTMS protocol, which we applied to our patient who had startle reactions that severely impair functionality and who did not meet the post traumatic stress disorders (PTSD) criteria or have a major brain lesion after a traffic accident.</excerpt>', '<title>Relative efficacy of the proposed Space Shuttle antimotion sickness medications</title> <excerpt>Space motion sickness has been estimated as affecting between 1 3 and 1 2 of all space flight participants. NASA has at the moment proposed a combination of promethazine and ephedrine ( P E) and one of scopolamine and dextroamphetamine ( S D), both given orally, as well as a transdermally applied scopolamine (TAS), as preventive and ameliorative measures.</excerpt>', '<title>Utility of Dextroamphetamine for Attenuating the Impact of Sleep Deprivation in Pilots</title> <excerpt>Introduction: Dextroamphetamine (Dexedrine®) is an effective fatigue countermeasure for use in military subject pilots who are deprived of sleep. Anecdotal reports have indicated Dexedrine (Dex) is effective in ""real world"" sustained operations, and controlled laboratory tests have yielded positive results as well.</excerpt>', '<title>Experiences of early air travel with pneumothorax after anterior spinal surgery</title> <excerpt>Anterior thoracic or thoracolumbar spinal surgery by retropleural approach always carries a risk of pneumothorax as its consequence. Conventionally, the Aerospace Medicine Association and the British Thoracic Society recommend 2 weeks delay of air travel for a patient with resolved postoperative pneumothorax.</excerpt>']"
109,6,109_aviators psychiatrically_scales aviators psychiatrically_model personality ffm_military aviators,"['aviators psychiatrically', 'scales aviators psychiatrically', 'model personality ffm', 'military aviators', 'rating military aviation', 'normal personality provides', 'referred military aviators', 'mcmi personality', 'hemispheric dominant personality', 'military aviators previously']","['<title>The Wright brothers: a personality profile.</title> <excerpt>Wilbur and Orville Wright were able, as a team, to develop the first heavier than air machine capable of sustained, controlled, powered flight while piloted by a man. This was due, very possibly, to the presence of a left hemispheric dominant personality in Wilbur Wright and a right hemispheric dominant personality in Orville Wright.</excerpt>', '<title>Neuropsychological assessment of decision making in alcohol-dependent commercial pilots</title> <excerpt>Background: The aim of this exploratory archival study was to discern the utility of the Iowa Gambling Task (IGT) in identifying adaptive decision-making capacities among pilots with a history of alcohol dependence both with and without Cluster B personality features. Methods: Participants included 18 male airmen at the rank of captain with a history of receiving alcohol dependence treatment and subsequent referral for a fitness-for-duty evaluation.</excerpt>', '<title>Assessing aviators for personality pathology with the Millon Clinical Multiaxial Inventory (MCMI)</title> <excerpt>Psychiatrists independently evaluated 82 aviators referred to an aeromedical consultation service who had been administered the Millon Clinical Multiaxial Inventory (MCMI). The MCMI personality scales of those aviators psychiatrically deemed to be free from personality pathology were compared to the scales of those aviators psychiatrically assessed to have maladaptive personalities.</excerpt>', '<title>Five-factor model facet characteristics of non-aeronautically adaptable military aviators</title> <excerpt>Background: The present study revisited a large sample of clinically referred military aviators, previously evaluated across factors of the Five Factor Model of personality (FFM), to determine whether identified facet differences were consistent with U.S. Navy guidelines for evaluating aeronautical adaptability.</excerpt>', '<title>Personality traits in clinically referred aviators: Two clusters related to occupational suitability</title> <excerpt>Background: The Five Factor Model (FFM) of normal personality provides a compelling framework for investigating personality subtypes in large military populations. The FFM was used to determine whether a sample of clinically referred military aviators exhibited commonly occurring personality clusters.</excerpt>']"
110,6,110_psychological measures aircrew_affecting aircrew morale_measures aircrew psychopathology_aircrew morale,"['psychological measures aircrew', 'affecting aircrew morale', 'measures aircrew psychopathology', 'aircrew morale', 'aircrew psychopathology', 'aircrew psychopathology airline', 'psychopathology airline stewardesses', 'noted aircrewmembers undergoing', 'aircrewmembers undergoing', 'differences noted aircrewmembers']","['<title>Psychopathology of airline stewardesses.</title>', '<title>A second study of factors affecting aircrew morale.</title>', '<title>Crew performance as a factor of information input.</title>', '<title>Prevalence of worry in normal aircrew</title>', '<title>Psychological differences noted in aircrewmembers undergoing systematic desensitization and their subsequent functioning</title>']"
111,6,111_travel health_health effects airline_travel medicine_worldwide travel health,"['travel health', 'health effects airline', 'travel medicine', 'worldwide travel health', 'medical guidelines airline', 'health especially flights', 'travel related diseases', 'patients plan travel', 'medical assistance travellers', 'perspective travel medicine']","['<title>Ait travel fatigue</title> <excerpt>Travel fatigue is a condition both acute and chronic, which occurs in the travelling public and also affects pilots and cabin crew. Much can be done to alleviate this condition, by modification of flight schedules and conditions during flight.</excerpt>', '<title>Medical assistance to travellers: a new concept in insurance-cooperation with an airline</title> <excerpt>Medical assistance to travellers is a new concept in insurance. Payment of a premium makes it possible in an emergency for a traveller, by means of a phone call, to obtain free medical support, ie, on-the-spot treatment, repatriation, hospitalization, etc.</excerpt>', ""<title>Travel medicine: An Australian perspective</title> <excerpt>Travel medicine is emerging as a new multidisciplinary specialty area catering for an increasing number of travellers worldwide. Travel health advisers are engaged in the provision of pre-travel health advice, chemoprophylaxis against travel-related diseases, traveller's medical kits, and post-travel assessments and eradication treatment for various travel-related diseases.</excerpt>"", '<title>Psychological factors in airline passenger and crew behaviour: A clinical overview</title> <excerpt>Air travel places unique physical and psychological demands on the traveller and air crew. This paper presents a general overview of the psychological aspects of air travel and specifically how air travel affects airline passenger and crew behaviour.</excerpt>', '<title>AsMA medical guidelines for air travel: Stresses of flight</title> <excerpt>INTRODUCTION: Medical Guidelines for Airline Travel provide information that enables healthcare providers to properly advise patients who plan to travel by air. Modern commercial aircraft are very safe and, in most cases, reasonably comfortable.</excerpt>']"
112,6,112_flight training success_success flight training_flight training_fitness flight training,"['flight training success', 'success flight training', 'flight training', 'fitness flight training', 'flight training use', 'predicition flight training', 'flight training attrition', 'predictor flight training', 'psychological fitness flight', 'flight training early']","['<title>An early attempt to evaluate psychological fitness for flight training</title>', '<title>Use of two qualitative indices as predictors of success in flight training.</title>', '<title>College performance as a predictor of the flight training success of NROTC students.</title>', '<title>California psychological inventory as a predictor of success in the naval flight program.</title>', '<title>Predicition of flight training attrition by grade slips for first ten</title>']"
113,6,113_subjective perception rotation_motion peripheral vision_orientation facts hypotheses_orientation facts,"['subjective perception rotation', 'motion peripheral vision', 'orientation facts hypotheses', 'orientation facts', 'movements vertical axis', 'orientational', 'movements vertical', 'prolonged angular acceleration', 'tested rotation', 'observers viewing']","[""<title>Visual Orientation: Facts and Hypotheses</title> <excerpt>How pilots judge an airplane's position and movement relative to objects on the earth's surface is considered in relation to the size-distance invariance hypothesis. Factors that cause systematic departures from size, distance, and angular position constancies are identified, including effects of viewing real and virtual imaging displays.</excerpt>"", '<title>Thresholds for the perception of whole body angular movement about a vertical axis</title> <excerpt>Thresholds for the detection (at p = 0.75 correct) of the direction of discrete angular movements about a vertical Z axis, having a cosine bell velocity trajectory and a duration of 3.3 s, were determined using an adaptive psychophysical procedure. In 30 subjects the mean threshold for the detection of Z axis stimuli was 1.5 deg·s-1.</excerpt>', '<title>Visual reaction times during prolonged angular acceleration parallel the subjective perception of rotation</title> <excerpt>Investigated the effect of prolonged angular acceleration on choice reaction time to an accelerating visual stimulus, using 10 commercial airline pilots as Ss. The pattern of reaction times during and following acceleration was compared with the pattern of velocity estimates reported during identical trials.</excerpt>', '<title>The effects of window shape and reticle presence on performance in a vertical alignment task</title> <excerpt>This study was conducted to evaluate the effect of selected interior work-station orientational cuing upon the ability to align a target image with local vertical in the frontal plane. Angular error from gravitational vertical in an alignment task was measured for 20 observers viewing through two window shapes (square, round), two initial orientations of a computer-generated space shuttle image, and the presence or absence of a stabilized optical alignment reticle.</excerpt>', ""<title>Rotary acceleration of a subject inhibits choice reaction time to motion in peripheral vision</title> <excerpt>Studied the effect of S's rotary acceleration upon choice reaction time (RT) to an accelerating target in peripheral vision, with the level of acceleration and the viewing angle of the visual target as variables. 12 commercial airline pilots were tested in a rotation device under conditions of visual stimulation alone and visual-plus-rotary stimulation.</excerpt>""]"
114,6,114_postflight simulator sickness_pilots undergoing simulator_simulator induced syndrome_pilots experienced various,"['postflight simulator sickness', 'pilots undergoing simulator', 'simulator induced syndrome', 'pilots experienced various', 'symptoms simulator sickness', 'simulator sickness', 'neuropsychological effects diving', 'symptoms simulator', 'flight simulator training', 'pilots syncope']","['<title>Differential neuropsychological effects of diving to 350 meters</title> <excerpt>Six divers were compressed on heliox to 350 m. Repeated neuropsychological and neurological tests were conducted during the dive.</excerpt>', '<title>Simulator induced syndrome in Coast Guard aviators</title> <excerpt>The incidence of adverse symptoms in Coast Guard aviators undergoing flight simulator training was determined. A voluntary, multi-part questionnaire was completed by 238 pilots.</excerpt>', '<title>Syncope in aircrew</title> <excerpt>In a study of 47 aviator patients consecutively referred to U.S. Air Force School of Aerospace Medicine for evaluation of alteration of consciousness, 34 cases of syncope were identified.</excerpt>', '<title>Simulator induced syndrome: Evidence for long-term aftereffects</title> <excerpt>Pilots have experienced various adverse symptoms hours and even days following flight simulator training. This study surveyed pilots undergoing simulator training in an attempt to provide an initial gauge of the extent, severity, and possible risk factors of long-term (>1 day) simulator aftereffects.</excerpt>', '<title>The time course of postflight simulator sickness symptoms</title> <excerpt>Reports of posteffects following training sessions in Navy and Army flight simulators were obtained from pilots to determine the time course of recovery from simulator sickness. Results imply that posteffects may be a more serious problem than previously considered; 45% of all those queried (N > 700) reported having experienced symptoms of simulator sickness; 25% of the symptoms lasted more than 1 h after leaving the simulator; and 8% lasted more than 6 h.</excerpt>']"
115,6,115_psychomotor tests_psychomotor tests task_prospective pilots tested_psychomotor performance means,"['psychomotor tests', 'psychomotor tests task', 'prospective pilots tested', 'psychomotor performance means', 'motor decision test', 'psychomotor tests independent', 'pilots tested computerized', 'psychomotor screening usaf', 'psychomotor screening', 'navigators flight performance']","['<title>Predicting Flight Training Performance from the Tabular Speed Test</title> <excerpt>This study determined the predictive validity for the number correct (COR) and the number wrong (WR) of a complex perceptual speed test at three milestones in a collegiate flight training program. Test-retest data were obtained at different intervals.</excerpt>', '<title>Task parameters affecting individual differences in pursuit and compensatory tracking performance</title> <excerpt>Two tracking tasks, the Control-Velocity Tester and the Sensory-Motor Apparatus (both of which are currently used as aptitude tests for the selection of candidates for pilot training), provide relatively independent measures of performance. As part of the programme of research related to the production of the Micropat automated testing system, a number of studies were carried out to identify, the parameters accounting for the functional dissimilarity of these two tasks.</excerpt>', ""<title>The use of psychological techniques in measuring and critically analyzing Navigators' flight performance</title> <excerpt>Under controlled flight conditions, the distance between a navigator's report of position and his actual position is a criterion of success in dead reckoning navigation. Students' logs were evaluated for five separate missions by comparing the students' entries with standards determined by experts.</excerpt>"", '<title>Measurement of a complex psychomotor performance by means of a printed test</title> <excerpt>The Motor Decision Test has been designed to duplicate a complex reaction time apparatus test (Vector Complex Reactometer) which has been manufactured for study of aircraft-pilot aptitude. Comparisons of the two tests are made in terms of range of test scores, relative reliability, interrelation of test scores, and degree of generalization of performance from one test to another.</excerpt>', '<title>Psychomotor screening for USAF pilot candidates: Selecting a valid criterion</title> <excerpt>Subjects for this research were 153 prospective pilots who were tested on computerized versions of the Two Hand Coordination (2HC) and Complex Coordination (CC) psychomotor tests. Independent variables included five basic error scores associated with the two psychomotor tests.</excerpt>']"
116,6,116_traffic management_traffic phenomena_traffic flow_traffic flow model,"['traffic management', 'traffic phenomena', 'traffic flow', 'traffic flow model', 'traffic congestion', 'phenomena reduce traffic', 'randomization urban traffic', 'road geometry', 'performance methods driving', 'perception driver behavior']","['<title>FLDQN: Cooperative Multi-Agent Federated Reinforcement Learning for Solving Travel Time Minimization Problems in Dynamic Environments Using SUMO Simulation</title> <excerpt>The increasing volume of traffic has led to severe challenges, including traffic congestion, heightened energy consumption, increased air pollution, and prolonged travel times. Addressing these issues requires innovative approaches for optimizing road network utilization.</excerpt>', '<title>XGate: Explainable Reinforcement Learning for Transparent and Trustworthy API Traffic Management in IoT Sensor Networks</title> <excerpt>The rapid proliferation of Internet of Things (IoT) devices and their associated application programming interfaces (APIs) has significantly increased the complexity of sensor network traffic management, necessitating more sophisticated and transparent control mechanisms. In this paper, we introduce XGate, a novel explainable reinforcement learning framework designed specifically for API traffic management in sensor networks.</excerpt>', '<title>Bifurcation Analysis of Improved Traffic Flow Model on Curved Road</title> <excerpt>Nonlinear analysis of complex traffic flow systems can provide a deep understanding of the causes of various traffic phenomena and reduce traffic congestion, and bifurcation analysis is a powerful method for it. In this paper, based on the improved Aw–Rascle model, a new macroscopic traffic flow model is proposed, which takes into account the road factors and driver psychological factor in the curve environment which can effectively simulate many realistic traffic phenomena on curves.</excerpt>', '<title>Supporting driver performance in closely spaced tunnel-interchange structure: Traffic control devices and effects on driving behavior</title> <excerpt>Objectives: With the rapid development of expressways in the mountainous regions of southwestern China, closely spaced tunnel-interchange structures have inevitably emerged due to topographical constraints and environmental limitations. Given the unfavorable road geometry and rapid cross-section transitions, drivers face significant safety concerns.</excerpt>', '<title>Perception and performance: Evaluating driver behavior on horizontal curves at day and night based on optical flow model analysis</title> <excerpt>Objective: This study investigates the interaction between human perception and driver behavior on horizontal curves, focusing on how road geometry and visibility affect driving performance. Methods: A driving simulator replicated 3 curve types by radius—200 m (sharp), 400 m (moderate), and 600 m (loose)—under day and night conditions.</excerpt>']"
117,6,117_organizational learning debriefing_knowledge mistakes_introducing survival ethics_ethics,"['organizational learning debriefing', 'knowledge mistakes', 'introducing survival ethics', 'ethics', 'lessons learned problems', 'hiding knowledge', 'issues practice', 'learning doing right', 'knowledge mistakes respectively', 'issue truth telling']","['<title>Truth telling, placebos, and deception: Ethical and legal issues in practice</title> <excerpt>The issue of truth-telling is very complex. There is variance among patients in the amount of information they want to be told and variance among professionals in the amount of information they want to tell.</excerpt>', '<title>Introducing Survival Ethics into Engineering Education and Practice</title> <excerpt>Given the possibilities of synthetic biology, weapons of mass destruction and global climate change, humans may achieve the capacity globally to alter life. This crisis calls for an ethics that furnishes effective motives to take global action necessary for survival.</excerpt>', '<title>Black swans, cognition, and the power of learning from failure</title> <excerpt>Failure carries undeniable stigma and is difficult to confront for individuals, teams, and organizations. Disciplines such as commercial and military aviation, medicine, and business have long histories of grappling with it, beginning with the recognition that failure is inevitable in every human endeavor.</excerpt>', '<title>Doing What Is Right</title> <excerpt>Junior officers have an obligation to ""lead up."" They help senior officers successfully complete missions while maintaining accountability to core values and taking care of those they lead. The following case highlights one junior officer\'s challenge ""leading up"" in a very ambiguous situation.</excerpt>', '<title>Organizational Learning Through Debriefing: The Process of Sharing and Hiding Knowledge</title> <excerpt>Our objective with this article is to reach a better understanding of debriefing as a learning tool by exploring the process of sharing and hiding knowledge and mistakes, respectively. There is disparity between the ideal of sharing every mistake truthfully on the one hand, thus allowing mutual learning, and the human tendency to hide knowledge on the other hand, thus preventing mutual learning.</excerpt>']"
118,6,118_military pilots factors_flights psychophysiological response_flights psychophysiological_military pilots heart,"['military pilots factors', 'flights psychophysiological response', 'flights psychophysiological', 'military pilots heart', 'military pilots', 'flight time combat', 'pilots ages', 'physical psychological exertion', 'pilots ages 25', 'pilots age 33']","['<title>Systolic blood pressure in fighter pilots after 12-15 years service</title> <excerpt>Systolic blood pressure (SBP) was measured at entry and after 12-15 years in 112 fighter pilots and compared to 112 transport and helicopter pilots. The pilots were 20-24 years old on entry into the study.</excerpt>', '<title>The Effect of Expertise during Simulated Flight Emergencies on the Autonomic Response and Operative Performance in Military Pilots</title> <excerpt>Heart rate variability (HRV) and performance response during emergency flight maneuvers were analyzed. Two expert pilots (ages 35 and 33) and two rookie pilots (ages 25) from the Portuguese Air Force participated in this case–control report study.</excerpt>', '<title>Variations in mood states among Brazilian air force pilots: a crossover analysis between operational and aerobatic flight missions</title> <excerpt>Background: Aerobatic flight maneuvers expose military pilots to a confluence of physiological and psychological stressors—including sustained G-forces, vestibular disorientation, and neuromuscular fatigue—that may acutely modulate emotional states and compromise cognitive performance. However, the differential psychometric impact of routine operational flights versus high-intensity air demonstrations remains poorly characterized.</excerpt>', '<title>Impact of real and simulated flights on psychophysiological response of military pilots</title> <excerpt>Objective: The present research aimed to analyse the autonomic, anxiety, perceived exertion, and self-confidence response during real and simulated flights. Methods: This cross-sectional study participated 12 experienced male pilots (age = 33.08 (5.21)) from the Spanish Air Force.</excerpt>', '<title>Metabolic flexibility associated with flight time among combat pilots of the Brazilian air force</title> <excerpt>Introduction: Fighter pilots must support the effects of many stressors, including physical and psychological exertion, circadian disturbance, jet lag, and environmental stress. Despite the rigorous selection of military pilots, those factors predispose to failures in physiological compensatory mechanisms and metabolic flexibility.</excerpt>']"
119,6,119_susceptibility motion sickness_overt motion sickness_motion sickness_factors motion sickness,"['susceptibility motion sickness', 'overt motion sickness', 'motion sickness', 'factors motion sickness', 'motion sickness prevention', 'motion sickness usaf', 'motion sickness incremental', 'sickness simulator sickness', 'motion sickness simulator', 'simulator sickness questionnaire']","['<title>Motion sickness in USAF flying personnel.</title>', '<title>Simulator Sickness Questionnaire: An Enhanced Method for Quantifying Simulator Sickness</title>', '<title>Prevention of overt motion sickness by incremental exposure to otherwise highly stressful coriolis accelerations.</title>', '<title>Side effects of some antimotion sickness drugs as measured by psychomotor test and questionnaires.</title>', '<title>RORSCHACH INDICATIONS OF EMOTIONAL INSTABILITY AND SUSCEPTIBILITY TO MOTION SICKNESS.</title>']"
120,6,120_flight parameters eeg_flight eeg_flight task psychomotor_hr continuous wakefulness,"['flight parameters eeg', 'flight eeg', 'flight task psychomotor', 'hr continuous wakefulness', 'continuous wakefulness', 'flight performance instrument', 'ground personnel pilots', 'force pilots navigating', 'sleep deprivation', 'eeg data']","['<title>Evaluation of flexible cloth electrodes for electrodermal activity recording</title> <excerpt>Background: Instrument selection for recording physiological data in flight studies requires careful attention to subject comfort and non-interference with aircrew activities. Several electrode types and recording sites may be used to examine electrodermal activity (EDA).</excerpt>', '<title>EEG Data Collected from Helicopter Pilots in Flight Are Sufficiently Sensitive to Detect Increased Fatigue From Sleep Deprivation</title> <excerpt>This investigation determined whether the electroencephalographic (EEG) changes associated with sleep deprivation could be reliably recorded from aviators flying standardized maneuvers in an aircraft. In-flight EEG data were recorded from 10 UH-60 helicopter pilots who were kept awake for approximately 26 hr.</excerpt>', '<title>Visual perception, psychomotor performance, and complex motor performance during an overnight air refueling simulated flight</title> <excerpt>Introduction: Visual perception task, complex motor flight task, and psychomotor vigilance task performances were evaluated in U.S. Air Force pilots navigating a high-fidelity fixed wing jet simulator over 26.5 h of continuous wakefulness.</excerpt>', '<title>Evaluation of zolpidem on alertness and psychomotor abilities among aviation ground personnel and pilots</title> <excerpt>The use of hypnotics to optimize rest periods during sustained operations could be of help to military personnel. Zolpidem, an imidazopyridine hypnotic, was evaluated for its residual effects on daytime wakefulness in 12 subjects belonging to ground air force personnel and 12 navy fighter pilots.</excerpt>', '<title>The effects of sleep deprivation on flight performance, instrument scanning, and physiological arousal in pilots</title> <excerpt>The effects of 34 hr of continuous wakefulness on flight performance, instrument scanning, subjective fatigue, and EEG activity were measured. Ten fixed-wing military pilots flew a series of 10 simulator profiles, and root mean squared error was calculated for various flight parameters.</excerpt>']"
121,6,121_pilots medical_flight incapacitations_european aviation safety_flight incapacitations deaths,"['pilots medical', 'flight incapacitations', 'european aviation safety', 'flight incapacitations deaths', 'psychological testing pilot', 'european pilot', 'aging pilot', 'requirements commercial pilots', 'flight incapacitation commercial', 'european pilot population']","['<title>Psychological testing and pilot licensing</title> <excerpt>This article reviews contemporary trends in the psychological testing of pilots. It is written in the particular context of draft European Joint Aviation Authorities licensing proposals which, in certain circumstances, envisage psychological testing for pilot licensing purposes.</excerpt>', '<title>Grounding of Pilots: Medical Reasons and Recommendations for Prevention</title> <excerpt>BACKGROUND: this article presents the results of an EASA-commissioned study aimed at analyzing the medical causes of grounding of a broad European pilot population and recommending measures to reduce the risk of in-flight incapacitation in commercial air transport pilots. method: European National Aviation Authorities (NAAs) were requested to provide data concerning the total number of pilots that were examined, their age and license category, number of unfit pilots, and the medical causes of each case of grounding.</excerpt>', '<title>Medical disqualification of 275 commercial pilots: Changing patterns over 20 years</title> <excerpt>Introduction: The medical requirements for commercial pilots are issued by the ICAO and the European aviation safety organization JAA. In Norway, the Aeromedical Section of the Civil Aviation Authority assesses whether pilots are medically fit to fly.</excerpt>', '<title>Comparative study of physical and mental incapacities among Portuguese airline pilots under and over age 60</title> <excerpt>This study evaluated the number of definitive flight incapacitations and deaths which occured among Portugese airline pilots between 1945 and 1983. Also, all pilots over 60, no longer flying, continued to be submitted to the same medical, psychological and psychomotor tests as before.</excerpt>', '<title>Intraventricular conduction disturbances in flying personnel: Right bundle branch block</title> <excerpt>The evolutive characteristics, as well as the qualification criteria, applied to 41 cases of complete right bundle branch block (CRBBB), detected in a presumably healthy population composed of 6,915 male individuals performing civil flying activities (prevalence = 5.9 per 1,000) were studied. In 17 cases, the CRBBB was detected in the first electrocardiogram (ECG).</excerpt>']"
122,6,122_perceptions passenger air_pilots willingness operate_pilots willingness_urban air mobility,"['perceptions passenger air', 'pilots willingness operate', 'pilots willingness', 'urban air mobility', 'mobility technology readiness', 'perceptions passenger', 'predictor pilots willingness', 'air mobility', 'adoption model', 'acceptance model']","['<title>Technology Adoption and Acceptance of Urban Air Mobility Systems: Identifying Public Perceptions and Integration Factors</title> <excerpt>Objective: This study aims to identify expectations and perceptions of Passenger Air Vehicles (PAVs). Specifically, (1) what are the initial perceptions of PAVs by the public, and (2) what are the differences between early and laggard adopters of PAVs.</excerpt>', '<title>The Technology Readiness and Acceptance Model as a Predictor of Pilots’ Willingness to Operate in UAM Integrated Airspace</title> <excerpt>Objective: This research study aimed to identify the factors influencing manned aircraft pilots’ willingness to operate in AAM/UAM integrated airspace using a hypothesized model grounded in the Technology Readiness Index (TRI) and Technology Acceptance Model (TAM). Background: Advanced Air Mobility (AAM) is the concept of using novel aircraft to transport cargo and passengers in and around regional and urban areas.</excerpt>', '<title>The Use of Hedonic-Motivation System Adoption Model in Evaluating Aviation Technology students’ Behavioral Intention and Immersion Toward Using Flight Simulator</title> <excerpt>Background: In aviation education, flight simulators are required instructional infrastructures, but there is a scarcity of studies exploring students’ behavioral intention and immersion to use these technologies within the lens of Hedonic–Motivation System Adoption Model. Methods: Using quantitative cross-sectional survey design, 241 aviation technology students participated in an online survey.</excerpt>', '<title>Cars are Ready to Fly: Urban Air Mobility and Psychological Process of Sustainable Travel Mode Choices</title> <excerpt>Objective: This study is designed to predict individuals’ pro-social behavior in their choice of travel modes. Specifically, the consumer adoption process and the norm activation model are incorporated as the overarching theoretical model in consideration of the relative advantages of urban air mobility.</excerpt>', '<title>User acceptance of autonomous combined transport systems in Germany: a cross-conceptual view</title> <excerpt>The concept of autonomous combined transport utilizes autonomous vehicles for simultaneous passenger and goods transportation and is associated with a reduction in road traffic through bundling effects and economies of scale. Yet, its potential benefits particularly hinge on penetration and utilization rates.</excerpt>']"
123,6,123_hypoxia effects auditory_physiological studies hypoxia_hypoxia modality dependent_performance vulnerable hypoxia,"['hypoxia effects auditory', 'physiological studies hypoxia', 'hypoxia modality dependent', 'performance vulnerable hypoxia', 'hypoxia modality', 'normobaric hypoxia auditory', 'hypoxia remains concern', 'studies hypoxia', 'military aviation hypoxia', 'hypoxia symptoms include']","['<title>Outcome measure to assess head-down bed rest subject performance</title> <excerpt>Background: The purpose of the present study was to develop an objective outcome measure to assess the performance of head-down bed rest subjects. The rationale behind the development was that the current outcome measure is subjective and dependent upon how much the clinical psychologist knows about subject behaviors during the study to rate them accurately.</excerpt>', '<title>Initial Psychometric Validation of a Self-Report Measure of the Symptoms of Mild Hypoxic Hypoxia</title> <excerpt>INTRODUCTION: There has been long-standing interest in the physiological and psychological effects of mild hypoxia on aircrew, but to date there is no psychometrically valid self-report measure of subjective symptoms. METHODS: To address this gap, we developed a self-report scale along three dimensions of impairment: cognitive, sensory and affective.</excerpt>', ""<title>Effect of normobaric hypoxia on auditory sensitivity</title> <excerpt>Previous psychophysical studies of hypoxia's effects on auditory sensitivity have provided mixed results but the weight of evidence supports the conclusion that sensitivity is unaffected by hypoxia. This conclusion is discrepant with that drawn from physiological studies in which hypoxia has been found to affect auditory-evoked response (AER) latency.</excerpt>"", '<title>Cognitive deterioration in moderate and severe hypobaric hypoxia conditions</title> <excerpt>BACKGROUND: Hypoxia continues to present risks in military aviation. Hypoxia symptoms include sensory and cognitive effects; of these, it is important to identify which components of operator performance are most vulnerable to hypoxia-induced decline in order to determine which sensory modality is most effective for alerting an impaired aviator of an imminent hypoxic episode.</excerpt>', '<title>Evidence that the slowing caused by acute hypoxia is modality dependent</title> <excerpt>Background: AFM (Additive Factors Method) experiments conducted with visual stimuli suggest that the slowing produced by acute hypoxia is located at the earliest preprocessing stage of information processing and that later stages are unaffected (the bottleneck hypothesis). Methods: To determine the contribution of degraded visual functioning to slowing, we bypassed this modality and measured reaction time in an AFM paradigm to auditory (Experiment 1) and kinesthetic (Experiment 2) stimuli.</excerpt>']"
124,6,124_mental workload psychophysiological_cardiovascular assessment mental_mental workload using_workload using heart,"['mental workload psychophysiological', 'cardiovascular assessment mental', 'mental workload using', 'workload using heart', 'cognitive workload', 'hemodynamic stress mental', 'mental stress using', 'testing mental stress', 'mental stress intrinsically', 'assessment mental workload']","[""<title>Cardiac autonomic responses in relation to cognitive workload during simulated military flight</title> <excerpt>Understanding the operator's cognitive workload is crucial for efficiency and safety in human–machine systems. This study investigated how cognitive workload modulates cardiac autonomic regulation during a standardized military simulator flight.</excerpt>"", '<title>The use of autonomic components to improve cardiovascular assessment of mental workload in flight simulation</title> <excerpt>Principal components analysis of multiple psychophysiological measures of cardiovascular activity was used to derive the underlying sympathetic and parasympathetic information needed to represent the autonomic space for heart period. This method was applied to cardiac data that were previously collected during a full-mission flight simulation from volunteer commercial pilots (Corwin et al, 1989).</excerpt>', '<title>Going Beyond Heart Rate: Autonomic Space and Cardiovascular Assessment of Mental Workload</title> <excerpt>Psychophysiological assessment of pilot mental workload using heart rate should be augmented with an autonomic space model of cardiovascular function. This model proposes that autonomic nervous system influences on the heart may change with psychological processing in ways that are not evident in heart rate.</excerpt>', '<title>Comparison of myocardial ischemia during intense mental stress using flight simulation in airline pilots with coronary artery disease to that produced with conventional mental and treadmill exercise stress testing</title> <excerpt>Mental stress increases cardiovascular morbidity and mortality. Although laboratory mental stress often causes less myocardial ischemia than exercise stress (ES), it is unclear whether mental stress is intrinsically different or differences are due to less hemodynamic stress with mental stress.</excerpt>', '<title>Comparison between artificial neural network and multilinear regression models in an evaluation of cognitive workload in a flight simulator</title> <excerpt>In this study, the performances of artificial neural network (ANN) analysis and multilinear regression (MLR) model-based estimation of heart rate were compared in an evaluation of individual cognitive workload. The data comprised electrocardiography (ECG) measurements and an evaluation of cognitive load that induces psychophysiological stress (PPS), collected from 14 interceptor fighter pilots during complex simulated F/A-18 Hornet air battles.</excerpt>']"
125,6,125_critical incident stress_incident stress_emergency situations_medical emergency situations,"['critical incident stress', 'incident stress', 'emergency situations', 'medical emergency situations', 'incident stress cis', 'incidents critical victims', 'incidents attend casualties', 'casualty incidents', 'incidents work', 'mass casualty incidents']","[""<title>Why people 'freeze' in an emergency: Temporal and cognitive constraints on survival responses</title> <excerpt>Background: Many witnesses attest that victims of a disaster often perish despite reasonable possibilities for escaping because their behavior during the initial moments of the accident was inappropriate to the situation. Frequently witnesses report victims 'freezing' in the face of danger.</excerpt>"", '<title>What I don’t know can hurt you: Collateral combat damage seems more acceptable when bystander victims are unidentified</title> <excerpt>Five experiments (N = 2,204) examined responses to a realistic moral dilemma: a military pilot must decide whether to bomb a dangerous enemy target, also killing a bystander. Few people endorsed bombing when the bystander was an innocent civilian; however, when the bystander’s identity was unknown, over twice as many people endorsed the bombing.</excerpt>', '<title>Coping with complex medical emergency situations: Competent and successful decision-making, communication and leadership; Medizinisches Handeln in komplexen Notfallsituationen: Kompetent und erfolgreich entscheiden, kommunizieren und führen</title> <excerpt>Background: Stress is an integral part of the daily routine among healthcare workers in anesthesiology and emergency medicine. Objectives: This article describes negative stress effects in complex emergency situations and presents helpful tools for coping with them.</excerpt>', '<title>Critical Incident Stress Management (CISM) in complex systems: Cultural adaptation and safety impacts in healthcare</title> <excerpt>In complex systems, such as hospitals or air traffic control operations, critical incidents (CIs) are unavoidable. These incidents can not only become critical for victims but also for professionals working at the ""sharp end"" who may have to deal with critical incident stress (CIS) reactions that may be severe and impede emotional, physical, cognitive and social functioning.</excerpt>', '<title>Psychological resilience among emergency medical teams in Singapore</title> <excerpt>Problem: Emergency medical teams (EMTs) responding to mass casualty incidents attend to casualties in a chaotic, high-pressure and resource-limited environment that is vastly different from their day-to-day work. The nature of mass casualty incidents and the work environment can impact psychological resilience, but the psychological resilience of members of EMTs has not been evaluated.</excerpt>']"
126,6,126_personality crew coordination_personality crew performance_management contrasted pilots_performance pilots construed,"['personality crew coordination', 'personality crew performance', 'management contrasted pilots', 'performance pilots construed', 'performance relation aviation', 'impact captain personality', 'personality crew', 'performance crew position', 'performance corporate aviation', 'crew coordination']","['<title>Cockpit resource management: Exploring the attitude-performance linkage</title> <excerpt>Measured attitudes regarding cockpit management were contrasted for pilots whose line flying performance was independently evaluated by Check Airmen as above or below average. A highly significant discriminant function was obtained indicating that these attitudes are significant predictors of behavior.</excerpt>', ""<title>Aircrew perceived stress: Examining crew performance, crew position and captains personality</title> <excerpt>This study was conducted at NASA Ames Research Center as a part of a larger research project assessing the impact of captain's personality on crew performance and perceived stress in 24 air transport crews (5). Three different personality types for captains were classified based on a previous cluster analysis (3).</excerpt>"", '<title>Outcomes of Crew Resource Management Training</title> <excerpt>Participants self-reports and measures of attitudes regarding flightdeck management indicate that crew resource management training is favorably received and causes highly significant, positive changes in attitudes regarding crew coordination and personal capabilities. However, a subset of participants reacted negatively to the training and showed boomerangs (negative change) in attitudes.</excerpt>', '<title>Using binary logistic regression to screen candidates for instructor pilot upgrade</title> <excerpt>Researchers who focus on aircrew performance and its relation to aviation safety have endeavored to understand personality traits and attributes andtheireffecton team coherence and performance. Moreover, corporate aviation departments and commercial air carriers have vested interests in hiring those applicants who have the propensity to perform effectively in a team environment.</excerpt>', '<title>Pilot Personality and Crew Coordination: Implications for Training and Selection</title> <excerpt>The performance of pilots can be construed as a product of skill, attitude, and personality factors. Although a great deal of effort within the aviation community has been focused on ensuring technical expertise, and new efforts highlight attitudes associated with crew coordination, personality factors have been relatively unexplored.</excerpt>']"
127,6,127_speech based controls_intelligibility multitalker speech_multitalker speech displays_multitalker speech display,"['speech based controls', 'intelligibility multitalker speech', 'multitalker speech displays', 'multitalker speech display', 'multitalker speech communication', 'pilots listening alternately', 'multitalker speech', 'intelligibility speech based', 'messages effects alerting', 'pilots listening']","['<title>Factors that influence intelligibility in multitalker speech displays</title> <excerpt>Although many researchers have commented on the potential of audio display technology to improve intelligibility in multitalker speech communication tasks, no consensus exists on how to design an ""optimal"" multitalker speech display. In this article, we review several experiments that have used a consistent procedure to evaluate the effect of four monaural parameters on overall intelligibility.</excerpt>', ""<title>Time Required for Transmission of Time-Critical Air Traffic Control Messages in an En Route Environment</title> <excerpt>This article examines the time required for an air traffic control specialist to successfully transmit a message containing a maneuver required for traffic avoidance to a pilot in the en route environment. Time required was measured from the beginning of the controller's message to the end of the pilot's correct acknowledgement.</excerpt>"", '<title>Improving Pilot/Air Traffic Control Voice Communication in General Aviation</title> <excerpt>The influence of the air traffic control (ATC) message format and message length was investigated on the ability of general aviation pilots to read back ATC instructions. While flying a simulator, 12 pilots heard altitude and radio frequency instructions spoken in grouped format (""forty-one-hundred""), and 12 heard them sequentially (""four-thousand-one-hundred"").</excerpt>', '<title>Synthesized warning messages: effects of an alerting cue in single- and multiple-function voice synthesis systems</title> <excerpt>The present study examined the effectiveness of preceding synthesized voice warning messages with an alerting cue as a function of the amount of information presented by the voice synthesizer and the workload level in the primary task. Subjects performed a simplified air traffic control task in which they were required to monitor two visual displays and to enter commands via a standard keyboard.</excerpt>', '<title>Speech-based controls in simulated air battle management</title> <excerpt>This experiment evaluated speech-based controls as an aid for Airborne Warning and Control System (AWACS) operators performing simulated Battle Management Command and Control tasks. Twelve AWACS operators were required to track a package of fighter aircraft, receive verbal target changes, and pass the verbal changes to the lead fighter aircraft in a simulated battlefield air interdiction environment.</excerpt>']"
128,5,128_controlled artificial gravity_gravity selection_generated gravity selection_gravitational environment locomotion,"['controlled artificial gravity', 'gravity selection', 'generated gravity selection', 'gravitational environment locomotion', 'artificial gravity vertical', 'coupled accelerations rats', 'accelerations rats', 'generated gravity', 'selection gravitational environment', 'centrifugally generated gravity']","['<title>Some aversive characteristics of centrifugally generated gravity.</title>', '<title>Off-vertical rotation produces conditioned taste aversion and suppressed drinking in mice</title>', '<title>Selection of gravitational environment by locomotion in fields of acceleration.</title>', '<title>Avoidance and escape behavior controlled by artificial gravity.</title>', '<title>Conditioned feeding suppression in rats produced by cross-coupled and simple motions</title> <excerpt>Conditioned feeding suppression was produced in rats by earth-vertical rotation, seesaw acceleration, and cross-coupled accelerations. Rats were exposed to 15 min of motion immediately after eating a sweet, novel food.</excerpt>']"
129,5,129_manual flight control_flight control_simulator flight experiments_flight coupling control,"['manual flight control', 'flight control', 'simulator flight experiments', 'flight coupling control', 'flight control flight', 'flight control flying', 'motion manual flight', 'manual flight', 'flight display effects', 'flight experiments']","['<title>Theoretical foundations for a total energy-based perspective flight-path display</title> <excerpt>One of the most difficult aspects of manually controlled flight is the coupling between the control over the aircraft speed and altitude. These states cannot be changed independent of each other through the aircraft control devices, the elevator and the throttle.</excerpt>', ""<title>A New Interface to Cope with Unreliable Airspeed Indications: A Behavioral and Eye-Tracking Study</title> <excerpt>When unreliable airspeed events occur, the pilot flying (PF) is required to fly the aircraft using the thrust and the pitch parameters that are displayed in two distanced locations of the flight deck. The Sycopaero interface was designed to limit the PF's workload by automatically displaying thrust and pitch values specific to aircraft configuration on the primary flight display.</excerpt>"", '<title>Ergavionics: Designing the Job of Flying an Airplane</title> <excerpt>Ergavionic principles governing the design and operation of an airplane cockpit were discovered through simulator and flight experiments starting during World War II and continuing through the 1970s, but their systematic application has not happened. These principles deal with control location and operation, display integration and pictorial realism, and control/display direction-of-motion relationships.</excerpt>', '<title>Schematic Simulation: A Technique for the Design and Development of a Complex System</title> <excerpt>Schematic simulation is the name of a method for studying system specifications and explicating implications of the specifications for subsystem design. The method was developed in response to the expressed need of the designers of a Terminal Air Traffic Control (TATC) laboratory system.</excerpt>', '<title>The effects of time delay and physical motion on manual flight control: An in-flight and ground-based simulation experiment</title> <excerpt>An experiment addressed the effects of time delay and physical motion on manual flight control and flying qualities ratings. Flight tasks were presented on a head-up display in a variable-stability NT-33A aircraft.</excerpt>']"
130,5,130_training evaluating pilot_qualification airplane simulators_pilot training based_techniques instructor pilots,"['training evaluating pilot', 'qualification airplane simulators', 'pilot training based', 'techniques instructor pilots', 'oriented flight training', 'training experiment rating', 'pilot crews realistic', 'operational simulation ratings', 'instructors rated crew', 'motion simulator instructors']","['<title>On the Evaluation of Training Devices</title> <excerpt>The theme of the paper is ways of evaluating flight simulators for aircrew training. The transfer of training experiment and the rating method are the two present-day ways of evaluating the worth of a simulator.</excerpt>', '<title>The Reliability of Instructor Evaluations of Crew Performance: Good News and Not So Good News</title> <excerpt>Two instructors rated the crew performance of helicopter crews (N = 45) who flew a simulated mission in a full-motion simulator. The instructors were given dimension training and behavior-observation training before the ratings.</excerpt>', '<title>Facilitating LOFT debriefings: Instructor techniques and crew participation</title> <excerpt>This study analyzes techniques instructor pilots (IPs) use to facilitate crew analysis and evaluation of line-oriented flight training performance. We analyzed IP facilitation and crew participation for 36 debriefing sessions conducted at 5 U.S.</excerpt>', '<title>Practitioner Paper: Simulator Qualification: Just as Phony as It Can Be</title> <excerpt>The qualification of airplane simulators for pilot training is based on the assumption that transfer of such training is directly related to the similarity of the device to an actual airplane. The consequence of this widely held position has been the specification of training device requirements solely on the basis of engineering criteria.</excerpt>', '<title>Improving the Construct Validity of line Operational Simulation Ratings: Lessons Learned from the Assessment Center</title> <excerpt>Line operational simulations (LOS) are commonly used for training and evaluating pilot crews under realistic conditions. Despite their widespread use, the construct validity of LOS ratings remains largely unexplored.</excerpt>']"
131,5,131_pilot performance assessment_pilot proficiency objective_pilot instructor rater_pilots nontechnical performance,"['pilot performance assessment', 'pilot proficiency objective', 'pilot instructor rater', 'pilots nontechnical performance', 'measures pilots nontechnical', 'pilots newer proficiency', 'pilot performance relies', 'measures pilots', 'interrater reliability training', 'performance assessment focused']","['<title>Interrater Reliability at the Top End: Measures of Pilots’ Nontechnical Performance</title> <excerpt>Objective: The aim of this study was to analyze influences on interrater reliability and within-group agreement within a highly experienced rater group when assessing pilots’ nontechnical skills. Background: Nontechnical skills of pilots are crucial for the conduct of safe flight operations.</excerpt>', '<title>Flight Examiners’ Methods of Ascertaining Pilot Proficiency</title> <excerpt>Objective: To determine how flight examiners reason and which methods they use when assessing the competencies of pilots for continued accreditation purposes and type-rating training. Background: Early work on pilot performance assessment focused on measurement models, including the accuracy and reliability of the scores attributed to the human factors variables included.</excerpt>', '<title>Pilot Instructor Rater Training: The Utility of the Multifacet Item Response Theory Model</title> <excerpt>A multifacet 1-parameter item response theory (ie, Rasch) model was used to examine interrater reliability training for pilot instructors. This model provides a means for examining individual instructor leniency or severity in ratings, difficulty of grade-sheet items, skill levels of flight crews, and interactions among these components.</excerpt>', '<title>Improving Rater Calibration in Aviation: A Case Study</title> <excerpt>The assessment of pilot performance relies on systematic observation and assessment by a single trained rater or instructor/evaluator (I/E). Because of the importance of aviation safety, it is imperative that the rating and evaluation processes used by these I/Es yield reliable and valid data.</excerpt>', '<title>Assessing and Improving Evaluation of Aircrew Performance</title> <excerpt>Evaluation of aircrew performance serves the critical functions of assessing the qualifications of individual pilots and, under newer proficiency-based training programs, providing data for modifying training programs. We apply psychometric methods to assessing and improving the quality of evaluation of aircrew performance.</excerpt>']"
132,5,132_perspective hazard displays_perspective displays_eye display_perspective aircraft hazard,"['perspective hazard displays', 'perspective displays', 'eye display', 'perspective aircraft hazard', 'hazard displays presented', 'perspective aircraft', 'hazard displays', 'perspective displays attention', 'graphic displays', 'perspective hazard']","['<title>Display Formatting Techniques for Improving Situation Awareness in the Aircraft Cockpit</title> <excerpt>Three current display design issues are discussed and applied to the design and modification of primary flight and navigation instruments in the context of a situation awareness assessment. These are (a) display perspective (twodimensional vs three-dimensional), (b) frame of reference (inside-out vs outside-in), and (c) visual momentum (monochrome vs color).</excerpt>', ""<title>Tactical displays for combat awareness: An examination of dimensionality and frame of reference concepts and the application of cognitive engineering</title> <excerpt>Three prototype displays are contrasted for aircraft navigation and tactical hazard awareness: a conventional 2-D coplanar display, an exocentric (God's eye) 3-D display, and an immersed (pilot's eye) 3-D display coupled with a small scale global display. Strengths and weaknesses of each display type are discussed, related particularly to the ambiguity of perspective displays and to attention allocation problems with dual-display suites.</excerpt>"", '<title>Cockpit Displays of Traffic and Weather Information: Effects of 3D Perspective Versus 2D Coplanar Rendering and Database Integration</title> <excerpt>Objective: The objectives were to evaluate the viability of 3-dimensional (3D) perspective aircraft hazard displays for traffic and weather, in isolation, and when the two were integrated into a single display panel. Background: Prior research identified the costs of such 3D perspective hazard displays, presented from an exocentric perspective, because of their ambiguity in presenting spatial relations in an unstructured 3D space.</excerpt>', ""<title>Situation Awareness as a Function of Frame of Reference, Computer-Graphics Eyepoint Elevation, and Geometric Field of View</title> <excerpt>The purpose olthis study was lo determine how 3 variable for the design of a “heads-down” spatial display—the frame rrf reference (pilot's eye vs God's eye). geomrtric field of view, and elevation of the computer graphics eye-point—influenced situation awareness.</excerpt>"", '<title>Peripheral Polar-Graphic Displays for Signal/Failure Detection</title> <excerpt>The object of this series of studies was to examine the utility of multivariate polar-graphic iconic displays, placed in the parafoveal or near-peripheral regions of the visual field, for the presentation of multiple indices of subsystem performance in an aircraft system context. Results of the first study suggest that (a) such a display, circumscribed about a primary flight instrument, could be used readily to detect performance deviations that exceeded defined “normal” bounds; and (b) polygons are more effective than polar histograms.</excerpt>']"
133,5,133_flight anxiety_measures anxiousness_potential measures anxiousness_anxiety psychological,"['flight anxiety', 'measures anxiousness', 'potential measures anxiousness', 'anxiety psychological', 'measures anxiety levels', 'measures anxiousness indicators', 'anxiousness', 'manifest anxiety scale', 'state trait anxiety', 'trait anxiety']","[""<title>Motion sickness and anxiety</title> <excerpt>Ninety-four Israeli pilot traineses completed a battery of anxiety related questionnaires: Taylor Manifest Anxiety Scale, EPQ, 16PF, and Spielberger's State and Trait Anxiety Scores. Self reports and flight instructor observations of motion sickness symptoms were collected after initial flights.</excerpt>"", '<title>Psychometric Properties of the FAS and the FAM Questionnaires Assessing Flight Anxiety: A Turkish Community-Based Study</title> <excerpt>Objective: To conduct the Turkish adaptation of the Flight Anxiety Situations Questionnaire (FAS) and the Flight Anxiety Modality Questionnaire (FAM). Background: The FAS measures the anxiety levels in different flight situations, while FAM assesses the somatic and cognitive symptoms of anxiety or anticipatory anxiety in different flight situations.</excerpt>', '<title>Effects of instructions on measures of state and trait anxiety in flight students</title> <excerpt>Administered the State-Trait Anxiety Inventory twice to 134 flight students during their routine entrance aviation physical examination. Ss were lower in trait anxiety and higher in state anxiety than a group of 253 previously tested male college students.</excerpt>', '<title>The effects of training on anxiety and task performance in simulated suborbital spaceflight</title> <excerpt>INTRODUCTION: In commercial spaceflight, anxiety could become mission-impacting, causing negative experiences or endangering the flight itself. We studied layperson response to four varied-length training programs (ranging from 1 h-2 d of preparation) prior to centrifuge simulation of launch and re-entry acceleration profiles expected during suborbital spaceflight.</excerpt>', '<title>Subject anxiety and psychological considerations for centrifuge-simulated suborbital spaceflight</title> <excerpt>Introduction: Anxiety and psychological concerns may pose a challenge to future commercial spaceflight. To help identify potential measures of anxiousness and indicators of flight-related stress, the psychiatric histories and anxiousness responses of volunteers exposed to G forces in centrifuge-simulated spaceflight acceleration profiles were examined.</excerpt>']"
134,5,134_provide astronaut candidates_program science astronauts_european astronaut candidates_science astronauts,"['provide astronaut candidates', 'program science astronauts', 'european astronaut candidates', 'science astronauts', 'astronaut candidates', 'provide astronaut', 'astronauts', 'european astronaut', 'international manned space', 'astronaut']","['<title>European Astronaut Candidates in training in the CIS.</title> <excerpt>For four weeks in October and November 1992, we--three European Astronaut Candidates from the European Astronauts Centre (EAC) in Cologne--were fortunate enough to have the opportuity to live and be trained in Star City. It proved to be a fascinating experience, both for us and the EAC Training Engineer, Antonio Torres, who accompanied us..</excerpt>', '<title>Psycho-social training for man in space</title> <excerpt>In preparation for the international manned space station various international and national space agencies are already participating with the Russian MIR programme with short, medium, and long term presence on the MIR station. Although selection criteria for all crew include careful psychological screening, with some effort also regarding team build-up, this has proved insufficient; moreover, little or no effort is expended in the area of psycho-social- or team training.</excerpt>', ""<title>Psychological training of German science astronauts</title> <excerpt>Although the significance of psychosocial issues of manned space flights has been discussed very often in recent literature, up to now, very few attempts have been made in North-America or Europe to provide astronaut candidates or spacecrew members with some kind of psychological training. As a first attempt in this field, a psychological training program for science astronauts is described, which has been developed by the German Aerospace Research Establishment and performed as part of the mission-independent biomedical training of the German astronauts' team.</excerpt>"", ""<title>Psychological evaluation of European astronaut applications: Results of the 1991 selection campaign</title> <excerpt>In the summer of 1991, the European Space Agency (ESA) performed its second selection campaign since 1977 in order to find 10 astronaut candidates (laboratory specialists and space plane specialists). An integral part of this selection process was the psychological evaluation, according to the principles laid down in the study report 'Definition of Psychological Testing of Astronaut Candidates.' After national preselection, 59 applicants underwent the psychological evaluation, which consisted of the assessment of operational aptitudes (basic cognitive and psychomotor functions) and personality traits (motivation, social capability, stress resistance).</excerpt>"", ""<title>Group dynamics training for manned spaceflight and the capsuls mission: Prophylactic against incompatibility and its consequences?</title> <excerpt>On February 7, 1994, four Canadian Astronauts were sealed off in a hyperbaric chamber at the Canadian Government's Defense and Civil Institute for Environmental Medicine in Toronto, Canada. This space lab training mission lasted seven days and was the first to be conducted with astronauts outside of Russia.</excerpt>""]"
135,5,135_flight crash_flight 052 crashed_flight crash screens_flight 5191 inadvertently,"['flight crash', 'flight 052 crashed', 'flight crash screens', 'flight 5191 inadvertently', 'factors near crash', 'emergency landing', 'flight crew comair', 'crash', 'flight 052', 'comair flight 5191']","[""<title>Anatomy of a System Accident: The Crash of Avianca Flight 052</title> <excerpt>On January 25, 1990, Avianca Flight 052 crashed after running out of fuel following a missed approach to New York's John F. Kennedy Airport.</excerpt>"", '<title>The Aircraft Crash at Gottröra: Experiences of the Cockpit Crew</title> <excerpt>This article deals with an aircraft accident in which the two engines lost their power immediately after takeoff and the pilots succeeded in landing the aircraft safely with the 129 people on board. The pilots have been interviewed concerning the human machine interaction, the task allocation, and their reactions.</excerpt>', '<title>Fatigue and related human factors in the near crash of a large military aircraft</title> <excerpt>Introduction: During approach to a remote island location, a U.S. Air Force heavy-airlift aircraft was flown into an aerodynamic stall, resulting in the loss of more than 4000 ft of altitude, with the crew recovering the aircraft just before impact would have occurred.</excerpt>', '<title>Anxiety and Coping Behavior During an Emergency Landing</title> <excerpt>A flight from London to New York (the Titanic itinerary), presenting a flight crash on one of the screens and a film about the Titanic on the other, suddenly had a fire on board. The captain intended to make an emergency landing on the water near the spot where the Titanic disappeared.</excerpt>', '<title>An exploration of the utility of mathematical modeling predicting fatigue from sleep/wake history and circadian phase applied in accident analysis and prevention: The crash of Comair Flight 5191</title> <excerpt>On 27 August 2006 at 0606 eastern daylight time (EDT) at Bluegrass Airport in Lexington, KY (LEX), the flight crew of Comair Flight 5191 inadvertently attempted to take off from a general aviation runway too short for their aircraft. The aircraft crashed killing 49 of the 50 people on board.</excerpt>']"
136,5,136_trust aviation_trust aviation maintenance_trust automation_objective trust,"['trust aviation', 'trust aviation maintenance', 'trust automation', 'objective trust', 'trust theory', 'human trust automation', 'human trust', 'objective trust indicators', 'objective objective trust', 'human trust civil']","['<title>Trust of an automatic ground collision avoidance technology: A fighter pilot perspective</title> <excerpt>The present study examined the antecedents of trust among operational Air Force fighter pilots for an automatic ground collision avoidance technology. This technology offered a platform with high face validity for studying trust in automation because it is an automatic system currently being used in operations by the Air Force.</excerpt>', ""<title>Using System-Wide Trust Theory to Reveal the Contagion Effects of Automation False Alarms and Misses on Compliance and Reliance in a Simulated Aviation Task</title> <excerpt>System-wide trust theory (Keller & Rice, 2010) suggests that automated aids associated with multiple independent gauges tend to be treated as one system. Meyer's (2001, 2004) compliance-reliance model indicates that false-alarm-prone and miss-prone automated aids affect operator behavior differently.</excerpt>"", '<title>Towards Human Objective Real-Time Trust of Autonomy Measures for Combat Aviation</title> <excerpt>Objective: Can objective trust indicators be measured and computed in real time in a within visual range aerial combat “dogfight” scenario consisting of a manned autonomous own-ship versus an adversary? Background: Previous research has focused on human trust of automation during simulated ground combat and human trust of civil aviation automation. Those studies largely consisted of subjective measures of trust analyzed post-hoc.</excerpt>', '<title>Exploring the Association between Communication Satisfaction and Trust in the Aviation Maintenance Environment: An International Study</title> <excerpt>Objective: Is there any association detectable between communication and trust in the aviation maintenance sector? Background: Effective communication can have a positive contribution to safety in the aviation maintenance industry. In concert with trust, communication can also influence the detection of failures during the practice of maintenance in a civil and military aviation environment.</excerpt>', '<title>Could Pilots and Controllers Learn to Adequately Trust Their Partners?: A First Experimental Response</title> <excerpt>To find out whether it is possible to train pilots and controllers to adequately trust their partners, and thus modify their behavior and increase their performance, this study experimentally tested whether individuals disposition to trust is influenced by their social learning. Objective measurements related to the task to perform, collected over two successive phases, were used for two different groups of aviation staff.</excerpt>']"
137,5,137_flights nurses responsibilities_nurses possessing flight_flights nurses_nurses aeromedical evacuation,"['flights nurses responsibilities', 'nurses possessing flight', 'flights nurses', 'nurses aeromedical evacuation', 'nurses responsibilities aerospace', 'military flight nurse', 'nurses aerospace services', 'nurses work aerospace', 'flight nurse', 'nurses aerospace']","['<title>Motivational factors that affect the retention of reserve nurses in eight aeromedical evacuation flights</title>', '<title>Coping with expanding nursing practice, knowledge, and technology</title> <excerpt>Nurses utilize transcultural, transactional, systems, primary, and interdisciplinary approaches to physiological and psychosocial components of patient care. Expanded roles, as well as advances in knowledge and technology have prepared nurses for critical, specialized, primary, aerospace, and independent nursing practice.</excerpt>', '<title>Understanding post-deployment reintegration concerns among en route care nurses: A mixed-methods approach</title> <excerpt>The objective of this study was to better understand the post-deployment behavior health symptoms and readjustment/reintegration experienced by military nurses who provided en route care while serving in Operation Enduring Freedom/Operation Iraqi Freedom. Employing an exploratory, concurrent, mixed-methods design with an electronic survey consisting of several valid instruments and single, face-to-face interviews; data were gathered from 119 surveys and 22 interviews.</excerpt>', '<title>Nurses’ responsibilities in the aerospace environment; Atribuições do enfermeiro no ambiente aeroespacial; Atribuciones del enfermero en el medio ambiente aeroespacial</title> <excerpt>Objectives: to characterize the nurses who work in the aerospace environment and to identify their most frequent responsibilities during the pre-flight, flight, and post-flight periods. Methods: a quantitative, exploratory-descriptive research, conducted using a survey through Google forms®, from January to April of 2018, with 50 nurses from aerospace services in Brazil.</excerpt>', '<title>Experiences and perceptions of nurses and air ambulance service providers in carrying out aeromedical evacuations in Indonesia: A qualitative research</title> <excerpt>Background: Basic non-military flight nurse training is essential for enhancing nurses’ competency in conducting aeromedical evacuations. Trained nurses possessing flight nurse proficiency are indispensable for ensuring stable patient conditions amidst the unique physical, physiological, and psychological challenges encountered during flights.</excerpt>']"
138,5,138_physiological signal fusion_multimodal physiological signal_detecting mental states_mood state detection,"['physiological signal fusion', 'multimodal physiological signal', 'detecting mental states', 'mood state detection', 'emotion transition recognition', 'using multimodal physiological', 'detecting mental', 'facial expression perception', 'multimodal physiological', 'signal fusion']","['<title>Facial Expression Perception and Psychological Changes During Space Analogs</title> <excerpt>Facial expression perception is the process by which someone can interpret the emotion of another individual using their facial cues. Below-average scores on tests designed to measure facial expression recognition (FER) accuracies are associated with inappropriate behavioral responses and are often linked to mental or neurological disorders.</excerpt>', '<title>Dynamic Multi-Biosignal Fusion for Detecting the Mental States of Drivers and Passengers in Vehicles</title> <excerpt>As transportation systems grow in complexity and autonomous vehicle technologies advance, detecting the mental states of drivers and passengers is crucial for enhancing traffic safety and user experience. Recent studies have explored multi-biosignal fusion to monitor these states.</excerpt>', ""<title>Non-Contact Negative Mood State Detection Using Reliability-Focused Multi-Modal Fusion Model</title> <excerpt>Negative mood states include tension, depression, anger, fatigue, and confusion, which represent the weak internal emotions of a human. Negative mood states exert adverse impact on individuals' ability to make rational decisions, which entails the practicable method of negative mood state detection.</excerpt>"", '<title>Emotion Transition Recognition Using Multimodal Physiological Signal Fusion</title> <excerpt>Most existing emotion recognition studies rely on discrete stimulus paradigms under controlled laboratory conditions, failing to capture the inherently dynamic and transitional nature of emotional states encountered in real-world operational environments. To address this gap, we propose a novel approach for emotion transition recognition using multimodal physiological signal fusion.</excerpt>', '<title>Machine Learning/Artificial Intelligence for Sensor Data Fusion-Opportunities and Challenges</title> <excerpt>During Fusion 2019 Conference (https://www.fusion2019.org/program.html), leading experts presented ideas on the historical, contemporary, and future coordination of artificial intelligence/machine learning (AI/ML) with sensor data fusion (SDF). While AI/ML and SDF concepts have had a rich history since the early 1900s-emerging from philosophy and psychology-it was not until the dawn of computers that both AI/ML and SDF researchers initiated discussions on how mathematical techniques could be implemented for real-time analysis.</excerpt>']"
139,5,139_miscommunication pilots air_language fluency_investigated language anxiety_language anxiety,"['miscommunication pilots air', 'language fluency', 'investigated language anxiety', 'language anxiety', 'english language fluency', 'native english communication', 'language proficiency', 'native english speaking', 'native language accents', 'language accents phraseology']","['<title>Non-native English Communication and Anxiety in Military ATC: Insights from Korean Air Traffic Controllers</title> <excerpt>This mixed-methods study investigated language anxiety among Korean military air traffic controllers (ATCOs) when communicating with native English-speaking pilots. The quantitative phase (N = 81) used hierarchical regression analysis examining relationships between individual characteristics and anxiety levels.</excerpt>', '<title>An Investigation into the Factors that Affect Miscommunication between Pilots and Air Traffic Controllers in Commercial Aviation</title> <excerpt>Objective: The present research sought to investigate the communication performance of both native English sounding pilots and accented commercial pilots in two different phases of flight, the approach and departure phase of flight. Background: English language proficiency requirements, standardized phraseology, and readbacks are some of the proactive measures which the aviation industry employs to ensure effective communication.</excerpt>', '<title>Vowel Centered Accent Modification in Mandarin Chinese Speaking Pilot Candidates</title> <excerpt>Objective: To determine the effectiveness of vowel centered accent modification (VCAM) on percent vowels correct (PVC) in Mandarin-speaking Chinese pilot candidates at the word, phrase, and semi-structured speech levels to increase the likelihood of pilot candidates passing the International Civil Aviation Organization’s (ICAO) Level 4 English Proficiency Requirement. Method: This was a single-subject changing criterion design with six participants.</excerpt>', '<title>Miscommunication in Commercial Aviation: The Role of Accent, Speech Rate, Information Density, and Politeness Markers</title> <excerpt>Objective: This study is specifically designed to examine the effect of accent (native or non-native English sounding), rate of speech, complexity of transmission (information density), and politeness markers on commercial pilot (mis)communication. Background: Aviation accident reports often cite miscommunication as a contributing factor.</excerpt>', '<title>Optimization of a Customized Leadership Development Program Upskilling English Language Fluency in Brazil Aviation Leaders</title> <excerpt>Objective: The present study explored how a customized leadership development program (LDP) with coursework taught in English to non-native English speakers could optimize English language fluency in Brazil airline leaders. Background: Currently, problems exist with a myriad of native language accents and phraseology interfering with cognitive reflexes especially for aircrews and air traffic controllers to safely do their work.</excerpt>']"
140,4,140_flight safety environmental_effects aircraft accidents_flight safety_aircraft accidents,"['flight safety environmental', 'effects aircraft accidents', 'flight safety', 'aircraft accidents', 'disease flight safety', 'aircraft accidents future', 'performance flying personnel', 'flying personnel', 'air transport flight', 'air force effects']","['<title>The relationship of the physiology of disease to flight safety</title>', '<title>Stress and the effects of air transport on flight crews</title>', '<title>Environmental and occupational problems in the Royal Air Force</title>', '<title>The effects of aircraft accidents upon the future performance of flying personnel</title>']"
141,4,141_flying accidents_flying accidents caused_flying accidents flying_human failure cockpit,"['flying accidents', 'flying accidents caused', 'flying accidents flying', 'human failure cockpit', 'forces pilots study', 'pilots study series', 'screening accident prone', 'forces pilots', 'personality skill environmental', 'premise accidents result']","['<title>The psychologist and flying accidents</title> <excerpt>Flying accidents which are caused by human factors short-comings are an area of legitimate concern to the psychologist. This paper briefly reviews and assesses some of the ways in which psychologists have attempted to tackle the problems in terms of personality, skill, and environmental and domestic stress.</excerpt>', ""<title>The shape of aviation psychology II: Inspiration and continuation</title> <excerpt>The present study follows that undertaken by O'Hare and Lawrence (2000) that reviewed 104 articles published in The International Journal of Aviation Psychology (IJAP) for the period from 1991 to 1995 (inclusive). Utilizing the same methodology, continuity and change were traced in the 112 articles published during 1996 to 2000 (inclusive) on the dimensions examined in the inaugural review.</excerpt>"", ""<title>Recent life change measurement in Canadian forces pilots</title> <excerpt>This study is the first in a series of steps aimed at developing a management tool that will provide a technique for screening accident-prone aviators. Because 'life change' is found to be a contributing factor to stress and development of illness in both civilian and military populations, the study of life change events in aviators is a reasonable point from which to begin.</excerpt>"", '<title>Investigation of life change as a contributing factor in aircraft accidents: A prospectus</title> <excerpt>The author presents a personal perspective on attempts to reduce aircraft accidents resulting from human failure in the cockpit. The premise is that accidents result from an imbalance between performance ability and performance demand.</excerpt>']"
142,4,142_panic disorder military_military aircrews undergo_pd military pilots_perspective military aircrews,"['panic disorder military', 'military aircrews undergo', 'pd military pilots', 'perspective military aircrews', 'pilots ejected hostile', 'panic disorder', 'post military aircrew', 'pilots ejected', 'officer flushing nausea', 'musculoskeletal disorders panic']","['<title>Panic disorder in military aviators: A retrospective study of prevalence</title> <excerpt>Introduction: The occurrence of panic disorder (PD) among military pilots and navigators poses questions with respect to medical care and waiver policy, but the prevalence of such disorders is unclear. We studied the epidemiology of PD in a USAF aircrew population.</excerpt>', '<title>Psychological factors post military aircrew selection: A clinical perspective</title> <excerpt>Military aircrews undergo rigorous psychological and medical testing during the selection process. This paper discusses information gained from aircrew who have been referred for clinical psychological evaluation for four main reasons i) fear of flying (FOF), ii) loss of motivation to fly/failing aviator syndrome, iii) traumatic experiences such as an ejection or Prisoner of War (POW) experience, and iv) psychological factors affecting medical conditions such as those in musculoskeletal disorders.</excerpt>', '<title>Panic with a twist: An unusual presentation of combined psychiatric and neurologic symptoms in a tactical jet aviator</title> <excerpt>A 28-yr-old Naval F-14 aviator presented with complaints of flight- related anxiety occurring intermittently over an 18-mo period. Symptoms included sensation of strangeness, concern over the welfare of his radar intercept officer, flushing, nausea, and intense need to immediately land the aircraft.</excerpt>', '<title>Ejection in hostile environments: Medico-psychological aspects for the fighter pilot</title> <excerpt>Introduction: In the French Air Force, commitment of fighter squadrons in Afghanistan revives the fear among pilots of being ejected in a hostile environment, along with the prospect of being captured. Clinical Observations: Although ejection in a hostile environment is an exceptional event, it is what flight crews fear most strongly over enemy territory.</excerpt>']"
143,4,143_air medical transport_personnel air medical_medical transport accidents_air medical,"['air medical transport', 'personnel air medical', 'medical transport accidents', 'air medical', 'members air medical', 'members intensive care', 'medical transport family', 'objective air medical', 'personal experience aeromedical', 'medical transport post']","['<title>Survivors perceptions of recovery following air medical transport accidents</title> <excerpt>Objective: Air medical transport (AMT) teams play an essential role in the care of the critically ill and injured. Their work, however, is not without risk.</excerpt>', ""<title>Air medical transport: What the family wants to know</title> <excerpt>Introduction: The needs of family members of intensive care unit patients are well-documented, but there is little published about the specific needs of family members of air medical patients. Purpose: This study was devised to identify family member's information needs regarding air medical transport.</excerpt>"", ""<title>Personal experience of aeromedical evacuation of patients in the Balkans.</title> <excerpt>Nurses in the Princess Mary's Royal Air Force Nursing Service (PMRAFNS) undertake a variety of different roles in providing nursing care to Armed Forces personnel wherever they may serve. One such role is the evacuation by air of sick or injured personnel.</excerpt>"", '<title>Post accident/incident counseling: Some exploratory findings</title> <excerpt>An examination of the literature, and other sources of information, suggested that there might be prophylactic value in early psychological intervention following crewmember involvement in stressful incidents. An exploratory study, at a small commercial pilot base (c200 pilots), was undertaken to assess the value of early intervention.</excerpt>']"
144,4,144_measuring workload flight_pilot workload_measures flight test_flight tests,"['measuring workload flight', 'pilot workload', 'measures flight test', 'flight tests', 'pilot workload workload', 'workload flight', 'flight test', 'pilot inceptor workload', 'goals aircraft test', 'tests require pilots']","['<title>Heart Rate Measures of Flight Test and Evaluation</title> <excerpt>One of the goals of aircraft test and evaluation is to determine whether the crew can operate a new system safely and effectively. Because flying is a complex task, several measures are required to derive the best evaluation.</excerpt>', '<title>Workload Perception of Air Traffic Control Officers and Pilots during Continuous Descent Operations Approach Procedures</title> <excerpt>The paper examines the workload perceived by air traffic control officers (ATCOs) and pilots during continuous descent operations (CDOs), applying closed- and open-path procedures. CDOs reduce fuel consumption and noise emissions.</excerpt>', '<title>Predicting workload experienced in a flight test by measuring workload in a flight simulator</title> <excerpt>BACKGROUND: In order to determine the minimum flight crew number and show compliance with airworthiness regulations, the workload of flight crew should be measured in various flight scenarios both in a simulator and in flight tests demonstrating compliance. However, the complexity, environment, and safety considerations of flight tests require pilots to take more responsibility and be more careful with decisions and actions with higher stress, and it might be inappropriate to carry out flight tests in a high-risk abnormal situation.</excerpt>', '<title>Investigation of Pilot Inceptor Workload and Workload Buildup Technique Through Simulator and In-Flight Studies</title> <excerpt>Objective: This study investigates the relationship of pilot inceptor workload (PIW) with the workload buildup flight test technique (WBFTT) with various conditions of pilot workload, for objective aircraft handling qualities (HQ) evaluation. Background: HQ evaluation of a piloted aircraft remains an elusive area of flight testing, due to the existing subjective evaluation technique for the pilot workload.</excerpt>']"
145,4,145_military aviators untreated_military aviators_uias military aviators_military aviators uias,"['military aviators untreated', 'military aviators', 'uias military aviators', 'military aviators uias', 'introduction military aviators', 'military aviators long', 'medical conditions army', 'fly criteria military', 'military aviators poses', 'fly assessment military']","['<title>In-flight Medical Emergencies</title> <excerpt>In 2018, approximately 2.8 million passengers flew in and out of U.S. airports per day.</excerpt>', '<title>Sun exposure knowledge and practices survey of maintenance squadrons at travis AFB</title> <excerpt>Recent literature has shown that the incidence of melanoma skin cancer is significantly higher in the U.S. military than for civilians and is higher in the U.S.</excerpt>', '<title>Evidence-based fitness-to-fly assessment for military aviators with untreated unruptured intracranial aneurysms: A 5-year retrospective at a single center</title> <excerpt>The increasing detection of untreated unruptured intracranial aneurysms (UIAs) in military aviators poses a challenge for aeromedical clearance. This study aimed to introduce the fitness-to-fly criteria for military aviators with UIAs in our center and try to develop evidence-based aeromedical guidelines.</excerpt>', '<title>The Most Common Disqualifying Medical Conditions in Army Aviators, 2016–2020</title> <excerpt>INTRODUCTION: Military aviators have long undergone enhanced medical screening to minimize accidents and deaths. U.S.</excerpt>']"
146,4,146_psychomotor performance aviation_pilot training transfer_motion pilot training_training experiments included,"['psychomotor performance aviation', 'pilot training transfer', 'motion pilot training', 'training experiments included', 'transfer training experiments', 'psychomotor subset aviation', 'training experiments', 'training experiments using', 'research flight simulation', 'performance aviation selection']","[""<title>Training Effectiveness of Whole Body Flight Simulator Motion: A Comprehensive Meta-Analysis</title> <excerpt>We present a meta-analysis of 24 effect sizes from transfer of training experiments using whole body simulator motion as an independent variable. Three moderator variables were investigated: experiment design, task type, and subjects' experience.</excerpt>"", '<title>Requirements for Future Research in Flight Simulation Training: Guidance Based on a Meta-Analytic Review</title> <excerpt>Traditional narrative reviews of aviation training research have produced inconsistent conclusions and little specific guidance for training design. A quantitative review approach, referred to as meta-analysis, was applied to transfer of training experiments that included sufficient information for the statistical analysis.</excerpt>', '<title>Investigating Transfer of Input Device Practice on Psychomotor Performance in an Aviation Selection Test</title> <excerpt>Objective: We explored transfer of learning from brief practice with different input devices in the Navy’s Performance Based Measures Battery (PBM), a psychomotor subset of the Aviation Selection Test Battery (ASTB). Background: The PBM is a set of computerized tests used as a part of the ASTB to select aviators in the U.S.</excerpt>', '<title>The effect of simulator platform motion on pilot training transfer: A meta-analysis</title> <excerpt>We used a meta-analysis (MA) approach to generate an estimate of true mean effect size (δ) for simulator motion with regard to fixed-wing pilot training transfer. We based the analysis on the techniques developed by Hunter and Schmidt (1990).</excerpt>']"
147,4,147_flight weather conditions_investigated pilot weather_flight images weather_meteorological conditions imc,"['flight weather conditions', 'investigated pilot weather', 'flight images weather', 'meteorological conditions imc', 'conditions visual flight', 'meteorological conditions visual', 'flight imc situation', 'flight instrument meteorological', 'suggests pilots assessments', 'flight weather']","['<title>Performance of helicopter pilots during inadvertent flight into instrument meteorological conditions</title> <excerpt>Inadvertent flight into instrument meteorological conditions (IMC) is a major cause of general aviation accidents. However, performance of helicopter pilots during inadvertent IMC encounters has not been investigated.</excerpt>', ""<title>Pilot weather assessment: Implications for visual flight rules flight into instrument meteorological conditions</title> <excerpt>Visual flight rules flight into instrument meteorological conditions (IMC) account for over 10% of the fatalities in general aviation. Evidence suggests that pilots' assessments of weather conditions are related to their decision to continue.</excerpt>"", ""<title>Visual flight rules flight into instrument meteorological conditions: An empirical investigation of the possible causes</title> <excerpt>Pilots' decisions to continue or divert from a visual flight rules (VFR) flight into instrument meteorological conditions (IMC) were investigated using a dynamic simulation of a hypothetical cross-country flight. Differences in situation assessment, risk perception, and motivation between pilots who chose to continue or divert from a VFR flight into an IMC situation were examined.</excerpt>"", '<title>Expert and novice pilot perceptions of static in-flight images of weather</title> <excerpt>Weather-related accidents continue to account for a significant proportion of fatal general aviation accidents. The aim of this study was to examine the nature of in-flight weather-related decision making in a task involving assessments of in-flight weather conditions.</excerpt>']"
