Topic,Count,Name,Representation,Representative_Docs
-1,426,-1_Human factors in aviation,['Human factors in aviation'],"['<title>Physiological and psychological effects of heat stress simulating cockpit conditions</title> <excerpt>It is generally accepted that physiologically tolerable heat stress can adversely affect human performance, but it is difficult to predict the impact of a specific environment. Experiments were designed to determine the effects of thermal conditions similar to those occurring in aircraft cockpits in warm climates, where both high air temperatures and radiant heat play important roles.</excerpt>', '<title>Early Identification of Unmanned Aircraft Pilots Using Measures of Personality and Aptitude</title> <excerpt>This study evaluated the extent to which personality measures (Self-Description Inventory+) could improve prediction of remotely piloted aircraft (RPA) training outcomes, beyond currently used cognitive, psychomotor, and aviation knowledge and experience predictors included in the U.S. Air Force (USAF) Pilot Candidate Selection Method 2.0.</excerpt>', '<title>Cultural factors influencing safety need to be addressed in design and operation of technology.</title> <excerpt>Cultural factors which influence aviation safety in aircraft design, air traffic control, and human factors training are examined. Analysis of the Avianca Flight 052 crash in New York in January, 1990, demonstrates the catastrosphic effects cultural factors can play.</excerpt>']"
0,98,0_Human factors in aviation,['Human factors in aviation'],"[""<title>Human factors in multi-crew flight operations</title> <excerpt>This paper discusses selected aviation human factors challenges in the air transport environment. Because of the authors' background, much of this paper will be based upon the growth of human factors and airline training in transport aviation in the United States.</excerpt>"", '<title>Cognitive Human-Machine Interfaces and Interactions for Unmanned Aircraft</title> <excerpt>This paper presents the concept of Cognitive Human-Machine Interfaces and Interactions (CHMI2) for Unmanned Aircraft System (UAS) Ground Control Stations (GCS). CHMI2 represents a new approach to aviation human factors engineering that introduces adaptive functionalities in the design of operators’ command, control and display functions.</excerpt>', '<title>Personnel selection influences on remotely piloted aircraft human-system integration</title> <excerpt>Introduction: Human-system integration (HSI) is a complex process used to design and develop systems that integrate human capabilities and limitations in an effective and affordable manner. Effective HSI incorporates several domains, including manpower, personnel and training, human factors, environment, safety, occupational health, habitability, survivability, logistics, intelligence, mobility, and command and control.</excerpt>']"
1,67,1_Pilot display design,['Pilot display design'],"['<title>The value of spatial cues in 3D air traffic displays</title> <excerpt>Interest in implementing 3D pictorial displays for traffic information in aircraft has been prevalent for decades without any obvious implementation in the cockpit. Our research is focused on design issues for these displays.</excerpt>', '<title>Influence of flight domain and cockpit display dynamics on pilot perceived clutter</title> <excerpt>Two analyses were conducted on three datasets from a series of aviation human factors experiments focused on the development and testing of measures of flight display clutter as well as the relation with flight task performance. The objectives of this study were to assess the effects of cockpit display dynamics and aircraft type on pilot perceptions of display clutter in simulated flight tasks through statistical analyses of the data gathered across the experimental studies.</excerpt>', ""<title>Designing energy display formats for civil aircraft: Reply to Amelink, Mulder, van Paassen, and Flach</title> <excerpt>In their recent article on total energy-based flight-path displays, Amelink, Mulder, van Paassen, and Flach (2005) quite rightly pointed out that energy issues are covered in descriptions of the piloting task, which tend to be based on the machine's behavior, rather than the system's functions and their relation to the goals to be achieved. Taking a more holistic approach, referred to by Amelink et al as ecological interface design, will lead to greater pilot situation awareness, flight safety, and efficiency.</excerpt>""]"
2,47,2_Psychological challenges in space,['Psychological challenges in space'],"['<title>Psychological aspects of human spaceflight: effects on human cognitive, psychomotor, and attentional performance</title> <excerpt>Since the first human spaceflight into orbit, the space environment has become one of the most extreme working environments for humans. Staying and working in a space habitat is connected with exposure to a lot of different stressors all of which may entail detrimental effects on human performance and psychological well-being of astronauts.</excerpt>', '<title>Implementing human factors training for space crews.</title> <excerpt>Psychological aspects of long-term space flight are explored. European and U.S.</excerpt>', '<title>Psychological and behavioral health issues of long-duration space missions.</title> <excerpt>It will be the responsibility of the long-duration space flight crew to take the actions necessary to maintain their health and well-being and to cope with medical emergencies without direct assistance from support personnel, including maintaining mental health and managing physiological and psychological changes that may impair decision making and performance. The Behavior and Performance Integrated Product Team at Johnson Space Center, working within the Space Medicine, Monitoring, and Countermeasures Program, has identified critical questions pertaining to long-duration space crew behavioral health, psychological adaptation, human factors and habitability, and sleep and circadian rhythms.</excerpt>']"
3,46,3_Air Traffic Control,['Air Traffic Control'],"[""<title>Temporal management of flight strips in en route air traffic control: A full-scope simulation test on task analyses assumptions</title> <excerpt>In en route air traffic control, task analyses assume that the planning controller detects potential problems to alleviate the radar controller's workload. Ten expert controllers were involved in a full-scope simulation study, and displacements of flight strips were analyzed as a function of the controller and as a function of the role these motor acts have in indicating problem detection, monitoring the ongoing resolution, or sending the aircraft to other control positions.</excerpt>"", '<title>Air traffic controller performance and workload under mature free flight: Conflict detection and resolution of aircraft self-separation</title> <excerpt>The effects of conflict detection and self-separating aircraft resolution on the mental workload and performance of en-route air traffic controllers were examined. An air traffic control simulator was used to manipulate traffic loads and traffic complexity.</excerpt>', ""<title>Conflict Resolution Maneuvers in Air Traffic Control: Investigation of Operational Data</title> <excerpt>Little is known about air traffic controllers' preferred maneuvers to resolve conflicts between pairs of aircraft, despite the topic's importance of to the planned NextGen system. We analyzed 256 cases of conflict resolution maneuvering from radar track data from 5 U.S.</excerpt>""]"
4,44,4_Air Traffic Control Training,['Air Traffic Control Training'],"['<title>Visual Analysis as a Predictor of Performance in Air Traffic Control Trainees</title> <excerpt>Objective: To examine visual analysis as a construct and to determine its contribution to performance during the training of ab initio trainee air traffic controllers. Background: Controllers are heavily reliant on visual information and visual analysis is an ability that could assist them in this role.</excerpt>', '<title>Task parameters affecting individual differences in pursuit and compensatory tracking performance</title> <excerpt>Two tracking tasks, the Control-Velocity Tester and the Sensory-Motor Apparatus (both of which are currently used as aptitude tests for the selection of candidates for pilot training), provide relatively independent measures of performance. As part of the programme of research related to the production of the Micropat automated testing system, a number of studies were carried out to identify, the parameters accounting for the functional dissimilarity of these two tasks.</excerpt>', '<title>Mental imagery in air traffic control</title> <excerpt>Mental imagery is known to play a significant role in the skilled performance of complex cognitive tasks, yet is mostly overlooked in the field of air traffic control-a task that is reliant on what controllers term ""the picture."" This article explores 3 strands of imagery research: the similarities between imagery and perception, individual differences in imagery, and skill learning and imagery. The research reported is discussed in terms of fundamental implications for air traffic control, implications for the measurement of imagery, implications for training, and implications for technology design.</excerpt>']"
5,40,5_Age-related pilot performance,['Age-related pilot performance'],"[""<title>Age and pilot performance</title> <excerpt>In military and civilian aviation, pilot age is a major factor which determines if the individual is allowed to continue flying. Many factors, including legal considerations, escalating personnel and training costs, and higher skill levels necessitated by increasing equipment complexity, have generated considerable interest in the development of 'age free' criteria to determine continued suitability for aviation duty.</excerpt>"", '<title>Time to Solo as a Predictor of Performance in Civilian Flight Training</title> <excerpt>Civilian and military flight schools have long used the amount of time needed to solo as a benchmark for students. The researcher used regression analysis of student training records to see whether the amount of time a student needed to solo could predict the time needed to earn a private pilot license or the ability to pass the private pilot checkride on the first try.</excerpt>', ""<title>Expertise, Cognitive Ability, and Age Effects on Pilot Communication</title> <excerpt>We investigated whether expertise reduced age-related declines in pilot communication, using multiple expertise measures and laboratory tasks varying in domain relevance. Younger, middle-aged, and older pilots and nonpilots listened to air traffic control messages that described an aircraft's route through an airspace, while they referred to a chart of that airspace.</excerpt>""]"
6,39,6_Aviation communication factors,['Aviation communication factors'],"['<title>Auditory skills of figure-ground and closure in air traffic controllers</title> <excerpt>Purpose: To investigate the auditory skills of closure and figure-ground and factors associated with health, communication, and attention in air traffic controllers, and compare these variables with those of other civil and military servants. Methods: Study participants were sixty adults with normal audiometric thresholds divided into two groups matched for age and gender: study group (SG), comprising 30 air traffic controllers and control group (CG), composed of 30 other military and civil servants.</excerpt>', '<title>The role of communications, socio-psychological, and personality factors in the maintenance of crew coordination</title> <excerpt>There is increasing evidence that many air transport incidents and accidents are the result of the improper or inadequate utilization of the resources accessible to flight deck crew members. These resources obviously include the hardware and technical information necessary for the safe and efficient conduct of the flight, but they also include the human resources which must be coordinated effectively.</excerpt>', '<title>Investigating Language Factors in Aviation Accidents</title> <excerpt>Linguistic and operational experts reviewed accident investigation reports covering a 22-year period (1990-2012) revealing that language factors impact aviation safety in a variety of ways, in contexts extending beyond pilot and air traffic controller communications. The investigation of possible language factors is not accorded the same degree of systematic and expert analysis as is given to the investigation of other human performance and operational factors.</excerpt>']"
7,38,7_Fear of flying,['Fear of flying'],"['<title>Cognitive coping and anxiety symptoms among people who seek help for fear of flying</title> <excerpt>Introduction: Fear of flying among potential passengers is rather common. In order to treat fear of flying most efficiently, it is important to find out which aspects are related to flight anxiety.</excerpt>', '<title>Fear of flying: An Israeli Air Force short case report</title>', '<title>The relief of anxiety: Comparative study - Air plane flying vs anesthesia</title> <excerpt>Background: Airplane Flying and anesthesia are both not entirely safe. Passengers and patients have the right not to be endangered during flight or anesthesia.</excerpt>']"
8,38,8_Flight training simulation,['Flight training simulation'],"['<title>The Use of Simulation in Ab Initio Pilot Training</title> <excerpt>Objective: This article examines the practical impacts of integrating simulation-based training into an ab initio pilot-training course. Background: As flight simulation technology has become more advanced, and the associated costs have been reduced, there has been a corresponding increase in the use of flight simulation during ab initio phases of pilot training.</excerpt>', '<title>Practitioner Paper: Simulator Qualification: Just as Phony as It Can Be</title> <excerpt>The qualification of airplane simulators for pilot training is based on the assumption that transfer of such training is directly related to the similarity of the device to an actual airplane. The consequence of this widely held position has been the specification of training device requirements solely on the basis of engineering criteria.</excerpt>', '<title>Personal computer-based flight training devices</title> <excerpt>This article reviews the role of personal computer aviation training devices (PCATDs) in general aviation pilot training. A brief history of flight simulator development is provided, accompanied by a sampling of early research on the effectiveness of simulator training.</excerpt>']"
9,37,9_Pilot selection research,['Pilot selection research'],"['<title>Understanding the Relations Between Selection Factors and Pilot Training Performance: Does the Criterion Make a Difference?</title> <excerpt>Although several valid predictors of U.S. Air Force pilot training performance have been identified, it was felt that our understanding of the relation between preselection personnel attribute data and training performance was limited by the dichotomous nature of the outcome indicators (ie, graduation or elimination) and by the disproportionate number of people in the outcome categories.</excerpt>', '<title>Pilot-Candidate Selection Method: Sources of Validity</title> <excerpt>Six hundred seventy-eight Air Force pilot training candidates were tested with a paper-and-pencil aptitude battery and computer-administered tests of psychomotor skills, information processing, and attitude toward risk. A self-report of flying experience was also collected.</excerpt>', '<title>Aircrew selection systems</title> <excerpt>Research was conducted to develop and validate a computerized battery of psycomotor and cognitive tests to identify candidates who sould not either complete pilot training or be recommended for a fighter assignment after training. All or part of the battery of 15 tests was given to 1,622 Air Force Pilot candidates prior to training and their test scores were regressed against various flying performance measures.</excerpt>']"
10,37,10_Pilot mental health,['Pilot mental health'],"[""<title>Suicide by aircraft: a case report</title> <excerpt>A 36-year-old pilot took his plane on a brief, unauthorized flight that ended in a high-speed vertical crash next to the runway. A retrospective 'psychological autopsy' yielded strong presumptive evidence of an unrecognized depression in a man with manipulative and mildly antisocial characteristics.</excerpt>"", '<title>Psychiatry and fitness to fly after Germanwings</title> <excerpt>In March 2015, a co-pilot flying Germanwings Flight 9525 deliberately pointed his airplane into a descent, killing himself, five other crew members, and 144 passengers. Subsequent investigation and review teams examined the incident and considered potential lessons to maximize air safety.</excerpt>', '<title>Competency-Based Peer Support in Aviation: A Framework for Training Peers Within Peer Support Programs</title> <excerpt>In July 2018, the European Union Aviation Safety Agency (2018) issued Regulation (EU) 2018/1042, now (EU) 2020/745, which required all commercial air transport operators to implement a support program by February 14, 2021. This was initially aimed at pilots and formed part of the recommendations made after the pilot murder-suicide crash of Germanwings flight 9525 in March 2015.</excerpt>']"
11,36,11_Motion sickness treatment,['Motion sickness treatment'],"['<title>Reducing symptoms of visually induced motion sickness through perceptual training</title> <excerpt>This study examined the effect of adaptation training on simulation sickness. Ten control group participants completed a single self-propelled rotation simulation (SRS) trial and then were exposed to a virtual reality (VR) device and an optokinetic rotating drum (OKN).</excerpt>', '<title>Autogenic feedback training exercise: A treatment for airsickness in military pilots</title> <excerpt>In this article, we present physiological data from 2 male pilots who completed a 6-hr training program for control of motion sickness at National Aeronautic and Space Administration Ames Research Center. The program consisted of an Autogenic Feedback Training Exercise in which research participants learn through operant conditioning techniques to regulate several physiological responses to suppress their symptoms.</excerpt>', '<title>The effect of autogenic training and biofeedback on motion sickness tolerance</title> <excerpt>Background: Motion sickness is characterized by symptoms of vomiting, drowsiness, fatigue and idiosyncratic changes in autonomic nervous system (ANS) responses such as heart rate (HR) and skin temperature (ST). Previous studies found that symptoms of motion sickness are controllable through self- regulation of ANS responses and the best method to teach such control is autogenic-feedback (biofeedback) training.</excerpt>']"
12,35,12_Effects of Hypoxia on Performance,['Effects of Hypoxia on Performance'],"['<title>Acute mild hypoxic hypoxia effects on cognitive and simulated aircraft pilot performance</title> <excerpt>BACKGROUND: The effects of acute mild hypoxic hypoxia (HH) and physical activity on physiological measures, signs and symptoms, mood, fatigue, cognition, and performance on a simulated flight task were investigated between 8000 (8K; 2438 m) and 14,000 ft (14K; 4267 m). METHOD: In a hypobaric chamber, 16 military helicopter pilots were randomly exposed to 4 altitudes and 3 physical exertion levels.</excerpt>', '<title>Human performance during exposure to toluene</title> <excerpt>Purpose: The purpose of this research was to examine the effects of inhalation of toluene on respiratory function and neuropsychological performance of humans. Methods: We exposed six healthy adults to 100 ppm toluene or air (control) for 6 h, in a double-blind, randomized fashion, with exposures separated by at least 14 d and including 30 min of exercise at a level that quadrupled minute ventilation.</excerpt>', '<title>Effects of Hypoxia on Selected Psychophysiological Stress Responses of Military Aircrew</title> <excerpt>There is a lack of information on the psychophysiological response of pilots under hypoxic conditions. The study of the physiological, psychological, cardiorespiratory, neurological, behavioural, sensory, and cognitive symptoms that may appear during training in hypobaric chambers is essential to optimize the training processes of aircrew members.</excerpt>']"
13,34,13_Psychological effects of aviation accidents,['Psychological effects of aviation accidents'],"['<title>PSYCHOLOGICAL impact of aircraft accidents.</title>', ""<title>Dare to Fly? Analyzing psychological reactions and travel attitudes of Chinese social media users post-aviation accidents through text mining</title> <excerpt>Background: Commercial air travel is essential to modern society, but aviation accidents can have profound psychological impacts. The public's emotional responses and attitudes toward air travel are shaped by factors such as the severity of the incident and its social repercussions.</excerpt>"", '<title>Community psychological effects following a non-fatal aircraft accident</title> <excerpt>Following a non-fatal military aircraft accident, two of the authors interviewed the crewmen involved in the accident, their spouses, fellow squadron members and their spouses, and individuals from the fire crew and control tower on duty during the accident. A total of 37 respondents completed questionnaires which reported the presence of intrusive, avoidant, depressive/anxious, and post-traumatic stress symptoms.</excerpt>']"
14,34,14_Pilot workload assessment,['Pilot workload assessment'],"['<title>Inflight workload assessment: Comparison of subjective and physiological measurements</title> <excerpt>Introduction: Assessment of pilot workload during flight is an important aviation safety consideration. The aim of this study was to assess inflight pilot workload using both physiological and multidimensional subjective-ratings measurements (heart rate and NASA Task Load Index, respectively), comparing relative sensitivity during the four phases of flight: take-off, cruise, approach, and landing.</excerpt>', ""<title>Developing a measurement for task complexity in flight</title> <excerpt>Introduction: Task complexity is regarded as an essential metric that is related to a pilot's performance and workload. Normally, pilots follow Standard Operating Procedures (SOPs) during a flight.</excerpt>"", ""<title>The role of visual conditions and aircraft type on different aspects of pilot workload</title> <excerpt>Objective: The objective of our work was to assess the impact of flight conditions by aircraft type on the workload estimated using NASA-Task Load Index (NASA-TLX). Background: Learning about subjective workload is important for assessing the impact of a pilot's work environment on their performance in the cockpit.</excerpt>""]"
15,33,15_Circadian disruption in air travel,['Circadian disruption in air travel'],"['<title>Individual differences in phase shifts of the human circadian system and performance deficit.</title> <excerpt>At periodic intervals throughout the biological day, assessments were made for a week prior to intercontinental flight yielding a reference of biological time set to the environment of origin, for two weeks at the temporally displaced environment of destination, and for a week following return to the environment of origin. Assessments made included rectal temperature, heart rate, respiratory rate, palmar evaporative water loss, urinalysis, reaction time, decision time, critical flicker fusion, subjective fatigue and well-being, and intellectual facility.</excerpt>', '<title>Air travel across time zones</title> <excerpt>An overview is presented of the problems related to air travel. It seems that disruptions of body rhythms and normal oxygen intake are an unavoidable aspect of long distance air travel.</excerpt>', ""<title>Flight attendants' desynchronosis after rapid time zone changes</title> <excerpt>The aim of the present study was to measure perceived effects of rapid time zone changes on flight attendants' sleep length, quality, adaptation, and recovery time, and to clarify the individuals factors related to perceived desynchronosis after time zone changes. The mean age of 285 female subjects was 35.0 years and that of 57 men was 34.1 years.</excerpt>""]"
16,33,16_Personality assessment in aviation,['Personality assessment in aviation'],"['<title>The Construction of Personality Questionnaires for Selection of Aviation Personnel</title> <excerpt>The Personality Research Form (PRF), a questionnaire for voluntary self-description, was administered to a group of applicants (N = 300) for pilot training with a major European airline. Standard psychometric statistics were computed for the PRF subscales.</excerpt>', '<title>Predictive Validity of an Automated Personality Inventory for Air Force Pilot Selection</title> <excerpt>A study was conducted to assess whether personality measures could contribute predictive utility to current Air Force pilot selection procedures. A personality inventory was given to a sample of 509 pilot candidates before flying training.</excerpt>', '<title>The Eysenck Personality Inventory as a selection test for military pilots</title> <excerpt>As part of a study of the selection of candidates for pilot training in the Army Air Corps, EPI scores have been analysed in relation to success in training. Data from 432 AAC and 205 RAF student pilots have been examined.</excerpt>']"
17,33,17_Pilot psychological assessment,['Pilot psychological assessment'],"['<title>Psychological requirements of the airplane pilot.</title>', '<title>Psychological testing and pilot licensing</title> <excerpt>This article reviews contemporary trends in the psychological testing of pilots. It is written in the particular context of draft European Joint Aviation Authorities licensing proposals which, in certain circumstances, envisage psychological testing for pilot licensing purposes.</excerpt>', '<title>Aviation</title> <excerpt>Although the psychology of aviation comprises the selection, training, and maintenance of personnel (pilot, crew, and ground staff) and the care and education of passengers, the main body of the literature has dealt almost entirely with (1) physiological and psychological effects (immediate and cumulative) of flight and the flying environment, and (2) the selection of pilots. This review and bibliography of 92 items excludes the recent work under the auspices of the Committee on Selection and Training of Aircraft Pilots of the National Research Council and some 534 less important references which will be published later.</excerpt>']"
18,30,18_Aviation Health Issues,['Aviation Health Issues'],"['<title>Aviator Healthcare Hesitance: An Examination of Healthcare Avoidance, Pilot Mistrust, Presenteeism, & Risk</title> <excerpt>Safe aviation operations require pilots to maintain constant physical and psychological well-being. While the FAA and pilot advocacy organizations encourage aviators to discuss health concerns with their medical providers, studies demonstrate continued healthcare hesitance behaviors.</excerpt>', '<title>Psychiatric syndromes associated with problems in aeronautical adaptation among military student pilots</title> <excerpt>Background: We identified syndromes based upon prominent psychiatric symptom patterns exhibited by military student pilots with problems in aeronautical adaptation, and evaluated their relationship to subject variables and eventual completion of flight training. Method: Two aeromedical psychologists retrospectively reviewed consecutive student pilot referrals to the mental health clinic at the U.S.</excerpt>', '<title>Becoming a flight surgeon</title> <excerpt>This text is the inaugural lesson given by the Professor of Aeronautic Psychiatry and starts the training period for new flight surgeons in the French Air Force. Introducing the French Air Force Medicine Training Session, the author speaks about the psychological aspects in aviation medicine.</excerpt>']"
19,30,19_Situation Awareness Training,['Situation Awareness Training'],"['<title>Refresher Training for Air Traffic Controllers: Is It Adequate to Meet the Challenges of Emergencies and Abnormal Situations?</title> <excerpt>An observational field study was carried out to examine the degree that refresher training in air traffic control can account for the demands of real-world emergencies. The refresher-training exercises of 21 teams of en route controllers were observed and a number of real incidents were analyzed at a major European Area Control Centre.</excerpt>', '<title>Measuring individual and team situation awareness during planning tasks in training of en route air traffic control</title> <excerpt>The situation awareness (SA) of air traffic controller (ATCO) students, including the temporal aspect of SA, was measured by means of their visual information acquisition during simulator training. The measurements were defined both at an individual level and at a team level.</excerpt>', '<title>Evaluation of computer-based situation awareness training for general aviation pilots</title> <excerpt>This article describes the evaluation of 6 different computer-based training modules created to teach skills that underlie the development and maintenance of situation awareness, a competency shown to be critical in pilot decision-making performance. The modules targeted basic skills training for low-time pilots (checklist completion, air traffic control comprehension, psychomotor skills) as well as training on higher order cognitive skills (attention sharing, contingency planning) and intensive preflight planning.</excerpt>']"
20,29,20_Pilot fatigue issues,['Pilot fatigue issues'],"['<title>How Pilot Fatigue Affects Operational Flight Risk in Scheduled Commercial Aviation</title> <excerpt>Pilot fatigue remains a hazard in scheduled commercial aviation, contributing to 31 aircraft accidents between 2005 and 2022, according to International Air Transport Association statistics (2023). Therefore, this study further investigated fatigue and its impact on operational flight risk in commercial aviation.</excerpt>', '<title>Fatigue and related human factors in the near crash of a large military aircraft</title> <excerpt>Introduction: During approach to a remote island location, a U.S. Air Force heavy-airlift aircraft was flown into an aerodynamic stall, resulting in the loss of more than 4000 ft of altitude, with the crew recovering the aircraft just before impact would have occurred.</excerpt>', '<title>Assessing fatigue.</title> <excerpt>Despite impressive advances in aircraft technology over the past several decades and an overall decline in the airline accident rate since the introduction of turbine-powered aircraft, flight crew performance problems continue to dominate air transport accident statistics. Researchers have offered many hypotheses to explain this finding, and interest in pilot fatigue has stimulated a large volume of laboratory research.</excerpt>']"
21,29,21_Human factors in aviation safety,['Human factors in aviation safety'],"['<title>Aviation human factors: A framework for the new millennium</title> <excerpt>This paper presents a survey of the literature on human factors in airline safety and builds a conceptual framework for designing future safety studies. In our framework, factors are analyzed to determine their association with operational errors rather than accidents.</excerpt>', ""<title>The advancement of a new human factors report - 'The Unique Report' - facilitating flight crew auditing of performance/operations as part of an airline's safety management system</title> <excerpt>This paper presents the findings of research relating to the specification of a new human factors report, conducted as part of the work requirements for the Human Integration into the Lifecycle of Aviation Systems project, sponsored by the European Commission. Specifically, it describes the proposed concept for a unique report, which will form the basis for all operational and safety reports completed by flight crew.</excerpt>"", '<title>Analysis on coupling dynamic effect of human errors in aviation safety</title> <excerpt>Human factors have increasingly been the leading cause of aircraft accidents. In most cases, human factors are not working alone, instead they are coupled with complex environment, mechanical factors, physiological and psychological factors of pilots, and organizational management, all of which form a complex aviation safety system.</excerpt>']"
22,28,22_Space Medicine Research,['Space Medicine Research'],"['<title>A Year on the International Space Station: Implementing a long-duration biomedical research mission</title> <excerpt>INTRODUCTION: The year-long mission of American astronaut Scott Kelly and Russian cosmonaut Mikhail Kornienko included the most complex biomedical experiments ever conducted on the International Space Station-and arguably in human spaceflight-to establish insight into human health risks of interplanetary exploration. Focusing on risk mitigation, NASA conducted investigations that addressed spaceflight health hazards to varying degrees.</excerpt>', '<title>Status of cardiovascular issues related to space flight: Implications for future research directions</title> <excerpt>Compromised cardiovascular performance, occurrence of serious cardiac dysrhythmias, cardiac atrophy, orthostatic intolerance, reduced aerobic capacity, operational impacts of regular physical exercise, and space radiation are risks of space flight to the cardiovascular system identified in the 2007 NASA Human Integrated Research Program. An evidence-based approach to identify the research priorities needed to resolve those cardiovascular risks that could most likely compromise the successful completion of extended-duration space missions is presented.</excerpt>', '<title>Selection and biomedical training of cosmonauts</title> <excerpt>The twenty-eight year experience to support safety of manned space missions, points to the validity of a chosen and adopted USSR concept of cosmonaut selection and training. Medical selection was based on the observations made in clinical medicine, medical expertise of the flying personnel, and experimental investigations concerning space flight effects on living systems.</excerpt>']"
23,27,23_Aviation Psychology Programs,['Aviation Psychology Programs'],"['<title>Physiological and psychological characteristics of successful combat controller trainees.</title> <excerpt>The United States Air Force (USAF) Combat Controller (CCT) training pipeline is extremely arduous and historically has an attrition rate of 70-80%. The primary objective of this study was to identify the physiological, psychological, or demographical characteristics associated with successful progression through the CCT pipeline program.</excerpt>', '<title>Psychological activities in the Training Command, Army Air Forces</title> <excerpt>The development of the Aviation Psychology Program in the AAF Training Command since an earlier report in 1943 (see 18: 1497) is treated, consisting largely of a report of the activities of the Psychological Section, Medical Division, Headquarters, AAF Training Command. The report is made under the following headings: mission of the section; organization and personnel; supervision of classification testing and processing; maintenance of basic data; development and validation of devices for predicting aircrew success; application of the classification test battery to other groups; training research problems; special research studies; publications; and prospectus.</excerpt>', '<title>Clinical research in the Aviation Psychology Program of the Army Air Forces</title> <excerpt>During the past year there has been increased emphasis on the problems of training methods, instructor selection, selection of flying personnel for key positions in combat, and redistribution of returnees. Several significant studies utilizing clinical psychological methods are described in this report.</excerpt>']"
24,23,24_Stress in air traffic control,['Stress in air traffic control'],"['<title>Stress in air traffic control</title> <excerpt>Air traffic control is widely perceived as being a stressful occupation. Much of this perception is intuitive and an attempt is made in this review to analyse some of the published data of the last two decades to see if the concept is true.</excerpt>', '<title>Review of stress in air traffic control: its measurement and effects</title> <excerpt>A large number of investigations have been conducted into air traffic control stress by researchers from different disciplines. This paper attempts to draw together this work by examining the methodologies and interpretations that have been used.</excerpt>', '<title>Effects of an alternating work shift on air traffic controllers and the relationship with excessive daytime sleepiness and stress; Efeitos do turno de trabalho alternado em controladores de tráfego aéreo e relação com sonolência diurna excessiva e estresse</title> <excerpt>Objective: To evaluate symptoms of stress and excessive daytime sleepiness (EDS) in air traffic control (ATC) officers in Brazil. Methods: Fifty-two ATC officers participated, based at three air traffic control units, identified as A, B and C.</excerpt>']"
25,22,25_Pilot Risk Perception,['Pilot Risk Perception'],"['<title>The effect of psychological risk elements on pilot flight operational performance</title> <excerpt>This study aims to examine the relationship between psychological risk elements and flight operation performance for airline pilots. First, the concept of “risky pilots” is discussed, and the existence of “risky pilots” is verified using a percentage analysis of flight exceedance events.</excerpt>', '<title>Development and Validation of a General Aviation Risk Perception Scale</title> <excerpt>The aim of this study was to develop a psychometric tool for measuring pilot perceptions of risk, with a focus on risk in general aviation (GA) flying. Unlike other objective protocols that pilots adhere to (eg, checklists), assessing and responding to risk is a subjective task, making it challenging to evaluate.</excerpt>', '<title>Flying Solo: A Vignette-Based Examination of General Aviation Pilot Risk Perception and Decision-Making</title> <excerpt>The paper examines general aviation (GA) pilot risk perception and decision-making via an online vignette study. GA is a high-risk area of aviation with many GA accidents considered to be the result of pilot performance rather than mechanical failure.</excerpt>']"
26,20,26_Psychological effects of bed rest,['Psychological effects of bed rest'],"['<title>EFFECTS OF SECOBARBITAL AND D-AMPHETAMINE ON PERFORMANCE DURING A SIMULATED AIR MISSION.</title>', '<title>Effects of flight workload on urinary catecholamine responses in experienced military pilots</title> <excerpt>Summary.-This study investigated the flight responses induced by strenuous acrobatic demonstration flight and an air-to-air combat maneuvering flight in experienced pilots. Subjects were 54 military male pilots on a volunteer basis: 8 T-4 pilots (M = 35.8 yr., SD = 4.9), 15 F-4 pilots (M = 32.6 yr., SD = 5.1), 13 F-15 pilots (M = 33.8 yr., SD=1.0), and 18 F-2 pilots (M = 33.7 yr., SD = 3.9).</excerpt>', '<title>Changes in Risky Behavior in Long-Term Head-Down Bed Rest and Relation to Psychological Status</title> <excerpt>INTRODUCTION: the present study aimed to investigate changes in risky behavior in a sample of 36 healthy men during a 90-d head-down bed rest (hDBR) experiment and examined whether psychological factors—general self-efficacy, stress, and recovery—could influence these changes. METHODS: subjects completed the Balloon analog Risk task (BaRt) and two psychological scales once during the acclimation period, six times during the hDBR period, and twice during the recovery period.</excerpt>']"
27,20,27_Aircraft noise effects,['Aircraft noise effects'],"['<title>Sensorial aspects of helicopter operations</title> <excerpt>As components of physical and psychic workload in the piloting of helicopters, and therefore as possible concurrent pathogenetic factors of operational fatigue in helicopter aircrews, the author examines and analyzes the effects of some sensorial phenomena related to the use of such rotor-powered aircraft. Particularly acoustic and non-acoustic vibrations associated with flying this type of vehicle are discussed as to their action not only on the auditory apparatus, but also on the function of other apparatuses of the central nervous system, with special reference to the effects exerted by vibratory motions on visual function.</excerpt>', '<title>Nocturnal aircraft noise effects</title> <excerpt>Noise protection associated with the construction and extension of airports in the Federal Republic of Germany has been regulated by the law for protection against aircraft noise since 1971. This legislation is due for revision because of different aspects.</excerpt>', '<title>In-cabin noise levels during commercial aircraft flights</title> <excerpt>Air transport is one of the most commonly used mode of transportation and hence passenger comfort is highly desirable. Aircraft interior noise is important, especially in long-term flights, concerning the health, comfort, and psychological wellness of both passengers and flight crew.</excerpt>']"
28,19,28_Landing flare analysis,['Landing flare analysis'],"['<title>The effects of pictorial detail on the timing of the landing flare: Results of a visual simulation experiment</title> <excerpt>Artificial outside-world displays currently used in flight simulators may, in the future, also be applied to aircraft cockpits to enhance vision or to provide a completely synthetic replacement. In both cases, a very important question for designers of such displays is which elements of pictorial detail in the presented image are needed for satisfactory task or mission performance.</excerpt>', '<title>Scene Content and Runway Breadth Effects on Simulated Landing Approaches</title> <excerpt>Eight experienced pilots flew landing approaches in a light-aircraft simulator with a computer-generated landing display. Scene content and runway breadth were manipulated.</excerpt>', '<title>Optic flow and visual analysis of the base-to-final turn</title> <excerpt>In the spirit of other optic flow research, we address the problem of how a pilot turns an airplane into alignment with a runway, a maneuver that is one of the more challenging phases of visually controlled flight. In earlier work, Loomis and Beall (1992) proposed a rule for turning an aircraft into alignment: Turn the aircraft in such a way as to hold constant the rate of change of splay (the angle the projected runway makes with respect to the vertical).</excerpt>']"
29,18,29_Human error in aviation,['Human error in aviation'],"['<title>Structured methods for identifying and correcting potential human errors in space operations</title> <excerpt>Human performance plays a significant role in the development and operation of any complex system, and human errors are significant contributors to degraded performance, incidents, and accidents for technologies as diverse as medical systems, commercial aircraft, offshore oil platforms, nuclear power plants, and space systems. To date, serious accidents attributed to human error have fortunately been rare in space operations.</excerpt>', ""<title>Human error in ATC system operations</title> <excerpt>Air traffic control (ATC) system errors rarely occur in today's system. ATC-related aircraft accidents are even rarer events.</excerpt>"", '<title>Human error on the flight deck.</title> <excerpt>Despite terrorist bombs and structural failures, human error on the flight deck continues to account for the majority of aircraft accidents. The Royal Air Force (RAF) Institute of Aviation Medicine (IAM) has investigated the psychology of such error since the early 1970s, and to this end has used two principal techniques.</excerpt>']"
30,17,30_Crew resource management,['Crew resource management'],"['<title>Aviation Computer Games for Crew Resource Management Training</title> <excerpt>Crew resource management (CRM) training programs have existed for more than a decade, yet methods for providing aircrews with opportunities to practice CRM skills have been limited to role plays in class and scenarios in operational flight trainers. There are drawbacks to both training methods; role plays have few, if any, realistic environmental cues to help crews behave as they do in the cockpit, and simulator scenarios are limited by the cost and availability of the simulators.</excerpt>', '<title>Introducing a subject matter expert-based utility analysis approach to assessing the utility of organizational interventions such as crew resource management training</title> <excerpt>Utility analysis is a series of statistical procedures used to quantify the fiscal gains accrued from implementing human resource management interventions (eg, training programs) over their associated costs. Although empirical evaluation studies are typically used to generate the required utility parameters, particular circumstances might make it difficult if not impossible to conduct such studies.</excerpt>', ""<title>Practitioner Paper: Should Flight Attendants Be Included in CRM Training? A Discussion of a Major Air Carrier's Approach to Total Crew Training</title> <excerpt>Cockpit resource management (CRM) training has made significant progress throughout the past 10 years. Nearly all domestic and foreign carriers, however, limit CRM training to flight-deck crews.</excerpt>""]"
31,17,31_Psychological adaptation in space,['Psychological adaptation in space'],"['<title>Human performance time model of spacecraft control panel operation in simulated microgravity</title> <excerpt>BACKGROUND: Human performance modeling plays an important role in the design and management of human spaceflight missions. Previous studies reported that manual control task time increased in microgravity conditions.</excerpt>', ""<title>Study of the psychological adaptation of the crew during a 135 days space simulation</title> <excerpt>The purpose of this study is to examine human adaptation of a three members' crew during a 135 days MIR flight simulation and to compare and validate psychological methods for monitoring and support in flight. The main findings showed that isolation was not a key factor for the subjects who were more concerned by recreational activities, family, and work.</excerpt>"", '<title>Content analysis of the crew communication with external communicants under prolonged isolation</title> <excerpt>Background: The communication between space crews and outside monitoring personnel in Mission Control gives us valuable information about crewmember psychological health. Studying the formal parameters of similar communication during ground-based space simulation missions helps us understand the psychological climate of confined groups over time, and this information can be applied to long-term space missions.</excerpt>']"
32,16,32_Pilot decision making,['Pilot decision making'],"['<title>Aeronautical decision making: Instructor-pilot evaluation of five Mnemonic methods</title> <excerpt>Introduction: The ability to make good decisions is a critical component of pilot proficiency. Results of recent research suggest that aeronautical decision making (ADM) can be improved by training.</excerpt>', '<title>Deliberate decision making by aircraft pilots: A simple reminder to avoid decision making under panic</title> <excerpt>The problem of poor decision making by pilots has been identified clearly as a significant contributor to aviation accidents. Various programs have been developed to address the problem and are being applied, principally in ab initio pilot training.</excerpt>', '<title>Introduction to cognitive processes of expert pilots.</title> <excerpt>This report addresses the historical problem that a very high percentage of accidents have been classified as involving ""pilot error."" Through extensive research since 1977, the Federal Aviation Administration determined that the predominant underlying cause of these types of accidents involved decisional problems or cognitive information processing. To attack these problems, Aeronautical Decision Making (ADM) training materials were developed and tested for ten years.</excerpt>']"
33,16,33_Alcohol and Pilot Performance,['Alcohol and Pilot Performance'],"[""<title>Pilot's attitudes toward alcohol use and flying</title> <excerpt>Questionnaires were sent to a national sample of licensed pilots. Respondents reported their flying experience and their drinking behavior.</excerpt>"", '<title>Methodological Issues in Research on the Effects of Alcohol on Pilot Performance</title> <excerpt>The effects of low blood-alcohol levels on pilot performance have been found to be surprisingly inconsistent, given the variety of cognitive, attentional, and motor coordination processes involved in piloting tasks and the presumed susceptibility of these processes to alcohol. Discussed in this article are a number of methodological issues that are relevant to research in this area, including task and subject characteristics, compensation for alcohol effects, and experimental design procedure considerations.</excerpt>', '<title>Effects of Low Blood Alcohol Levels On Pilots’ Prioritization of Tasks During a Radio Navigation Task</title> <excerpt>Eight pilots flew a specified cross-country route using radio navigation in a flight simulator with simulated air traffic control. Four of the pilots flew with a low blood alcohol level (BAL; mean BAL = 20.63 mg%).</excerpt>']"
34,16,34_Pilot stress responses,['Pilot stress responses'],"['<title>Comparison of myocardial ischemia during intense mental stress using flight simulation in airline pilots with coronary artery disease to that produced with conventional mental and treadmill exercise stress testing</title> <excerpt>Mental stress increases cardiovascular morbidity and mortality. Although laboratory mental stress often causes less myocardial ischemia than exercise stress (ES), it is unclear whether mental stress is intrinsically different or differences are due to less hemodynamic stress with mental stress.</excerpt>', '<title>Comparison between artificial neural network and multilinear regression models in an evaluation of cognitive workload in a flight simulator</title> <excerpt>In this study, the performances of artificial neural network (ANN) analysis and multilinear regression (MLR) model-based estimation of heart rate were compared in an evaluation of individual cognitive workload. The data comprised electrocardiography (ECG) measurements and an evaluation of cognitive load that induces psychophysiological stress (PPS), collected from 14 interceptor fighter pilots during complex simulated F/A-18 Hornet air battles.</excerpt>', '<title>Practice effects of a breathing technique on pilots’ cognitive and stress associated heart rate variability during flight operations</title> <excerpt>Commercial pilots endure multiple stressors in their daily and occupational lives which are detrimental to psychological well-being and cognitive functioning. The Quick coherence technique (QCT) is an effective intervention tool to improve stress resilience and psychophysiological balance based on a five-minute paced breathing exercise with heart rate variability (HRV) biofeedback.</excerpt>']"
35,16,35_Air Traffic Monitoring,['Air Traffic Monitoring'],"['<title>Effects of information load and instructions on performance in a complex task</title> <excerpt>Employed a decision task designed with a static display analogue of a radar display similar to that used in air traffic control. The analogue allowed formal information load to vary independently of numerosity.</excerpt>', '<title>Effects of high visual taskload on the behaviours involved in complex monitoring</title> <excerpt>A simulated air traffic control task was used to study the effects of prolonged monitoring on some of the behaviours (complex discriminations, interpretations, decisions, memory for actions taken) frequently associated with operational monitoring tasks, but seldom examined in laboratory vigilance studies. Forty-eight subjects performed the monitoring task under relatively high taskload conditions for 2h.</excerpt>', '<title>The Sustained Attention to Response Task (SART) does not promote mindlessness during vigilance performance</title> <excerpt>Objective: In this study, we evaluated the validity of the Sustained Attention to Response Task (SART) as a means for promoting mindlessness in vigilance performance.Background: Vigilance tasks typically require observers to respond to critical signals and to withhold responding to neutral events. The SART features the opposite response requirements, which supposedly leads it to promote a mindless, non-thoughtful approach to the vigilance task To test that notion, we compared the SART to the traditional vigilance format (TVF) in terms of diagnostic accuracy assessed through decision theory measures of positive and negative predictive power (PPP and NPP), perceived mental workload indexed by the Multiple Resource Questionnaire, and oculomotor activity reflected in the Nearest Neighbor Index and fixation dwell times.Method: Observers in TVF and SART conditions monitored a video display for collision flight paths in a simulated air traffic control task.Results: Diagnostic accuracy in terms of NPP was high in both format conditions.</excerpt>']"
36,15,36_Aeromedical nursing responsibilities,['Aeromedical nursing responsibilities'],"[""<title>Personal experience of aeromedical evacuation of patients in the Balkans.</title> <excerpt>Nurses in the Princess Mary's Royal Air Force Nursing Service (PMRAFNS) undertake a variety of different roles in providing nursing care to Armed Forces personnel wherever they may serve. One such role is the evacuation by air of sick or injured personnel.</excerpt>"", '<title>Experiences and perceptions of nurses and air ambulance service providers in carrying out aeromedical evacuations in Indonesia: A qualitative research</title> <excerpt>Background: Basic non-military flight nurse training is essential for enhancing nurses’ competency in conducting aeromedical evacuations. Trained nurses possessing flight nurse proficiency are indispensable for ensuring stable patient conditions amidst the unique physical, physiological, and psychological challenges encountered during flights.</excerpt>', '<title>Care in the air: Bringing the wounded closer to home</title> <excerpt>Aeromedical evacuation (AE) is a system within the Air Force to provide patient care in the air during transport between levels of care. The system predominantly uses guard and reserve flight crew members who are arranged into rotations.</excerpt>']"
37,15,37_Pilot Spatial Disorientation,['Pilot Spatial Disorientation'],"['<title>Quantifying the Impact of Spatial Disorientation on Pilot Mental Workload and Attentional Focus</title> <excerpt>Objective: We aimed to find objective measures of the impact of spatially disorienting (SD) stimuli on pilot cognition in an ecologically valid environment. Background: SD frequently occurs in military rotary-wing operations and often contributes to mishaps.</excerpt>', ""<title>Development and validation of spatial disorientation scenarios using virtual reality and motion simulator</title> <excerpt>Spatial Disorientation (SD) can cause critical aviation accidents by adversely affecting the pilot's ability to perform a flight mission. One of the strategies to improve pilots' ability to deal with SD is to perform SD training using Virtual Reality and Motion Simulator (VRMS) system.</excerpt>"", ""<title>Spatial disorientation: So-called vertigo</title> <excerpt>This report describes statistic investigation on pilots experiences, indicates occurences and influences upon pilot's control, and discusses possibility of preventation and alleviation by training of spatial disorientation, with the knowledge acquired through questionnaire survey, interview investigation, lives as pilot, and discussion with many other pilots about “vertigo”. The questionaires covered three areas of interest; frequency of occurrence, degree and duration of three directional disorientation, namely pitch, bank and yaw directional disorientation according to writers classification.</excerpt>""]"
38,15,38_Psychological factors in military training,['Psychological factors in military training'],"['<title>Mood as a predictor of discharge from air force basic training</title> <excerpt>In order to determine the predictive validity of the Total Mood score, the Negative Mood Scale, and the Positive Mood Scale of the ST-Depression Adjective Check Lists (ST-DACL), the state version of lists C and D of the ST-DACL was administered on the second day of the Air Force basic training program to 229 newly enlisted Air Force recruits (men = 113; women = 116). Findings were that DACL total score yielded the best overall classification rate, the Positive Mood Scale was most related to predicting eventual discharge, and the Negative Mood Scale was best at predicting graduation..</excerpt>', '<title>Ejection in hostile environments: Medico-psychological aspects for the fighter pilot</title> <excerpt>Introduction: In the French Air Force, commitment of fighter squadrons in Afghanistan revives the fear among pilots of being ejected in a hostile environment, along with the prospect of being captured. Clinical Observations: Although ejection in a hostile environment is an exceptional event, it is what flight crews fear most strongly over enemy territory.</excerpt>', '<title>Changes in psychological variables, use of medical services and presentation of medical problems following brief psychological intervention on an Israel Air Force base.</title>']"
39,15,39_Psychological capital in service industry,['Psychological capital in service industry'],"['<title>Effects of Psychological Capital and Person-Job Fit on Hospitality Employees’ Work-Family Conflict, Family-Work Conflict and Job Performance: The Moderating Role of Marital Status</title> <excerpt>Drawing on the conservation of resources (COR) theory and congruence theory, this study aims to investigate the influence of psychological capital (PsyCap) and person-job fit (PJ fit) on work–family conflict (WFC), family–work conflict (FWC) and job performance (JP), especially the moderating effect of marital status on hypothesized relationships between two directions of conflicts in the work-family interface and JP. Utilizing a two-stage design, this study surveyed 312 flight attendants employed by two international airline companies in Malaysia and used the structural equation modeling technique to test the hypothesized relationships.</excerpt>', '<title>Examining the moderating effects of service climate on psychological capital, work engagement, and service behavior among flight attendants</title> <excerpt>This study aims to validate the mediating process of “psychological capital-work engagement-service behavior”, and examines the moderated mediating effect of service climate. By questionnaire survey, this study investigated 375 flight attendants of China Airlines based in Taiwan, and validated the hypotheses through hierarchical regression analysis.</excerpt>', '<title>How positive psychological capital promotes service recovery performance through mental health and work engagement: Does service climate matter?</title> <excerpt>Purpose – This study aims to examine the contribution of positive psychological capital (PsyCap) to service recovery performance (SRP) through the mediating roles of mental health (MH) and work engagement (WE). Additionally, it considers the moderating role of service climate (SC).</excerpt>']"
40,14,40_Pilot stress coping,['Pilot stress coping'],"[""<title>Subjective stress assessment: a new, simple method to determine pilot workload</title> <excerpt>Charged with the preparation of an expert opinion concerning psychophysical workload on pilots, the Aviation Psychology Branch of the GAF/IAM studied the 'Subjective Stress Assessment' in which 217 Army, Air Force and Navy pilots filled in a standardized questionnaire. This questionnaire included 170 items to force the pilots into rating their on- and off-duty life; the answers of these people (117 jet, 41 multiple-prop, 14 single-engine, and 45 helicopter pilots) were evaluated quantitatively and qualitatively It may be said - with all reservations towards subjectivity of pilots' opinions - that the pilots' image certainly requires some corrections, in particular as it relates to the ideal and material assessment of the activities of the separate groups of jet, helicopter, and prop pilots.</excerpt>"", '<title>Impairment of flying efficiency in anancastic pilots</title> <excerpt>Previous work on the effects of stress upon flying efficiency has shown two types of psychological stress to exist; these are usually referred to as cognitive and affective stress, respectively. A refinement in affective stress analysis has enabled two subtypes of stress to be demonstrated: one is characterized by activity of the sympathetic nervous system (SNS) and subjective feelings of rage, fear, anxiety, or frustration; the other by excessive rumination.</excerpt>', '<title>Effects of domestic stress upon flying proficiency</title> <excerpt>A single case psychometric study of an airline pilot is presented in the context of previous nomothetic group studies of flying personnel. The evaluation continued over an 18 mth period, and consisted of psychological testing, laboratory investigations of physiological responses to imposed stress, and inflight assessment of psychophysiological functioning.</excerpt>']"
41,14,41_Pilot error analysis,['Pilot error analysis'],"['<title>Pilot error as a symptom of inadequate stress coping</title> <excerpt>Over 700 psychological questionnaires, completed on naval aviators who had been involved in major aircraft mishaps over a 4-year period were divided into two groups. Those collected on aviators who were causally involved in their mishaps were compared with those who had no culpability in their mishaps.</excerpt>', '<title>Grouping of the causative factors in investigation of aircraft accidents attributed to pilot errors.</title>', '<title>Aviators at risk</title> <excerpt>Human error has been found to cause or contribute to most aviation accidents. Excess emotional stress may have an adverse effect on pilot performance and is known to increase the risk of an aircraft mishap.</excerpt>']"
42,14,42_Astronaut selection criteria,['Astronaut selection criteria'],"[""<title>Predicting astronaut effectiveness: A multivariate approach</title> <excerpt>In this study, measures of astronaut effectiveness were administered to volunteers from the astronaut corps in order to validate psychological 'select-in' criteria for long-duration space missions. Using a peer nomination format, astronauts rated their peers with whom they had either flown or trained.</excerpt>"", ""<title>Psychiatric diagnoses in a group of astronaut applicants</title> <excerpt>Between 1959 and 1987, the psychiatric evaluation of astronaut candidates evolved from a 30-h intensive examination evaluating applicants for psychopathology, and studying their performance under stress, to a 2-h clinical interview whose structure and contents were determined by the individual examiner. Evaluations done during these years applied both psychiatric (or, ''select-out'') criteria and psychological (or, ''select-in'') criteria.</excerpt>"", ""<title>Psychological evaluation of European astronaut applications: Results of the 1991 selection campaign</title> <excerpt>In the summer of 1991, the European Space Agency (ESA) performed its second selection campaign since 1977 in order to find 10 astronaut candidates (laboratory specialists and space plane specialists). An integral part of this selection process was the psychological evaluation, according to the principles laid down in the study report 'Definition of Psychological Testing of Astronaut Candidates.' After national preselection, 59 applicants underwent the psychological evaluation, which consisted of the assessment of operational aptitudes (basic cognitive and psychomotor functions) and personality traits (motivation, social capability, stress resistance).</excerpt>""]"
43,14,43_Urban Air Mobility,['Urban Air Mobility'],"[""<title>Female United States Air Force (USAF) pilots: Themes, challenges, and possible solutions</title> <excerpt>Background: Identification of stresses of mixed-gender squadrons, attention to the psychological concerns of pilots in combat, and recognition of the difficulties of balancing a career and family are important in today's United States Air Force (USAF). What qualities are desirable in male and female pilots in combat situations, how do men and women view their career and family goals, and how do men and women work together in day-to-day squadron activities versus deployment and combat situations? Methods: A semi- structured clinical interview sought information about personal/family health, squadron relationships, and career/deployment stresses.</excerpt>"", '<title>Cars are Ready to Fly: Urban Air Mobility and Psychological Process of Sustainable Travel Mode Choices</title> <excerpt>Objective: This study is designed to predict individuals’ pro-social behavior in their choice of travel modes. Specifically, the consumer adoption process and the norm activation model are incorporated as the overarching theoretical model in consideration of the relative advantages of urban air mobility.</excerpt>', ""<title>Female United States air force pilot personality: The new right stuff</title> <excerpt>With increasing numbers of female military pilots, it is important to understand the psychological and psychiatric gender differences of pilots. Using the 'big five' personality structure (neuroticism, extraversion, openness to new experiences, agreeableness, and conscientiousness), female United States Air Force pilots were compared with both male Air Force pilots and to a female comparison group.</excerpt>""]"
44,14,44_Pilot cognitive workload,['Pilot cognitive workload'],"[""<title>A machine learning approach to the detection of pilot's reaction to unexpected events based on EEG signals</title> <excerpt>This work considers the problem of utilizing electroencephalographic signals for use in systems designed for monitoring and enhancing the performance of aircraft pilots. Systems with such capabilities are generally referred to as cognitive cockpits.</excerpt>"", '<title>Cognitive Engagement Profiling of Pilots in High-Speed, High-Threat Scenarios</title> <excerpt>INTRODUCTION: This study investigated pilot cognitive engagement patterns across diverse flight conditions using electroencephalography (EEG)-based measurements in a high-fidelity rotary-wing simulation environment. METHODS: A total of 8 experienced U.S.</excerpt>', '<title>Using machine learning methods and EEG to discriminate aircraft pilot cognitive workload during flight</title> <excerpt>Pilots of aircraft face varying degrees of cognitive workload even during normal flight operations. Periods of low cognitive workload may be followed by periods of high cognitive workload and vice versa.</excerpt>']"
45,14,45_Cognitive effects of altitude,['Cognitive effects of altitude'],"['<title>Effects of dexamethasone and high terrestrial altitude on cognitive performance and affect</title> <excerpt>This study examined the effects of dexamethasone and exposure to high terrestrial altitude on cognitive performance, affect, and personality. Cognitive performance was evaluated by five cognitive tasks, affect was evaluated by the Clyde Mood Scale and the Multiple Affect Adjective Check List, and personality was examined using the Minnesota Multiphasic Personality Inventory.</excerpt>', '<title>Cognitive changes at high altitude in healthy climbers and in climbers developing acute mountain sickness</title> <excerpt>We report the cognitive functions of 17 non-acclimatized mountaineers who ascended from low lands to an altitude of 4,559 m in 24 h and were studied there within 6 h. We found that this rapid ascent to high altitude had small, but differential effects upon cognitive performance depending upon the later development of acute mountain sickness (AMS).</excerpt>', '<title>The effect of moderate levels of simulated altitude on sustained cognitive performance</title> <excerpt>Previous work has documented cognitive deficits at high altitudes (15,000-25,000 ft), but there is controversy for lower altitudes. This study looked at the effects of moderate altitudes - 12,500 ft and 15,000 ft - on short-term memory in comparison to 2,000 ft.</excerpt>']"
46,13,46_Health issues flight attendants,['Health issues flight attendants'],"['<title>Psychosocial risk factors for work-related musculoskeletal disorders of the lower-back among long-haul international female flight attendants</title> <excerpt>Title. Psychosocial risk factors for work-related musculoskeletal disorders of the lower-back among long-haul international female flight attendants Aim.</excerpt>', '<title>An exploration of quality of life and related factors among female flight attendants</title> <excerpt>Background: Quality of life is currently an important issue in the medical industry. Many studies have found that shift work affects health and life quality.</excerpt>', '<title>Risk factors associated with work-related musculoskeletal disorders among female flight attendants: using a focus group to prepare a survey.</title> <excerpt>In preparation for surveying female flight attendants about work-related musculoskeletal disorder risk factors and symptoms, a focus group study was completed with members of the target population. The aims of this study were to ensure completeness of a previously developed list of physically strenuous job tasks performed by female flight attendants and assess the clarity, appropriateness, and applicability of existing self-reported measures to be used in the survey.</excerpt>']"
47,13,47_Psychological Adaptation Research,['Psychological Adaptation Research'],"['<title>Psychological selection of antarctic personnel: The ""SOAP"" instrument</title> <excerpt>Introduction: The potential advantage of including a psychological test battery in the selection process for service in the Antarctic was examined in 348 applicants for employment in Antarctica with the British Antarctic Survey (BAS). Methods: Applicants were screened with the Selection of Antarctic Personnel battery (SOAP) consisting of nine well-known psychological instruments.</excerpt>', '<title>Psychological studies of a Japanese winter-over group at Asuka Station, Antarctica</title> <excerpt>In order to understand the psychological effects of Antarctic isolation and confinement on Japanese expeditioners, psychological studies were done on eight members of a wintering-over party at Asuka Station between December 1990 and February 1992. Mean age of the subjects was 34.8 ± 5.56 yr.</excerpt>', '<title>The activities of the 42nd Japanese Antarctic Research Expedition (JARE-42) wintering team 2001-2002</title> <excerpt>The 42nd Japanese Antarctic Research Expedition (JARE-42) wintering team has conducted the Vth five-year JARE program during the period of February 1st 2001 to January 31st 2002, in which 40 members were engaged in the various scientific activities and maintenance of Syowa Station. The major observation programs of JARE-42 were as follows : Upper Atmospheric Physics-observations using Fabry-Perot imager, sodium Lidar and HF/MF radar; Atmospheric Sciences and Glaciology-aerosols and air sampling, and shallow ice core drilling; Geophysics-superconducting gravity measurement, geodetic VLBI observations, and natural earthquake monitoring; Biology and Medicine-photosynthesis under sea water, populations census of penguins, and physiological and psychological adaptation to Antarctic environment, etc.</excerpt>']"
48,13,48_Psychological well-being in aircrews,['Psychological well-being in aircrews'],"[""<title>Any nurse can prevent dehumanization by the CCU experience</title> <excerpt>This presentation deals with the Air Force Nurse as a novice assigned to a CCU area and her contributions to patient care as a member of the Air Force Health Care Team. The novice nurse's contributions to the patient's care lie in her ability to manage expected behavioral responses to the CCU experience even with a basic working knowledge of normal sinus rhythm and CPR procedure.</excerpt>"", '<title>Psychological aspects of aircrews involved in escape and evasion activities</title> <excerpt>The experiences of 200 Air Force aircrewmen who were forced to abandon the safety of their aircraft and survive until rescue in the Southeast Asia area were evaluated. Primary emphasis was upon the emotional reactions of these individuals to the experiences, rather than to a specific summary of equipment breakdown or procedural failures.</excerpt>', '<title>Subjective response to negative air ion exposure</title> <excerpt>This study investigated specific subjective or psychological effects of relatively long exposure to negative ions generated by a conventional air purification device. Subjects - 24 males matched for age, education, physical condition, and smoking habits - were divided into a control (N=12) and an ion exposure group (N=12).</excerpt>']"
49,13,49_Training and Skill Acquisition,['Training and Skill Acquisition'],"['<title>The effect of metacognitive monitoring feedback on performance in a computer-based training simulation</title> <excerpt>This laboratory experiment was designed to study the effect of metacognitive monitoring feedback on performance in a computer-based training simulation. According to prior research on metacognition, the accurate checking of learning is a critical part of improving the quality of human performance.</excerpt>', '<title>The moderating effect of individual differences in error-management training: Who learns from mistakes?</title> <excerpt>Objective: We investigated the effectiveness of error-encouragement training and the influence of ability and personality attribute-treatment interactions using a dynamic decision-making task. Background: Error-encouragement training is said to be more effective than error-avoidance training because active exploration and error encouragement promote better learning and transfer.</excerpt>', '<title>Designing Instructional Simulations: Effects of Instructional Control and Type of Training Task on Developing Display-Interpretation Skills</title> <excerpt>Instructional simulation is a useful training medium for developing complex skills, but principles are needed to specify the most effective strategies for representing complex tasks and controlling instruction and simulation events within these learning environments. Different types of instructional control and training tasks were examined in three experiments.</excerpt>']"
50,13,50_Stress in military aviators,['Stress in military aviators'],"['<title>Influence of stress on lymphocyte subset distribution - A flow cytometric study in young student pilots</title> <excerpt>Stressors can induce sizable modifications on immunocompetent cells. Major circulating lymphocyte subsets were quantitated in Italian Air Force student pilots undergoing intensive training and continuous evaluation, a stressful situation both physically and psychologically.</excerpt>', '<title>Level of work stress and factors associated with bruxism in the military crew of the Peruvian Air Force</title> <excerpt>Background: Military life leads to a great personal sacrifice and labor in the aircrew because they are constantly subjected to innumerable activities which have a great work pressure; therefore, the aim of this study was to determine the level of work stress associated with bruxism in the aircrew of the Peruvian Air Force. Methods: This was a cross-sectional study.</excerpt>', '<title>Relationships between stress, psychological factors, health, and immune levels among military aviators</title> <excerpt>The present study investigated the relationship between immunoglobulin levels and work stress and personality factors in a population of healthy air force aviators, and also if such factors were related to health complaints. Sixty-four aviators participated, 31 fighter pilots and 33 from a Hercules C130 squadron.</excerpt>']"
51,13,51_Aviation medicine history,['Aviation medicine history'],"['<title>INTEGRATED HUMAN RESEARCH AND AEROSPACE MEDICINE.</title>', '<title>Unearthing airspace: the historical phenomenology of aviation artefacts</title> <excerpt>From wreck sites to former airfields, aviation archaeology has traditionally focused on the materiality of aircraft construction, modification and logistics. Rarely invoked, however, are the sensations of flight and the ways in which technology governs human interaction with the skies.</excerpt>', ""<title>The highlights, and the lows, of aviation medicine in the 1940's: the human element.</title> <excerpt>This article describes the experience and knowledge gained by the author during an extensive study tour of the majority of aviation medicine centres in the United Kingdom, Canada, and the United States in 1942. The emphasis is upon the human element rather than the technical, and the contribution of thousands of scientists from medical, psychological, and allied disciplines whose dedication was vital to air supremacy.</excerpt>""]"
52,13,52_Personality Assessment in ATC,['Personality Assessment in ATC'],"['<title>Do Personality Traits Predict Training Performance?: the Use of a Personality Questionnaire for Air Traffic Controller Selection</title> <excerpt>Most test batteries for the selection of ab initio air traffic controllers (ATCOs) include a personality questionnaire. However, the literature suggests that the relationship between personality and job performance is not straightforward: Correlations are found only for a limited set of personality factors, depend on job characteristics, and are at best small to moderate in size.</excerpt>', ""<title>Predicting professional success of air traffic control personnel from their personality profile at admission to Ab initio training</title> <excerpt>The usefulness of personality measures for predicting air traffic controllers' (ATCs) performance in addition to cognitive aptitudes was tested using NEO Personality Inventory (NEO-PI) results of 60 ATC candidates at admission to the training. Extroversion (E) and its facets Gregariousness (E2) and Positive Emotions (E6) were valid and useful negative predictors of performance over and above cognitive ability level.</excerpt>"", '<title>Relationships of anxiety scores to screening and training status of air traffic controllers</title> <excerpt>The present study assessed the relationship between anxiety, as measured by the State-Trait Personality Inventory (STPI), and success of post-strike air traffic control specialist (ATCS) trainees at the FAA Academy and during field training. The STPI was administered to students who entered the FAA Academy between June 1984 and September 1985.</excerpt>']"
53,13,53_Pilot Health Screening,['Pilot Health Screening'],"['<title>Flight surgeon support of combat operations at RAF Upper Heyford</title> <excerpt>Flight surgeon support of the Libyan Air Strike on April 14-15, 1986 is reviewed. Problems encountered included lack of time for adequate briefings, aircrew member fatigue, family stress, and lack of confidence in medication.</excerpt>', '<title>Grounding of Pilots: Medical Reasons and Recommendations for Prevention</title> <excerpt>BACKGROUND: this article presents the results of an EASA-commissioned study aimed at analyzing the medical causes of grounding of a broad European pilot population and recommending measures to reduce the risk of in-flight incapacitation in commercial air transport pilots. method: European National Aviation Authorities (NAAs) were requested to provide data concerning the total number of pilots that were examined, their age and license category, number of unfit pilots, and the medical causes of each case of grounding.</excerpt>', ""<title>Some human factors in the flying physician</title> <excerpt>The paper was prepared with two aims: to transmit the image of the high risk physician in the middle of his journey through time and space, with the hope it may have some prophylactic value in reeducating both the doctors and those who care for them to early danger signals of distress; and to provide the background for future research on decision making and human factors, as a most tentative effort to show significant variables in the 80 to 90% of aircraft accidents attributable to 'pilot error'..</excerpt>""]"
54,12,54_Air Traffic Control Selection,['Air Traffic Control Selection'],"['<title>Imagery ability and air traffic personnel</title> <excerpt>The reliability and validity of procedures for selecting air traffic service personnel is a worldwide problem. There are practically no published research papers on standards, instruments, and procedures used to screen applicants for employment or training as air traffic control (ATC) personnel in New Zealand.</excerpt>', '<title>Toward the development of a new aptitude selection test battery for air traffic control specialists</title> <excerpt>In an effort to update and refine the selection battery for air traffic controllers, five experimental tests measuring aptitudes and skills considered important in air traffic work were administered to 1,828 newly selected air traffic control specialist (ATCS) trainees on their first day of training at the FAA Academy in Oklahoma City. The five experimental tests and the five tests presently used by the Office of Personnel Management (OPM) for selecting ATCS trainees were employed in an iterative stepwise regression (stepdown procedure).</excerpt>', '<title>Use of path models to study a precareer air traffic control training program</title> <excerpt>Past studies have demonstrated that women and minorities are less likely to be selected as FAA air traffic controllers than are nonminority men and, when selected, are less likely to be successful. One major reason for this is that women and minorities have less aviation-related background experience.</excerpt>']"
55,12,55_Psychological effects of stress,['Psychological effects of stress'],"['<title>An appraisal of psychological stress.</title>', '<title>Cognitive impact and psychophysiological effects of stress using a biomonitoring platform</title> <excerpt>Stress can impact multiple psychological and physiological human domains. In order to better understand the effect of stress on cognitive performance, and whether this effect is related to an autonomic response to stress, the Trier Social Stress Test (TSST) was used as a testing platform along with a 2-Choice Reaction Time Task.</excerpt>', '<title>Effects of air transportation cause physiological and biochemical changes indicative of stress leading to regulation of chaperone expression levels and corticosterone concentration</title> <excerpt>Laboratory animals generally experience numerous unfamiliar environmental and psychological influences such as noises, temperatures, handling, shaking, and smells during the process of air transportation. To investigate whether stress induced by air transportation affects stress-related factors in animals, the levels of hormone and chaperone protein were measured in several tissues of F344 rats transported for 13 h and not transported.</excerpt>']"
56,12,56_Adaptation to microgravity,['Adaptation to microgravity'],"['<title>Psychophysiological monitoring under conditions of real and simulated microgravity.</title> <excerpt>Dynamics of indices characterizing the process of adaptation of operators to complicated conditions of vital activity was studied with psychophysiological monitoring. This technique is based on the complex analysis of subjective and objective estimations of the current psychoemotional state and physiological and biochemical indices.</excerpt>', ""<title>Slow oscillations of psychophysiological parameters in human operators during monotony</title> <excerpt>Objective estimation of the human operator's functional state is an urgent problem in applied psychophysiology. It helps to forecast the reliability and efficiency of the operator's activity.</excerpt>"", '<title>Needs of physiological and psychological research using artificial gravity</title> <excerpt>In the next century, mankind will expand its activity to the moon and Mars. At that time, humans will be exposed to a low and micro-gravity environment in long term which causes physiological and psychological problems.</excerpt>']"
57,12,57_Aviation Psychology Research,['Aviation Psychology Research'],"['<title>Success rate analysis of navy SERGRAD flight training</title> <excerpt>SERGRADS are selectively retained graduates of Naval Flight Training who become flight instructors during their first tour as Naval Aviators. A perception exists that SERGRADS have more difficulties than newly designated pilots during subsequent training in the Fleet Replacement Squadrons (FRS).</excerpt>', '<title>Dichotic Listening and Psychomotor Task Performance as Predictors of Naval Primary Flight-Training Criteria</title> <excerpt>A statistical evaluation of the automated dichotic listening task (DLT) and psychomotor tasks (PMTs) indicated that both contributed to the prediction of primary flight-training criteria. Before the main analyses, the extreme skewness of the DLT and PMT error measures was corrected by log transformations, and between-squadrons differences in flight grades were removed by transformations based on z scores.</excerpt>', '<title>History, organization and research activities, Psychological Research Project (Navigator), Army Air Forces</title> <excerpt>The ninth in a series of reports describing the Aviation Psychology Program of the Army Air Forces, this article covers the work of the application of psychological and statistical techniques to research in navigation. It deals with the following points: (1) objective measures of skill in navigation; (2) research in training; (3) research on the selection of instructors; and (4) work in the Navigation Schools.</excerpt>']"
58,12,58_Environmental effects on cognition,['Environmental effects on cognition'],"['<title>Human performance at elevated environmental temperatures</title> <excerpt>A review of research on human performance at elevated temperatures is presented. The findings are analyzed in terms of 5 categories of performance measurements: time estimation; reaction time; vigilance and monitoring; tracking; and cognitive and other skilled tasks.</excerpt>', '<title>Behavioral and psychological effects of microwave radiation</title> <excerpt>The first category of behavioral reaction to microwaves and other radiofrequency electromagnetic radiations involves responses confirmed in laboratory experiments from which a dose-response picture indicates absence of damaging effects of acute exposures (typically less than 60 minutes) at whole-body energy-dose rates below 3 mW/g. To result in this dose rate, the power density of incident radiation could be as low as 2 to 3 mW/cm2 for a small animal but would be on the order of 15 to 20 mW/cm2 for a human being.</excerpt>', '<title>Thermal balance effects on vigilance during 2-hour exposures to -20°C</title> <excerpt>Introduction: Human mental performance is markedly affected by environmental temperature, body temperature, body heat content, and comfort, but the effects of these different factors are not entirely clear. A liquid conditioning garment (LCG) can be used to manipulate these factors independently.</excerpt>']"
59,12,59_Psychosocial challenges in space missions,['Psychosocial challenges in space missions'],"['<title>Interpersonal and group-behavior skills training for crews on space station</title> <excerpt>With the advent of space station, planners must come to terms with the inevitable psychosocial crew problems that accompany long-term confinement. Although some problems may be resolvable with the assistence of an on-board professional therapist-consultant, others can only be settled by whole-crew training in interpersonal, emotional-support, and group-interaction skills.</excerpt>', '<title>Psychological, emotional studies of Mir space station missions show Russians fared better than Americans.</title> <excerpt>Weekly surveys gathered from crewmembers and mission control personnel during NASA missions to the Mir space station were used to rate mood, work environment, and interactions with the rest of the crew. Analysis of the surveys indicated that Americans were less satisfied with their group interactions and work environments than Russians.</excerpt>', '<title>Psycho-social training for man in space</title> <excerpt>In preparation for the international manned space station various international and national space agencies are already participating with the Russian MIR programme with short, medium, and long term presence on the MIR station. Although selection criteria for all crew include careful psychological screening, with some effort also regarding team build-up, this has proved insufficient; moreover, little or no effort is expended in the area of psycho-social- or team training.</excerpt>']"
60,12,60_Cognitive performance effects,['Cognitive performance effects'],"['<title>Methamphetamine effects on cognitive processing during extended wakefulness</title> <excerpt>We examined the effects of both 5- and 10-mg/70 kg body weight of d-methamphetamine HCl on high event rate vigilance and tracking performance in a 13.5-hr sustained-performance session during one night of sleep loss. At 0116 hours, participants were administered either a 5 mg/70 kg oral dose of d-methamphetamine (n = 10), 10 mg/70 kg d-methamphetamine (n = 10), or a placebo (n = 10) using standard double-blind procedures.</excerpt>', '<title>The Effect of Caffeine and Sleep Quality on Military Pilot Students’ Flight Performance-Related Cognitive Function</title> <excerpt>Objective: To assess the effect of caffeine and sleep quality on the flight performance-related cognitive function. Background: High levels of cognitive performance in pilots is required for flight safety.</excerpt>', '<title>Effect of caffeine on vigilance and cognitive performance during extended wakefulness</title> <excerpt>In this double-blind, randomized, 37-hr sleep deprivation study, 15 military pilot students received either placebo or 200 mg of caffeine twice a day. Vigilance was assessed 6 times and learning 4 times, both in a computerized environment.</excerpt>']"
61,12,61_Perception and rotation effects,['Perception and rotation effects'],"['<title>The effects of repeated rotary acceleration on the oculo-gyral illusion</title> <excerpt>""The effects of repeated angular acceleration and deceleration on visual perception were studied in three subjects to establish whether any change in the oculo-gyral illusion would occur\xa0. .</excerpt>', '<title>Effects of angular acceleration on man: thresholds for the perception of rotation and the oculogyral illusion.</title>', '<title>Minor studies from the psychological laboratory of Cornell University; Centrifugal swing effects in the human stylus maze</title>']"
62,11,62_High-G training performance,['High-G training performance'],"['<title>Effect of G suit type on cognitive performance</title> <excerpt>Background: Sustained acceleration protection ensembles are being developed to help pilots of high performance aircraft endure high G exposures for longer periods of time. It has been assumed that better G endurance confers better pilot task performance.</excerpt>', ""<title>Assessment of the anti-G straining maneuver (AGSM) skill performance and reinforcement program</title> <excerpt>Initial high-G centrifuge training of USAF fast jet pilots was instituted in 1985. Also, since the mid-1980's, pilot awareness of G-induced loss of consciousness (G-LOC) has been enhanced by briefings, videotapes, and safety articles.</excerpt>"", ""<title>AGSM proficiency and depression are associated with success of high-G training in trainee pilots</title> <excerpt>INTRODUCTION: High-gravity (G) training is used to educate trainee pilots about anti-G straining maneuvers (AGSM) in an environment similar to that of a real fighter aircraft, and to enhance their G tolerance. The success or failure of high-G training could be multifactorial, but most previous studies have only focused on the effect of pilots' physical condition.</excerpt>""]"
63,11,63_Pilot training evaluation,['Pilot training evaluation'],"['<title>Selection and training of aircraft pilots</title> <excerpt>The airplane used in modern war has reached, or will soon reach, a performance ""beyond the capacity of the human being who must fly it."" Climbing, crusing, and diving speeds bring problems of aero-embolism (bends), anoxia, ""blackout,"" loss of effectiveness through low temperatures, etc. The necessity arises for choosing only those candidates for training who show marked aptitude for flying.</excerpt>', '<title>Personality Trait Comparison of Pararescue Personnel and Elite Athletes</title> <excerpt>INTRODUCTION: Pararescue personnel (PJs) deploy in high-risk environments and perform extraordinary missions under intense conditions, requiring an unusual combination of physical and psychological abilities. The rigorous nature of PJ training and the superior levels of fitness and cognitive functioning to perform challenging physical feats in high-pressure, high-intensity environments have prompted military commanders and embedded health care providers to compare successful performance in the PJ mission with the characteristics required of elite, Olympic-level athletes.</excerpt>', '<title>An early attempt to evaluate psychological fitness for flight training</title>']"
64,11,64_Visual perception phenomena,['Visual perception phenomena'],"[""<title>Visual Orientation: Facts and Hypotheses</title> <excerpt>How pilots judge an airplane's position and movement relative to objects on the earth's surface is considered in relation to the size-distance invariance hypothesis. Factors that cause systematic departures from size, distance, and angular position constancies are identified, including effects of viewing real and virtual imaging displays.</excerpt>"", '<title>The effects of window shape and reticle presence on performance in a vertical alignment task</title> <excerpt>This study was conducted to evaluate the effect of selected interior work-station orientational cuing upon the ability to align a target image with local vertical in the frontal plane. Angular error from gravitational vertical in an alignment task was measured for 20 observers viewing through two window shapes (square, round), two initial orientations of a computer-generated space shuttle image, and the presence or absence of a stabilized optical alignment reticle.</excerpt>', ""<title>The giant hand phenomenon</title> <excerpt>The 'giant hand' is a form of recognized spatial disorientation. An experienced fighter pilot described the events leading up to ejection from his out-of-control aircraft.</excerpt>""]"
65,11,65_Air Traffic Management,['Air Traffic Management'],"['<title>The Influence of Automation Support on Performance, Workload, and Situation Awareness of Air Traffic Controllers</title> <excerpt>A decision support tool, called Speed and Route Advisor (SARA), was developed at Schiphol Airport to help air traffic controllers achieve increased accuracy in traffic delivery. Its influence on controller performance, workload, and situation awareness was evaluated in a real-time simulation and in an operational trial.</excerpt>', ""<title>Air traffic controllers' performance in advance air traffic management system: Part I-performance results</title> <excerpt>The current air traffic management (ATM) system will soon reach its capacity limits, so new concepts for the future are being developed. Many proposed schemes include shifting the task of maintaining safe distances between aircraft to ground-based automation and assigning air traffic controllers a supervisory role.</excerpt>"", '<title>A Novel Approach Using Non-Experts and Transformation Models to Predict the Performance of Experts in A/B Tests</title> <excerpt>The European Union is committed to modernising and improving air traffic management systems to promote environmentally friendly air transport. However, the safety-critical nature of ATM systems requires rigorous user testing, which is hampered by the scarcity and high cost of air traffic controllers.</excerpt>']"
66,10,66_Air medical transport,['Air medical transport'],"['<title>The king LT versus the combitube: Flight crew performance and preference</title> <excerpt>Introduction. Air medical personnel frequently face the challenge of the emergency airway.</excerpt>', ""<title>Air medical transport: What the family wants to know</title> <excerpt>Introduction: The needs of family members of intensive care unit patients are well-documented, but there is little published about the specific needs of family members of air medical patients. Purpose: This study was devised to identify family member's information needs regarding air medical transport.</excerpt>"", '<title>AsMA medical guidelines for air travel: Stresses of flight</title> <excerpt>INTRODUCTION: Medical Guidelines for Airline Travel provide information that enables healthcare providers to properly advise patients who plan to travel by air. Modern commercial aircraft are very safe and, in most cases, reasonably comfortable.</excerpt>']"
67,10,67_Multisensory target localization,['Multisensory target localization'],"['<title>3-D audio in the fighter cockpit improves task performance</title> <excerpt>A flight simulator experiment was conducted to explore the benefits of 3-dimensional (3-D) audio to support in-cockpit tasks regarding performance and workload. In half of the conditions, 1 or 2 tasks requiring information from a head-down display (HDD) were supported by 3-D audio.</excerpt>', '<title>Effects of supplementing head-down displays with 3-D audio during visual target acquisition</title> <excerpt>We investigated the effectiveness of supplementing head-down displays (HDDs) with high-fidelity 3-dimensional (3-D) audio using a flight simulation task in which participants were required to visually acquire the image of a target aircraft. There were 3 conditions: a visual HDD providing azimuth information combined with a nonspatial audio cue, a visual HDD providing azimuth and elevation information combined with a nonspatial audio cue, and a visual HDD providing azimuth information combined with a 3-D audio cue.</excerpt>', '<title>Evaluating adaptive multisensory displays for target localization in a flight task</title> <excerpt>This study was designed to determine the efficacy of providing target location information via head-coupled visual and spatial audio displays presented in adaptive and nonadaptive configurations. Twelve United States Air Force pilots performed a simulated flight task in which they were instructed to maintain flight parameters while searching for ground and air targets.</excerpt>']"
68,10,68_Pilot Training Performance,['Pilot Training Performance'],"['<title>Investigating the Validity of Previous Flying Experience, Both Actual and Simulated, in Predicting Initial and Advanced Military Pilot Training Performance</title> <excerpt>This study examined the validity of cognitive ability, previous flying experience, and a simulation in predicting the job knowledge and flying performance of military pilots undergoing training. Archival data were analyzed for 300 Canadian pilot candidates who attempted entry-level military pilot training and 150 candidates who completed intermediate-level training on fixed-wing aircraft.</excerpt>', ""<title>Cognitive-Adaptation Training for Improving Performance and Stress Management of Air Force Pilots</title> <excerpt>This study investigated the effects of cognitive-adaptation training on flight performance and stress management in a sample of pilot cadets who were undergoing a basic flying program (N = 21). The aim of the training was to enhance the participants' awareness of the cognitive processes that they used in a given situation, and to strengthen reflective processes.</excerpt>"", '<title>Consistency of the Relations of Cognitive Ability and Personality Traits to Pilot Training Performance</title> <excerpt>The predictive validity of cognitive ability and personality traits was examined in large samples of U.S. Air Force pilot trainees.</excerpt>']"
69,10,69_Synthetic vision systems,['Synthetic vision systems'],"['<title>Improved Flight Technical Performance in Flight Decks Equipped with Synthetic Vision Information System Displays</title> <excerpt>Synthetic vision information systems (SVIS) are the next generation of cockpit display systems that will become an integral part of the commercial flight deck in the future. The goal of this study was to evaluate SVIS against conventional glass cockpit displays to assess whether or not SVIS can improve pilot performance, situation awareness (SA), and workload.</excerpt>', ""<title>The effects of the AH-64A pilot's night vision system on the performance of seven simulated maneuver tasks</title> <excerpt>The Pilot's Night Vision System (PNVS) allows the pilot of the AH-64A Apache helicopter to fly and navigate effectively at night. The PNVS restricts field of view (FOV) and degrades visual acuity, two factors that should adversely affect pilot performance during night operations, especially for flight maneuvers that rely on peripheral cues.</excerpt>"", '<title>Effects of a velocity-vector-based command augmentation system and synthetic vision system terrain portrayal and guidance symbology concepts on single-pilot performance</title> <excerpt>This study investigated the effects of synthetic vision system (SVS) concepts and advanced flight controls on the performance of pilots flying a light, single-engine general-aviation airplane. We evaluated the effects and interactions of 2 levels of terrain portrayal, guidance symbology, and flight control response type on pilot performance during the conduct of a relatively complex instrument approach procedure.</excerpt>']"
70,10,70_Pilot decision making in weather,['Pilot decision making in weather'],"['<title>Effects of Pilot Experience on Recall of Information From Graphical Weather Displays</title> <excerpt>Good weather-related decision making is critical for the safe conduct of general aviation flights. A number of tools have been developed in recent years to help pilots visualize the actual and forecast weather for their planned flight.</excerpt>', '<title>General Aviation Weather Alerting: The Effectiveness of Different Visual and Tactile Display Characteristics in Supporting Weather-Related Decision Making</title> <excerpt>Objective: This research analyzed the effects of weather technology interface characteristics on the quality and timeliness of weather-related decision making via mental workload and situational awareness (SA) metrics using flight training devices (FTDs) and follow-up in-flight validation testing. Background: A significant number of fatal general aviation (GA) accidents are attributable to pilots flying into instrument meteorological conditions without the necessary certification for safe operation.</excerpt>', '<title>Expert and novice pilot perceptions of static in-flight images of weather</title> <excerpt>Weather-related accidents continue to account for a significant proportion of fatal general aviation accidents. The aim of this study was to examine the nature of in-flight weather-related decision making in a task involving assessments of in-flight weather conditions.</excerpt>']"
71,10,71_Prospective Memory in Aviation,['Prospective Memory in Aviation'],"['<title>Functions of External Cues in Prospective Memory</title> <excerpt>A simulation of an air traffic control task was the setting for an investigation of the functions of external cues in prospective memory. External cues can support the triggering of an action or memory for the content of the action.</excerpt>', '<title>Using memory for prior aircraft events to detect conflicts under conditions of proactive air traffic control and with concurrent task requirements</title> <excerpt>In 2 experiments we examined the impact of memory for prior events on conflict detection in simulated air traffic control under conditions where individuals proactively controlled aircraft and completed concurrent tasks. Individuals were faster to detect conflicts that had repeatedly been presented during training (positive transfer).</excerpt>', '<title>Applying Psychological Science to Examine Prospective Memory in Simulated Air Traffic Control</title> <excerpt>Failures to remember to perform deferred task actions in work settings such as air traffic control can have serious consequences. Most research examining the cognitive mechanisms underlying prospective memory has used simple, static tasks, which may make it difficult to generalize results to work settings.</excerpt>']"
72,10,72_Pilot Safety Behaviors,['Pilot Safety Behaviors'],"['<title>Assessing Locus of Control in Pilots: Psychometric Evaluation of a Self-Report Measure</title> <excerpt>The present study systematically assessed the factor structure, internal consistency, and construct validity of the Aviation Safety Locus of Control scale (ASLOC) on 476 European pilots (4.6% female). Independent confirmatory factor analyses showed a strong correlation between the latent factors of Internal and External LOC, justifying proceeding with a one-factor solution (assessing internal LOC after reversescoring items).</excerpt>', '<title>A Theoretical Model to Understand Flight Instructors’ Safety Behaviors in the United States: Through Personality Traits, Self-Efficacy, Risk Perception, and Safety Climate</title> <excerpt>Safety is an important aspect for any organization or individual to be successful, and the field of aviation has no exceptions. A CFI is authorized to give training and endorsements required for student, private, commercial, and instrument pilot certificates.</excerpt>', '<title>The Relationship Between Pilot Candidates’ Self-Control, Self-Efficacy and Training Performance in Terms of Safety Climate</title> <excerpt>Objective: This study investigates the relationship between pilot candidates’ self-control, self-efficacy, and training performance in terms of safety climate. Background: Self-efficacy and safety climate are essential for the flight performance of pilots.</excerpt>']"
73,10,73_Fatigue assessment in pilots,['Fatigue assessment in pilots'],"['<title>Application of LC-MS-based global metabolomic profiling methods to human mental fatigue</title> <excerpt>Mental fatigue is characterized by a reduced capacity for work and a loss of capacity to respond to stimulation and is usually accompanied by a feeling of tiredness and drowsiness. Mental fatigue at work is a serious problem and can raise safety concerns especially in the transportation system.</excerpt>', '<title>Psychological factors in flying fatigue.</title>', '<title>Detecting fatigue in car drivers and aircraft pilots by using non-invasive measures: The value of differentiation of sleepiness and mental fatigue</title> <excerpt>Introduction: Fatigue is one of the most crucial factors that contribute to a decrease of the operating performance of aircraft pilots and car drivers and, as such, plays a dangerous role in transport safety. To reduce fatigue-related tragedies and to increase the quality of a healthy life, many studies have focused on exploring effective methods and psychophysiological indicators for detecting and monitoring fatigue.</excerpt>']"
74,10,74_Job Satisfaction in Aviation,['Job Satisfaction in Aviation'],"['<title>Effects of trust in organizations and trait mindfulness on optimism and perceived stress of flight attendants during the COVID-19 pandemic</title> <excerpt>Purpose: This research adopts the conservation of resources (COR) theory to examine the effects of trust in organizations and trait mindfulness on optimism and perceived stress of flight attendants in Thailand during the COVID-19 pandemic. Design/methodology/approach: Online survey data were collected from 234 flight attendants who work for five low-cost airlines based in Thailand.</excerpt>', '<title>The Effect of Psychological Anxiety Caused by COVID-19 on Job Self-Esteem and Job Satisfaction of Airline Flight Attendants</title> <excerpt>This study aimed to investigate how psychological anxiety caused by COVID-19 has influenced airline cabin crew job self-esteem and job satisfaction. A questionnaire based on prior research was developed to identify factors of psychological anxiety among cabin crews as a result of COVID-19.</excerpt>', '<title>A study on the effect of job stress factors on mental health and service sabotage: Focusing on flight attendants in foreign airlines</title> <excerpt>This study investigated the relationship among six job stress factors (job insecurity, meritocracy, vertical communication, acculturation stress, organizational silence, and psychological contract), mental health deterioration, and service sabotage in flight attendants working for foreign (non-Korean) airlines. Six job stressors were identified through a literature review and focus group interviews.</excerpt>']"
75,9,75_Mindfulness in Military,['Mindfulness in Military'],"['<title>Mindfulness-Based Mental Training in a High-Performance Combat Aviation Population: A One-Year Intervention Study and Two-Year Follow-Up</title> <excerpt>This study tested the feasibility and value of mindfulness training (MT) in a Norwegian military combat aircraft squadron (n = 21). No objective measures of performance were included in this study.</excerpt>', '<title>A Sense of Fellowship: Mindfulness Improves Experienced Interpersonal Benefits and Prosociality in A Military Aviation Unit</title> <excerpt>Objective: Explore how personnel in a military aviation unit experienced personal as well as interpersonal aspects concerning their participation in a group-based four-month MBT programme. Background: mindfulness-based training (MBT) have been used as a personal stress management tool in stressful working environments, including military aviation.</excerpt>', '<title>Impact of Mindfulness Training on Physiological Measures of Stress and Objective Measures of Attention Control in a Military Helicopter Unit</title> <excerpt>Objective: This study sought to determine if mindfulness training (MT) has a measurable impact on stress and attentional control as measured by objective physiological and psychological means. Background: Periods of persistent, intensive work demands are known to compromise recovery and attentional capacity.</excerpt>']"
76,9,76_Pilot stress responses,['Pilot stress responses'],"['<title>Salivary alpha-amylase activity and stress in Japan air self-defense force cargo pilots involved in Iraq reconstruction</title> <excerpt>Objectives: This study aimed to verify whether salivary α-amylase enzyme activity (Amy) is useful as a biomarker of stress in pilots working in a stressful environment. Methods: The subjects in this study were nine Japan air self-defense force pilots who participated in Iraq reconstruction support activity in Kuwait.</excerpt>', '<title>Neuroendocrine responses to real and simulated BA Hawk MK 51 flight</title> <excerpt>The effects of psychological workload on the plasma levels of eight neuroendocrine hormones were studied in 5 undergraduate and 5 senior military pilots of the Finnish Air Force (FAF). All subjects performed the same short- term basic flight mission, which included the following: 1) start; 2) ILS- approach in minimum weather conditions; 3) visual approach; and 4) landing.</excerpt>', '<title>Physiological, biochemical, and psychological responses to environmental survival training in the Royal Australian Air Force</title> <excerpt>Military environmental survival training (EST) is designed and considered to evoke significant stressors to military personnel in preparation for combat-like scenarios. The aim of this study was to observe and report selected physiological, biochemical, psychological, and performance responses to this intense 15-day program of Royal Australian Air Force (RAAF) EST.</excerpt>']"
77,9,77_Virtual reality therapy,['Virtual reality therapy'],"[""<title>Virtual reality treatment of flying phobia</title> <excerpt>Flying phobia (FP) might become a very incapacitating and distributing problem in a person's social, working, and private areas. Psychological interventions based on exposure therapy have proved to be effective, but given the particular nature of this disorder they bear important limitations.</excerpt>"", '<title>A cognitive and virtual reality treatment program for the fear of flying</title> <excerpt>Background: Passenger air transport has considerably increased in the past 50 yr. It is estimated that between 7 and 40% of the population of industrialized countries is currently afraid of flying.</excerpt>', '<title>A novel treatment of fear of flying using a large virtual reality system</title> <excerpt>Background: Fear of flying (FoF), a common phobia in the developed world, is usually treated with cognitive behavioral therapy, most efficiently when combined with exposure methods, eg, virtual reality exposure therapy (VRET). We evaluated FoF treatment using VRET in a large motion-based VR system.</excerpt>']"
78,9,78_Cognitive performance underwater,['Cognitive performance underwater'],"['<title>Cognitive function during lower body water immersion and post-immersion afterdrop</title> <excerpt>Introduction: The physiological effects of immersion hypothermia and afterdrop are well-characterized, but the psychological effects are less clear. The purpose of this study was to quantify changes in cognitive function during and after lower body water immersion.</excerpt>', '<title>Psychophysiological stress response in an underwater evacuation training</title> <excerpt>Background: This research aimed to analyze the psychophysiological stress response of air crews in an underwater evacuation training. Materials and Methods: We analyzed in 36 participants (39.06 ± 9.01 years) modifications in the rating of perceived exertion (RPE), subjective stress perception (SSP), heart rate (HR), blood oxygen saturation (BOS), cortical arousal (critical flicker fusion threshold, CFFT), heart rate variability (HRV), spirometry, isometric hand strength (IHS), and short-term memory (ST-M) before and after an underwater evacuation training.</excerpt>', '<title>Stress and coping in a week-long disabled submarine exercise</title> <excerpt>Background: Emotional stress could impair cognitive performance and decision-making in the initial period within a disabled submarine (SUBSUNK). The aim of the present study was to explore stress reactions over time in submarine crewmembers exposed to a simulated SUBSUNK trial.</excerpt>']"
79,9,79_Crew Resource Management,['Crew Resource Management'],"['<title>Outcomes of Crew Resource Management Training</title> <excerpt>Participants self-reports and measures of attitudes regarding flightdeck management indicate that crew resource management training is favorably received and causes highly significant, positive changes in attitudes regarding crew coordination and personal capabilities. However, a subset of participants reacted negatively to the training and showed boomerangs (negative change) in attitudes.</excerpt>', '<title>Pilot Personality and Crew Coordination: Implications for Training and Selection</title> <excerpt>The performance of pilots can be construed as a product of skill, attitude, and personality factors. Although a great deal of effort within the aviation community has been focused on ensuring technical expertise, and new efforts highlight attitudes associated with crew coordination, personality factors have been relatively unexplored.</excerpt>', '<title>A Framework for Understanding Crew Performance Assessment Issues</title> <excerpt>The focus of this special issue is on training pilot instructors to assess crew performance. In this opening article we attempt to set the stage for the other articles in this issue by introducing a framework for understanding crew-performance assessment.</excerpt>']"
80,9,80_Psychophysiological effects of flight,['Psychophysiological effects of flight'],"['<title>Variations in mood states among Brazilian air force pilots: a crossover analysis between operational and aerobatic flight missions</title> <excerpt>Background: Aerobatic flight maneuvers expose military pilots to a confluence of physiological and psychological stressors—including sustained G-forces, vestibular disorientation, and neuromuscular fatigue—that may acutely modulate emotional states and compromise cognitive performance. However, the differential psychometric impact of routine operational flights versus high-intensity air demonstrations remains poorly characterized.</excerpt>', '<title>Metabolic flexibility associated with flight time among combat pilots of the Brazilian air force</title> <excerpt>Introduction: Fighter pilots must support the effects of many stressors, including physical and psychological exertion, circadian disturbance, jet lag, and environmental stress. Despite the rigorous selection of military pilots, those factors predispose to failures in physiological compensatory mechanisms and metabolic flexibility.</excerpt>', '<title>Effect of different combat jet manoeuvres in the psychophysiological response of professional pilots</title> <excerpt>Extreme limits of the human body could be reached in air combat. We analysed 29 fighter pilots before and after offensive and defensive manoeuvres on heart rate (HR), heart rate variability, leg and hand strength, spirometry, temperature, blood oxygen saturation (BOS), lactate, hydration (USG), cortical activation, memory and psychological variables.</excerpt>']"
81,9,81_Effects of cabin decompression,['Effects of cabin decompression'],"['<title>Recurrence of neurological deficits in an F/A-18D pilot following loss of cabin pressure at altitude</title> <excerpt>Introduction: Supersonic, high altitude aviation places its pilots and aircrew in complex environments, which may lead to injury that is not easily diagnosed or simply treated. Decompression illness (either venous or arterial) and environmental conditions (eg, abnormal gases and pressure) are the most likely adverse effects aircrew often face.</excerpt>', '<title>PSYCHOPHYSIOLOGICAL TRAINING OF PILOTS FOR CASES OF EMERGENCY COCKPIT DECOMPRESSION; ПСИХОФИЗИОЛОГИЧЕСКАЯ ПОДГОТОВКА ЛЕТЧИКОВ К ДЕЯТЕЛЬНОСТИ В УСЛОВИЯХ АВАРИЙНОЙ РАЗГЕРМЕТИЗАЦИИ КАБИНЫ САМОЛЕТА</title> <excerpt>Introduction. In the stratosphere, when the aircraft cockpit is depressurized, the pilot switches to breathing pressurized oxygen.</excerpt>', '<title>Physiological Factors Analysis in Unpressurized Aircraft Cabins</title> <excerpt>Amateur and sports flight is an activity with growing numbers worldwide. However, the main cause of flight incidents and accidents is increasingly pilot error, for a number of reasons.</excerpt>']"
82,9,82_Attitude Indicator Design,['Attitude Indicator Design'],"['<title>Unknown-attitude recoveries using conventional and terrain-depicting attitude indicators: Difference testing, equivalence testing, and equivalent level of safety</title> <excerpt>The objectives of this study were to assess the effects of differing formats of forward-looking primary flight display (PFD; electronic attitude-direction indicator, full-color terrain, uniformly brown terrain) on general aviation (GA) pilot recoveries from unknown attitudes and to determine if recovery assistance embodied in the display could be useful. Total recovery times and control reversals were examined as indexes of performance for 40 GA pilots, and the recovery times were subjected to a comparative analysis using both a parametric difference analysis and an equivalence testing technique.</excerpt>', '<title>Attitude Indicator Design in Primary Flight Display: Revisiting an Old Issue With Current Technology</title> <excerpt>Objective: The experiments investigated the “old issue” of the attitude indicator’s moving-horizon versus moving-aircraft format with current primary flight display technology. Of interest was whether the effects found in earlier studies, favoring the moving-aircraft format, could be replicated with most recent technology including extended horizon displays, which depict the artificial horizon extended over the whole screen with overlaying speed and altitude scales (eg, B787).</excerpt>', '<title>Attitude Indicator Design and Reference Frame Effects on Unusual Attitude Recoveries</title> <excerpt>The objectives of this study were to examine the combination effects of the attitude directional indicator (ADI) formats and the 2 reference frames (moving horizon [MH] and moving aircraft [MA]) on unusual attitude recovery performance. Three ADI display formats were examined: (a) conventional MH; (b) perspective-view aircraft symbol (PAS), which replaced the conventional miniature aircraft symbol with a pictorial moving aircraft symbol; and (c) command, which presented the appropriate direction for recovery using the pitch or roll arrow.</excerpt>']"
83,9,83_Team performance analysis,['Team performance analysis'],"['<title>The Effects of leadership style and primary task workload on team performance and Follower satisfaction</title> <excerpt>Previous research has indicated that the majority of errors made in aircraft cockpits are the result of faulty information transfer among members of the flight crew. This study examined the problem by manipulating leadership style and studying its effects on performance and satisfaction under conditions of high and low workload.</excerpt>', '<title>Enhancing teamwork in complex environments through team training</title> <excerpt>Although the importance of team training has become widely recognized, research is needed to more clearly understand what instructional strategies actually lead to enhanced teamwork and performance. This research incorporates a theoretical framework, based on the work of J.</excerpt>', ""<title>Team task analysis: Differentiating between tasks using team relatedness and team workflow as metrics of team task interdependence</title> <excerpt>Objective: As a constructive replication and extension of Arthur, Edwards, Bell, Villado, and Bennett (2005), the objective of the current study was to further investigate the efficacy of team relatedness and team workflow ratings (along with their composite) as metrics of interdependence.Background: Although an analysis of task and job interdependence has important implications and uses in domains such as job design, selection, and training, the job analysis literature has been slow to develop an effective method to identify team-based tasks and jobs.Method: To achieve the study's objectives, 140 F-16 fighter pilots (35 four-person teams) rated 34 task and activity statements in terms of their team relatedness and team workflow.Results: The results indicated that team relatedness and team workflow effectively differentiated between tasks with varying levels of interdependency (as identified by instructor pilots who served as subject matter experts) within the same job. In addition, teams that accurately perceived the level of interdependency performed better on a four-ship F-16 flight-training program than those that did not.Conclusion: Team relatedness and team workflow ratings can effectively differentiate between tasks with varying levels of interdependency.Application: Like traditional individual task or job analysis, this information can serve as the basis for specified human resource functions and interventions, and as diagnostic indicators as well.</excerpt>""]"
84,8,84_Aircrew Injury Management,['Aircrew Injury Management'],"[""<title>Back pain and its consequences among Polish Air Force pilots flying high performance aircraft</title> <excerpt>Objectives: Back pain in Air Force fast jet pilots has been studied by several air forces and found to be relatively common. The objective of the study was to determine the prevalence and degree of the pain intensity in the cervical, thoracic and lumbar spine, subjective risk factors and their effect on the pilots' performance while flying high maneuver aircrafts and the consequences for cognitive deficiencies.</excerpt>"", '<title>Performance Optimization and Injury Mitigation for Air Force Student Fighter Pilots</title> <excerpt>Introduction: Military fighter aircrew report high rates of cervical pain and injury. There is currently no consensus regarding the best training methods for this population.</excerpt>', '<title>Evaluating the Impact of a Spine Training Program on Air Force Student Fighter Pilots</title> <excerpt>Introduction: A 2022 survey conducted by Headquarters Air Combat Command Aircrew Performance Branch found that 98% of fighter aircrew reported flight-related neck pain during their career. Despite the high prevalence of neck pain and growing operational demands, there remains no consensus regarding best practices for mitigating aircrew pain and injury.</excerpt>']"
85,8,85_Aircraft Maintenance Training,['Aircraft Maintenance Training'],"['<title>Investigating Non-Technical Skills in Scottish and English Aircraft Maintenance Teams Using a Mixed Methodology of Interviews and a Questionnaire</title> <excerpt>Objective: The aim of this study was to identify the non-technical skills used by aircraft maintenance crews. Background: Aircraft maintenance is a vital aspect of aviation, with failures in aircraft maintenance linked to one third of aircraft malfunctions.</excerpt>', '<title>Cognition and Habit Alterations of Maintenance Crew in A-Checks for New-Generation Aircraft: The A350XWB</title> <excerpt>Background: Airlines should ensure reliable maintenance support for aircraft operations, especially when introducing new aircraft types. To realize alternations in technicians’ cognition and habit in executing routine checks is vital to identify and set training principles during starting stages of type changes.</excerpt>', '<title>Evaluating the effects of virtual training in an aircraft maintenance task</title> <excerpt>To provide the public with continuing, safe, and reliable air transportation it is important to have a sound aircraft inspection and maintenance system. To ensure that aircraft maintenance inspectors are adequately trained, it is essential to develop a comprehensive understanding of the task of aircraft maintenance inspection.</excerpt>']"
86,8,86_Aviation-related psychological issues,['Aviation-related psychological issues'],"['<title>Air rage: Implications for forensic psychiatry</title> <excerpt>Abusive airline passengers are a growing hazard that has not received the same attention as other forms of ""rage"" behavior. In this article, a number of interesting and significant cases of air rage are described, including one that almost resulted in the loss of a British Airways 747-400 jumbo jet with all aboard, when a paranoid schizophrenic passenger gained entry to the cockpit.</excerpt>', ""<title>Case report of an obsessive-compulsive personality: A precursor to accident proneness</title> <excerpt>The social/physiological/psychological review of an aircraft accident involving input of incorrect controls and low-altitude ejection of a student naval aviator enlightened the investigators as to maybe a not-so-uncommon problem, accident proneness resulting from an obsessive-compulsive nonpsychotic personality. Review of the pilot's history reflected a perfectionist attitude since childhood with continuous associated near-serious accidents.</excerpt>"", '<title>Assaults in the air: Concerning attacks against flight attendants</title> <excerpt>Violence directed at airline personnel by passengers while an aircraft is in flight presents an interesting and uncommon form of deviant behavior that can inform the study of deviance in general. Such behavior has been identified by various observers as a growing social problem.</excerpt>']"
87,8,87_Health and stress in high-risk occupations,['Health and stress in high-risk occupations'],"['<title>Effects of hydration on cognitive function of pilots</title> <excerpt>The objective of this study was to examine the effect of fluid intake and possible dehydration on cognitive flight performance of pilots. A repeated-measures, counterbalanced, mixed study design was used to examine differences in working memory, spatial orientation, and cognitive flight performance of 40 randomly selected healthy pilots after having high and low fluid intakes.</excerpt>', '<title>Pain, health perception and sleep: Impact on the quality of life of firefighters/rescue professionals</title> <excerpt>Objective: to evaluate the quality of life of firefighters and rescue professionals, and characterize their socio-demographic, health, work and lifestyle profile. Methods: cross-sectional study that used a socio-demographic, lifestyle, health, work data questionnaire and the WHOQOL-BREF quality of life aspects, in Fire Department bases, Civil Air Patrol Group of the Military Police and Rescue Group of Emergency Services.</excerpt>', '<title>Mental and physical workload, salivary stress biomarkers and taste perception: Mars desert research station expedition</title> <excerpt>Background: Very few studies have been conducted on the effects of simulation of Mars conditions on taste. Aims: This study was planned to find the effects of physical and mental workload on taste sensitivity and salivary stress biomarkers.</excerpt>']"
88,8,88_Air Traffic Controller Stress,['Air Traffic Controller Stress'],"['<title>Fatigue and stress in air traffic controllers</title>', '<title>The Development of a Work Stress Model for Air TrafficControllers in Indonesia</title> <excerpt>The workload complexity experienced by and expected air traffic controllers (ATCs) causes psychological fatigue, engenders stressful conditions, and affectstheir quality of life. This study investigated the development of a model of psychological fatigue in ATCs in Indonesia, which affected their work stress levelsand quality of life.</excerpt>', '<title>A Quasi-Experimental One Group Pre-Post Test Design in Air Traffic Controller in Indonesia: Progressive Muscle Relaxation</title> <excerpt>Objectives: The effectiveness of progressive muscle relaxation (PMR) in assessing the general health of air traffic controllers (ATC) is still insufficient, specifically when examining the psychological conditions of workers who use questionnaire instruments. Therefore, this research aimed to evaluate the use of PMR program in ATC by developing a model using biomarkers (saliva) tested on the cocorometer stress diagnostic tool and validity, including observing related determinants in the work environment.</excerpt>']"
89,8,89_Smoking effects in aviation,['Smoking effects in aviation'],"['<title>Acute effects of nicotine withdrawal syndrome in pilots during flight</title> <excerpt>Background: Pilots who smoke are occasionally obliged to abstain from nicotine intake during flight and may during this period exhibit certain symptoms leading to performance decrement. Methods: We studied 20 healthy male aviators, who were regular smokers, (mean age 33.7 ± 1.4 yr) operating military fixed- and rotary-wing aircraft (C-47 Dakota, F-16, A.</excerpt>', '<title>Sinusitis in pilots of different aircraft types: Is allergic rhinitis a predisposing factor?</title> <excerpt>Background: Despite the high association of allergic rhinitis and acute sinusitis, their exact relationship remains unclear, especially in pilots. The purpose of this study was to analyze the possible relationship of a history of allergic rhinitis with the occurrence of acute sinusitis in Israeli air force pilots.</excerpt>', ""<title>Effects of deprivation on smokers' mood during the operation of a complex computer simulation</title> <excerpt>Research has shown that smoking reduces mood fluctuation in smokers and deprivation of smoking leads to mood change. The purpose of this study was to assess the effects of three hours of deprivation and subsequent smoking on mood in smokers while operating a computer simulation of an air traffic controller's job in a 2 × 2 (Deprived vs Nondeprived × Nicotine vs Nicotine Free Cigarettes) factorial design.</excerpt>""]"
90,8,90_Psychosocial work environment,['Psychosocial work environment'],"['<title>Occupational health problems in modern work environment.</title> <excerpt>Analysis of occupational health problems in Lithuania and their relation to factors of modern work environment is presented. The article analyses the health of transport workers, airlines pilots and stewards, video display terminal workers and its relation to work environment.</excerpt>', '<title>Sleep problems and psychosocial work environment among Swedish commercial pilots</title> <excerpt>Background: The aim of this study was to assess relationships between sleeping problems and the psychosocial work situation based on the job-strain and iso-strain models among Swedish commercial pilots. Methods: Three hundred fifty-four pilots participated (61%), who are in 2008 responded to a questionnaire concerning sleep problems, the psychosocial work situation, personal factors, and flight length.</excerpt>', '<title>Psychosocial work environment and medical symptoms among swedish commercial airline cabin crew</title> <excerpt>Background Associations between stress measured by the demands-control model, iso-strain model, and stress-related symptoms among cabin crew were studied. Methods A questionnaire about psychosocial work environment and symptoms was answered by 918 (82%) flight attendants, stewards, and pursers at one airline company in 2005.</excerpt>']"
91,8,91_Work-related stress in pilots,['Work-related stress in pilots'],"['<title>A Qualitative Study Exploring Well-Being and the Potential Impact of Work-Related Stress among Commercial Airline Pilots</title> <excerpt>Increasing evidence suggests that commercial airline pilots can experience physical, mental, and social health difficulties. Qualitative interviews with commercial airline pilots explored the relationship between work-related stress and well-being.</excerpt>', '<title>Interventions to support the management of work-related stress (WRS) and wellbeing/mental health issues for commercial pilots</title> <excerpt>Research indicates that sources of work-related stress (WRS) impact on the physical, social, and psychological health of pilots. Furthermore, specific features of the job can increase a pilot’s risk in relation to developing a mental health (MH) issue.</excerpt>', '<title>Pilot Work Related Stress (WRS), Effects on Wellbeing and Mental Health, and Coping Methods</title> <excerpt>Objective: The objective of this study is to investigate the relationship between sources of work-related stress (WRS) for pilots, effects on wellbeing, and coping mechanisms. Background: Recent studies have measured depression levels in pilots but not the relationship between depression levels and coping strategies.</excerpt>']"
92,8,92_Organizational Learning Systems,['Organizational Learning Systems'],"[""<title>Complementary information distribution to improve team performance in military helicopter operations: An experimental study</title> <excerpt>This study compared a complementary information distribution, that is, purposeful distribution to individual crewmembers of the information needed for their individual tasks, to the current distribution where all crewmembers can access all information in the flight deck. The complementary information distribution is intended to foster a complementary mental model that promotes each team member's access to information according to his or her immediate tasks.</excerpt>"", ""<title>Cognitive Representations of Flight-Deck Information Attributes</title> <excerpt>A large number of aviation issues are generically being called flight-deck information management issues, underscoring the need for an organizational or classification structure. One objective of this study was to empirically determine how pilots organize flight-deck information attributes and'based upon that data'develop a useful taxonomy (in terms of better understanding the problems and directing solutions) for classifying flight-deck information management issues.</excerpt>"", '<title>Enabling collaborative work across different communities of practice through boundary objects: Field studies in air traffic management</title> <excerpt>A recently developed decision support tool provides a common information space to share information directly across numerous air traffic control facilities. This tool is unusual in that its displays can be used as boundary objects, which are entities in which decontextualized information is presented in the same form to all participants in the collaboration.</excerpt>']"
93,8,93_Pilot training effectiveness,['Pilot training effectiveness'],"['<title>Experience, Competence, or Syllabus? Influences on Flight Hours at Licensing of Commercial Pilots</title> <excerpt>Competency-based training is a training philosophy that has become well established in many countries around the world, predominately in the vocational education and training sector. In some of these countries, the concept has been extended to include aviation flight training.</excerpt>', ""<title>The Development of a Measure to Assess Perceptions of the Advanced Aircraft Training Climate</title> <excerpt>Training attitudes and airline pilots' specific learning experiences are antecedents, which affect human behavior on the flight deck in various ways. This article reports on the development and psychometric evaluation of a scale to assess aviators' perceptions of the training environment associated with technologically complex advanced aircraft.</excerpt>"", '<title>Pilot training in our time - use of flight training devices and simulators</title> <excerpt>The challenge of pilot training include adapting to an industry in which the environment is formed by steep upturns and downturns, cut-throat competition, and advanced technology that continues to change the role of the pilot and in which safety always must match the continuously increasing demands of efficiency. The pilot training performed at flight training organisations (FTOs) is the fundament in the education of captains and first officers who will be able to manage the operational “sharp end” of this environment.</excerpt>']"
94,8,94_Syncope in aviation,['Syncope in aviation'],"['<title>Physiological and psychological implications of syncope resulting from altitude-chamber training: a case report.</title>', '<title>A pilot with an intravestibular schwannoma: To fly or not to fly?</title> <excerpt>Objective: To report on the professional repercussions of an intravestibular schwannoma in a commercial airline pilot. Patients: The case of a single patient with a unilateral intra-vestibular schwannoma.</excerpt>', '<title>Neurological Aspects of Aviation Medicine: Studies on the nervous system of a pilot during the approach and landing of a transport aircraft</title>']"
95,7,95_Military readiness assessment,['Military readiness assessment'],"['<title>Sun exposure knowledge and practices survey of maintenance squadrons at travis AFB</title> <excerpt>Recent literature has shown that the incidence of melanoma skin cancer is significantly higher in the U.S. military than for civilians and is higher in the U.S.</excerpt>', '<title>Development and Validation of the Military Readiness Scale in U.S. Naval Aircrew</title> <excerpt>Introduction Readiness is a ubiquitous term in DoD doctrine and has been broadly defined as the ability of military forces to meet the demands of assigned missions. There is currently no criterion standard of military readiness and there is also a lack of published readiness measures for the individual military service member, the fundamental building block of force readiness.</excerpt>', '<title>Ready or not: Enhancing operational effectiveness through use of readiness measures</title> <excerpt>Current and future military operations require personnel to perform a multitude of mission tasks. Military personnel are required to execute these tasks, and to perform to high levels of expectation.</excerpt>']"
96,7,96_Air Traffic Controllers Well-Being,['Air Traffic Controllers Well-Being'],"['<title>Turnover intention of air traffic controllers in Taiwan: A note</title> <excerpt>This study examines the relationships between job stress, satisfaction, performance and turnover intention among air traffic controllers in Taiwan. In addition, personality traits, gender and marital status are examined as moderators in the effects on the turnover intention of an air traffic controller.</excerpt>', '<title>An Exploration of Job Perceptions and Health Using an Integrative Approach: A Sample of Air Traffic Controllers Working in a Test Flight Center</title> <excerpt>Job perceptions and their relations with psychological and physical health were explored in a small group of military air traffic controllers (ATCOs) working in a test flight center. The participants rated dimensions of job requirements (psychological demands, overcommitment, work-family interferences), job resources (control, professional, and personal social support), and health indicators.</excerpt>', '<title>Assessment of Occupational Health and Safety Performance in Air Traffic Control: An Empirical Investigation of Stress and Well-Being</title> <excerpt>Air traffic control is widely recognized as one of the most psychologically demanding occupations, where safety and operational performance are tightly interwoven. This study explores the relationship between occupational health and safety (OHS) systems and the psychological well-being of Air Traffic Controllers (ATCOs), focusing on factors such as perceived safety, job satisfaction, stress, and mental strain.</excerpt>']"
97,7,97_Stress and Performance in Aviation,['Stress and Performance in Aviation'],"['<title>Effects of Stress on Performance during Highly Demanding Tasks in Student Pilots</title> <excerpt>Objective: To study how stress affects the performance of student pilots under highly demanding conditions, during flight simulator sessions. Background: Pilots usually suffer stress under highly demanding conditions.</excerpt>', '<title>Task-specific simulator pretraining and in-flight stress of student pilots</title> <excerpt>Student pilots (n = 20) were assigned to experimental and control groups. The experimental group received 80 min of highfidelity, task-specific simulation prior to exposure to the initial power-on stall and spin recovery lesson unit in T-37 pilot training.</excerpt>', '<title>Grip Force as a Measure of Stress in Aviation</title> <excerpt>Objective: We conducted an exploratory investigation of whether grip force could be an indicator of stress in aviation. Background: Pilots might experience stress when anticipating failure to meet task demands and therefore, higher levels of stress can be used as a trigger for engaging automatic assistance.</excerpt>']"
98,7,98_Adaptability screening aviation,['Adaptability screening aviation'],"['<title>Adaptability screening of flying personnel; cross-validation of the</title>', '<title>Further developments on adaptability screening of flying personnel.</title>', '<title>Adaptability screening of flying personnel; preliminary analysis and</title>']"
99,7,99_Cognitive screening in aviation,['Cognitive screening in aviation'],"['<title>Psychiatric screening of ground-crew in the Royal Canadian Air Force.</title>', '<title>Post-COVID-19 Neurocognitive Screening in Routine Pilot Aeromedical Evaluations</title> <excerpt>INTRODUCTION: One crucial aspect of flight safety is being able to detect medical or neuropsychological conditions during aeromedical examinations. However, subtle but safety-significant post-COVID-19 neurocognitive impairments may go unreported or undetected.</excerpt>', ""<title>Defining and measuring the 'right stuff': Neuropsychiatrically enhanced flight screening (N-EFS)</title> <excerpt>Background: United States Air Force (USAF) commanders wish to make better pilot-selection and cockpit-assignment decisions. Also, some pilots will sustain head injuries that will affect their flying careers.</excerpt>""]"
100,7,100_Pilot Error and Personality,['Pilot Error and Personality'],"[""<title>Personality aspects of involvement in pilot error accidents</title> <excerpt>The consistently high frequency of pilot error accidents in both military and civilian aviation programs does much to support exploratory research which might help alleviate the problem. Cattell's Sixteen Personality Factor Questionnaire (16 PF), Mehrabian Achievement Scale, and a dynamic decision making task (under risk) were given to 51 Army aviators.</excerpt>"", ""<title>Cross validation study of the personality aspects of involvement in pilot error accidents</title> <excerpt>Pilot error accidents have dominated accident statistics consistently from the 1940s to the present. In an earlier study the authors found that three factors from Cattell's Sixteen Personality Factor Questionnaire (16 PF) exhibited significant differences (p<0.05) between pilot error accident groups; these were used to correctly classify 86% of the aviators tested as to their previous pilot error accident involvement.</excerpt>"", '<title>A new approach for prioritising personality traits causing pilot error</title> <excerpt>Pilot personality traits are among the most critical risk factors contributing to human error in aviation. This study proposes an integrated approach that combines a risk assessment matrix and the analytic hierarchy process (AHP) to prioritise personality traits leading to pilot errors.</excerpt>']"
101,7,101_Flight Attendant Well-Being,['Flight Attendant Well-Being'],"['<title>Applying information theory to small groups assessment: Emotions and well-being at work</title> <excerpt>This paper explores and analyzes the relations between emotions and well-being in a sample of aviation personnel, passenger crew (flight attendants). There is an increasing interest in studying the influence of emotions and its role as psychosocial factors in the work environment as they are able to act as facilitators or shock absorbers.</excerpt>', '<title>Emotion work in the Arab context: Its relationship to job satisfaction and the moderating role of trust to the employer</title> <excerpt>The research investigated the relationship of emotion work directed towards customers and towards coworkers with job satisfaction in Saudi Arabia. Emotion work means the requirement to display particular emotions as part of the job and includes surface acting where actual emotions differ from displayed emotions and deep acting where displayed and felt emotions are congruent.</excerpt>', ""<title>How to create genuine happiness for flight attendants: Effects of internal marketing and work-family interface</title> <excerpt>Drawing on the combination of affective event theory and the job demands–resources model, this paper advances research on the link between organization-related predictors and individual-related outcomes through a psychological mechanism in the aviation industry. Specifically, this study makes a novel contribution as the first to quantitatively explore how internal marketing helps build happiness by changing flight attendants' work-family interface.</excerpt>""]"
102,7,102_Remotely Piloted Aircraft Careers,['Remotely Piloted Aircraft Careers'],"['<title>Predictors and protective factors for suicide ideation across remotely piloted aircraft career fields</title> <excerpt>The US Air Force remote warrior community comprises several career fields including remotely piloted aircraft pilots and intelligence, cyber, and sensor operators. The crews are responsible for working seamlessly together to provide 24/7 real-time intelligence, surveillance, and reconnaissance and precision-strike weapons capabilities for a wide range of global combat operations.</excerpt>', '<title>Time for a break? Perceptions and impacts of reconstitution among United States Air Force remotely piloted aircraft personnel</title> <excerpt>United States Air Force remotely piloted aircraft (RPA) aircrew and support personnel perform critical missions in support of military operations around the world. The high value placed on the work of these individuals has resulted in increased workload and heightened risk of adverse psychological health outcomes.</excerpt>', '<title>Predictive Validity of UAS/RPA Sensor Operator Training Qualification Measures</title> <excerpt>U.S. Air Force sensor operators (SOs) are enlisted aviators who work side-by-side with unmanned aerial systems/remotely piloted aircraft (UAS/RPA) pilots, providing assistance with all aspects of aircraft employment and sensor management.</excerpt>']"
103,7,103_Pilot communication challenges,['Pilot communication challenges'],"['<title>An Examination of Pilot-Reported Trust and Response to Information Conflicts Experienced on the Flight Deck</title> <excerpt>The purpose of this study was to examine how pilots respond to conflicting information on the flight deck. In this study, 108 airline, corporate, and general aviation pilots completed an online questionnaire reporting weather, traffic, and navigation information conflicts experienced on the flight deck, including which information sources they trusted and acted on.</excerpt>', '<title>Crosswind landings in general aviation: A modified method of reporting wind information to the pilot</title> <excerpt>Crosswind conditions are a contributory factor in many general aviation landing incidents and accidents. In an online survey, it was observed that 98% of respondents either failed to or could not accurately calculate the runway crosswind component from air traffic control (ATC) reports passed using the International Civil Aviation Organization (ICAO) standard phraseology; the majority of pilots also severely underestimated the crosswind strength.</excerpt>', ""<title>Information seeking in documents by pilots: Assessment of the reliability problems caused by the transition from paper to electronic</title> <excerpt>Information seeking is completely ignored in research on aviation psychology and more generally in issues of air transport safety. But information seeking occupies a central place in the pilots' work.</excerpt>""]"
104,6,104_Pilot performance assessment,['Pilot performance assessment'],"['<title>Analyzing Knowledge Deficiencies in Pilot Performance</title> <excerpt>In the last decade, knowledge deficiencies and attitudinal problems have become recognized as the primary sources of pilot performance breakdown. This article presents an introduction to the five-dimensional professional performance analysis (PPA) system for analyzing and prescribing remedies to minimize pilot error and optimize pilot performance.</excerpt>', '<title>Flight Examiners’ Methods of Ascertaining Pilot Proficiency</title> <excerpt>Objective: To determine how flight examiners reason and which methods they use when assessing the competencies of pilots for continued accreditation purposes and type-rating training. Background: Early work on pilot performance assessment focused on measurement models, including the accuracy and reliability of the scores attributed to the human factors variables included.</excerpt>', '<title>Pilot Instructor Rater Training: The Utility of the Multifacet Item Response Theory Model</title> <excerpt>A multifacet 1-parameter item response theory (ie, Rasch) model was used to examine interrater reliability training for pilot instructors. This model provides a means for examining individual instructor leniency or severity in ratings, difficulty of grade-sheet items, skill levels of flight crews, and interactions among these components.</excerpt>']"
105,6,105_Military personnel selection,['Military personnel selection'],"['<title>The selection and classification program for aviation cadets (aircrew--bombardiers, pilots, and navigators)</title> <excerpt>Requirements and tests for pilot, navigator, and bombardier are described. (PsycINFO Database Record (c) 2006 APA, all rights reserved).</excerpt>', '<title>Selection procedures for non-pilot naval aviation officers</title>', '<title>The USAF pilot selection and classification research program</title>']"
106,6,106_Aviation Safety Behaviors,['Aviation Safety Behaviors'],"['<title>The relationship between sense of calling and safety behavior among airline pilots: The role of harmonious safety passion and safety climate</title> <excerpt>Pilot safety behavior plays a crucial role in airlines safety performance and aviation safety, so it is vital to identify factors that may enhance pilot safety behavior and explore their mechanisms. Drawing upon self-determination theory, this study examines whether, how, and when the sense of calling influences pilot safety behavior from the perspective of occupational psychology.</excerpt>', ""<title>Dose safety motivation mediate the effect of psychological contract of safety on flight attendants' safety performance outcomes?: A social exchange perspective</title> <excerpt>This study proposes and tests a conceptual model that investigates the mediating effect of safety motivation linking psychological contract of safety (PCS) as manifested by employer obligations of safety and employee obligations of safety to safety violations and safety creative performance (SCP). Data were collected from a sample of flight attendants with two weeks time lag in Iran.</excerpt>"", '<title>Investigating aviation safety factors and proposed conceptual model for safety behaviors among Thai flight crews: A qualitative approach</title> <excerpt>This study aims to answer behavioral safety questions regarding influential factors and relationship among those factors relating to Thai flight crews’ safety behaviors, and the objective of this study is to develop a proposed hypotheses relating to factors affecting Thai flight crews’ safety behaviors for future research. Based on a sample of 21 flight crews and executives in Thailand, the result found that influential factors relating to Thai flight crew safety behaviors were organizational safety climate, fleet safety climate, aviation safety knowledge, aviation psychological safety and flight crews’ safety attitudes and personalities.</excerpt>']"
107,6,107_Sensory challenges in spaceflight,['Sensory challenges in spaceflight'],"['<title>Effect of isolation in a constant environment on periodicity of physiological functions and performance levels.</title>', ""<title>Human whole body exposure to infrasound</title> <excerpt>Four male subjects were exposed to infrasound ranging from 1 through 20 Hz for a period of 8 min up to levels of 144 dB re 20 micropascal. There was no objective evidence (including audiograms) of any detrimental effect due to infrasound; however, all subjects experienced painless 'pressure build up' in the middle ear that was relieved by valsalva maneuver or by cessation of infrasound, and voice modulation and body vibration consistently occurred.</excerpt>"", '<title>Sustained peripheral vasoconstriction while working in continuous intense noise</title> <excerpt>Immediate exposure to intense and continuous noise induces a significant increase in vasoconstriction which, while habituating over time, remains reliably higher than in quiet throughout a work period. Those who routinely encounter such noise conditions at work may therefore be vulnerable to the long-term consequences of such changes upon the vascular system.</excerpt>']"
108,6,108_Auditory alerts in aviation,['Auditory alerts in aviation'],"[""<title>Auditory alerts: An intelligent alert presentation system for civil aircraft</title> <excerpt>The principal role of the auditory interface on civil aircraft is to inform pilots of dangerous or potentially dangerous system states. Efficient alerts provide information that is uniquely identifiable with one aspect of the aircraft's behavior and do not form a nuisance by being too intrusive and overly persistent.</excerpt>"", '<title>Effects of the audiovisual conflict on auditory early processes</title> <excerpt>Auditory alarm misperception is one of the critical events that lead aircraft pilots to an erroneous flying decision. The rarity of these alarms associated with their possible unreliability may play a role in this misperception.</excerpt>', '<title>Cognitive Response Efficiency Under Varying Audiovisual Display Modalities of Flight Deck Warnings</title> <excerpt>INTRODUCTION: Warning information is mainly transmitted to pilots through visual and auditory forms in flight, with only a small portion transmitted through vibration. Poorly designed flight deck warnings have negative effects on pilot performance and safety.</excerpt>']"
109,6,109_Pilot incapacitation incidents,['Pilot incapacitation incidents'],"['<title>Airline pilot incapacitation in flight.</title>', '<title>Pilot incapacitation: an expression of convergent factors.</title>', '<title>Clinical aspects of inflight incapacitations in commercial aviation</title> <excerpt>Sudden incapacitations can affect a pilot and even a whole crew during a flight, preventing them from performing their task in complete safety. In some cases, they could even cause an accident.</excerpt>']"
110,6,110_Pilots' mental health,"[""Pilots' mental health""]","['<title>Attempting to Conceal Psychological Disturbance: MMPI Defensive Response Sets and the Rorschach</title> <excerpt>This study examined whether a defensive response set during a psychological evaluation would skew responses on the Rorschach such that subjects could conceal psychological difficulties. Subjects in this study were commercial airline pilots who were required to undergo an independent psychological evaluation after completing a treatment program for alcohol or substance abuse.</excerpt>', ""<title>Assessing pilots with 'the wrong stuff': A call for research on emotional health factors in commercial aviators</title> <excerpt>The responsibility that airline pilots have toward the safety of passengers is immense. Airline pilots are likely to be among the most reliable and psychologically problem-free populations.</excerpt>"", ""<title>Emotional intelligence and emotional state effects on simulated flight performance</title> <excerpt>BACKGROUND: Flight cadets' emotion is a factor of great importance to flight training. So it is of profound significance to address how emotional factors affect flight training performance.</excerpt>""]"
111,6,111_Pilot performance training,['Pilot performance training'],"['<title>Does Deliberately Going Beyond Alarms in Stall Recovery Exercises Lead to Negative Training?</title> <excerpt>We investigated whether deliberately going beyond alarms during aerodynamic stall recovery exercises may result in negative training. Two groups of 20 airline pilots received stall recovery training in a moving-base simulator.</excerpt>', '<title>Recovery training in simulator improves performance and psychophysiological state of pilots during simulated and real visual flight rules flight</title> <excerpt>This study evaluated an anticipation-based training program for private pilots to recover from unusual flight attitudes, stalls, and spins using visual reference cues. Flight performance, psychophysiological measures of cardiac and electrodermal activity, and subjective measures of workload and emotion were collected from 33 pilots during simulated and real flight.</excerpt>', '<title>Stress training improves performance during a stressful flight</title> <excerpt>Objective: This study investigated whether stress training introduced during the acquisition of simulator-based flight skills enhances pilot performance during subsequent stressful flight operations in an actual aircraft.Background: Despite knowledge that preconditions to aircraft accidents can be strongly influenced by pilot stress, little is known about the effectiveness of stress training and how it transfers to operational flight settings. Method: For this study, 30 participants with no flying experience were assigned at random to a stress-trained treatment group or a control group.</excerpt>']"
112,6,112_Air Traffic Control Workload,['Air Traffic Control Workload'],"['<title>Systems change in transport control: Applications of cognitive work analysis</title> <excerpt>Cognitive work analysis (CWA) is a comprehensive and in-depth framework for analyzing cognitive work. In recent years, the framework has received much attention in human factors research and particularly in aviation, air traffic control (ATC) and defense.</excerpt>', '<title>Mental Workload in Air Traffic Control: An Index Constructed from Field Tests</title> <excerpt>Background: Mental workload assessment is a recurrent issue in air traffic control (ATC). Studies of ATC have used either objective aspects, ie, numbers and distribution of aircraft, or subjective factors, such as self-imposed performance and stress levels, with mixed results.</excerpt>', '<title>Exploring the Peak-End Effects in Air Traffic Controllers’ Mental Workload Ratings</title> <excerpt>Objective: This study examined whether professional air traffic controllers (ATCos) were subject to peak-end effects in reporting their mental workload after performing an air traffic control task, and in predicting their mental workload in future scenarios. Background: In affective experience studies, people’s evaluation of a period of experience is strongly influenced by the most intense (peak) point and the endpoint.</excerpt>']"
113,6,113_Pilot safety training,['Pilot safety training'],"[""<title>The Effects of Scenario-Based Training on Pilots' Use of an Emergency Whole-Plane Parachute</title> <excerpt>This study examined the effects of scenario-based training (SBT) on pilots' use of an emergency whole-plane parachute. An SBT intervention instructed pilots in the knowledge and skills necessary for parachute use.</excerpt>"", '<title>Measuring General Aviation Pilot Judgment Using a Situational Judgment Technique</title> <excerpt>This paper reports on 2 studies that were conducted to develop and to evaluate a situational judgment test (SJT) for general aviation (GA) pilots. An initial 51-item test was constructed in which each item described an in-flight situation that required a decision on the part of the pilot and 4 alternative solutions to the situation.</excerpt>', '<title>An investigation of the effectiveness of pilot judgment training</title> <excerpt>Pilot decisional errors have always been a significant factor in aviation accidents. Pilot judgment, however, traditionally has been viewed as an intrinsic quality or a by-product of flying experience.</excerpt>']"
114,6,114_Psychology and ethics,['Psychology and ethics'],"['<title>Self-concept Changes Related to War Captivity</title> <excerpt>A questionnaire was mailed to all US Air Force repatriated prisoners of the Vietnam war (POWs) still on active duty, and to matched controls, in the fall of 1976. Results were analyzed to determine long-term consequences of the war imprisonment experience.</excerpt>', ""<title>The ethics of psychology's role in politics and the development and institution of social policy</title> <excerpt>The relationship between psychological research and the development of social policy is controversial, as is any discussion of the role of values and morals within science. Three particular instances of this controversy are evident in psychological research conducted on affirmative action, child abuse, and abortion.</excerpt>"", '<title>Coping and recovery styles in the vietnam era prisoner of war</title> <excerpt>Of the nearly 600 Vietnam War American prisoners of war (POWs), 332 were United States Air Force flyers who had suffered maltreatment, confinement, and boredom for months to years. We examined four coping styles of USAF POWs related to successful/ unsuccessful coping and resistance stance during captivity and cognitive integration of the prisoner experience after repatriation.</excerpt>']"
115,5,115_Human factors in air traffic control,['Human factors in air traffic control'],"['<title>How life experience shapes cognitive control strategies: The case of air traffic control training</title> <excerpt>Although human flexible behavior relies on cognitive control, it would be implausible to assume that there is only one, general mode of cognitive control strategy adopted by all individuals. For instance, different reliance on proactive versus reactive control strategies could explain inter-individual variability.</excerpt>', '<title>Psychological readiness of air traffic controllers for their job</title> <excerpt>This article highlights the importance of examining human factors in aviation, especially in air traffic control. It analyzes the factors affecting performance of air traffic controllers (ATC) and increase or decrease of security.</excerpt>', '<title>Evaluating differences in cognitive functions and personality traits among air traffic controllers with and without error history</title> <excerpt>Given the growing rate of air transportation, it is necessary to consider the safety of the aviation industry. Air traffic control is one of the most sensitive and important jobs in the field of flight safety.</excerpt>']"
116,5,116_Simulator sickness effects,['Simulator sickness effects'],"['<title>The time course of postflight simulator sickness symptoms</title> <excerpt>Reports of posteffects following training sessions in Navy and Army flight simulators were obtained from pilots to determine the time course of recovery from simulator sickness. Results imply that posteffects may be a more serious problem than previously considered; 45% of all those queried (N > 700) reported having experienced symptoms of simulator sickness; 25% of the symptoms lasted more than 1 h after leaving the simulator; and 8% lasted more than 6 h.</excerpt>', '<title>Simulator induced syndrome: Evidence for long-term aftereffects</title> <excerpt>Pilots have experienced various adverse symptoms hours and even days following flight simulator training. This study surveyed pilots undergoing simulator training in an attempt to provide an initial gauge of the extent, severity, and possible risk factors of long-term (>1 day) simulator aftereffects.</excerpt>', '<title>Simulator Sickness Is Polygenic and Polysymptomatic: Implications for Research</title> <excerpt>The usefulness of visually based flight simulators for training may be compromised by the phenomenon of simulator sickness. Although a significant problem, design specifications for alleviation of simulator sickness have not yet been produced.</excerpt>']"
117,5,117_Aviation maintenance errors,['Aviation maintenance errors'],"['<title>Best practices in shift turnovers: Implications for reducing aviation maintenance turnover errors as revealed in ASRS reports</title> <excerpt>Effective shift turnover is critical to safety in many work environments, including medicine, the oil industry, and aviation maintenance. To gain insight into aviation maintenance turnover procedures and possible improvements to them, we examined NASA Aviation Safety Reporting System (ASRS) maintenance incident reports involving shift turnover communication problems.</excerpt>', ""<title>Identifying the Important Contributory Factors from Maintenance Error Decision Aid (MEDA) Data</title> <excerpt>Aviation maintenance organizations that monitor frequencies of contributory factor taxonomy codes historically struggle to identify which contributory factors are most potent. This research used Boeing's Maintenance Error Decision Aid (MEDA) to categorize 138 aviation maintenance accident, incident, and occurrence report narratives.</excerpt>"", '<title>Developing risk models for aviation maintenance and inspection</title> <excerpt>This article summarizes 2 related research projects sponsored by the National Aeronautics and Space Administration (NASA) Aviation Safety and Security Program. As NASA, the Federal Aviation Administration, and the airline industry have sought to understand causal factors of accidents and incidents, one emerging concern has been aircraft maintenance and subsequent inspection.</excerpt>']"
