Topic,Count,Name,Representation,Representative_Docs
-1,444,-1_pilot performance and wellness,['pilot performance and wellness'],"['<title>Facilitating LOFT debriefings: Instructor techniques and crew participation</title> <excerpt>This study analyzes techniques instructor pilots (IPs) use to facilitate crew analysis and evaluation of line-oriented flight training performance. We analyzed IP facilitation and crew participation for 36 debriefing sessions conducted at 5 U.S.</excerpt>', '<title>Burnout among pilots: psychosocial factors related to happiness and performance at simulator training</title> <excerpt>In this study among airline pilots, we aim to uncover the work characteristics (job demands and resources) and the outcomes (job crafting, happiness and simulator training performance) that are related to burnout for this occupational group. Using a large sample of airline pilots, we showed that 40% of the participating pilots experience high burnout.</excerpt>', ""<title>Cognitive-Adaptation Training for Improving Performance and Stress Management of Air Force Pilots</title> <excerpt>This study investigated the effects of cognitive-adaptation training on flight performance and stress management in a sample of pilot cadets who were undergoing a basic flying program (N = 21). The aim of the training was to enhance the participants' awareness of the cognitive processes that they used in a given situation, and to strengthen reflective processes.</excerpt>""]"
0,142,0_air traffic management study,['air traffic management study'],"['<title>Datalink communication in flight deck operations: A synthesis of recent studies</title> <excerpt>Current datalink technology provides alphanumeric messages to aircrews using an air-ground digital link. This system produces a procedural change by modifying the way pilots and air traffic controllers interact.</excerpt>', '<title>Workload Perception of Air Traffic Control Officers and Pilots during Continuous Descent Operations Approach Procedures</title> <excerpt>The paper examines the workload perceived by air traffic control officers (ATCOs) and pilots during continuous descent operations (CDOs), applying closed- and open-path procedures. CDOs reduce fuel consumption and noise emissions.</excerpt>', '<title>Transitioning to future air traffic management: Effects of imperfect automation on controller attention and performance</title> <excerpt>Objective: This study examined whether benefits of conflict probe automation would occur in a future air traffic scenario in which air traffic service providers (ATSPs) are not directly responsible for freely maneuvering aircraft but are controlling other nonequipped aircraft (mixed-equipage environment). The objective was to examine how the type of automation imperfection (miss vs false alarm) affects ATSP performance and attention allocation.</excerpt>']"
1,66,1_hypoxia and performance effects,['hypoxia and performance effects'],"['<title>Effects of Hypoxia on Selected Psychophysiological Stress Responses of Military Aircrew</title> <excerpt>There is a lack of information on the psychophysiological response of pilots under hypoxic conditions. The study of the physiological, psychological, cardiorespiratory, neurological, behavioural, sensory, and cognitive symptoms that may appear during training in hypobaric chambers is essential to optimize the training processes of aircrew members.</excerpt>', ""<title>Flight performance during exposure to acute hypobaric hypoxia</title> <excerpt>INTRODUCTION: The purpose of the present study was to examine the influence of hypobaric hypoxia (HH) on a pilot's flight performance during exposure to simulated altitudes of 91, 3048, and 4572 m (300, 10,000, and 15,000 ft) and to monitor the pilot's physiological reactions. METHOD: In a single-blinded counter-balanced design, 12 male pilots were exposed to HH while flying in a flight simulator that had been placed in a hypobaric chamber.</excerpt>"", ""<title>Influence of attitude and expectation on moods and symptoms during cold weather military training</title> <excerpt>The present study examined the influence of the following: 1) air temperature, 2) day into training, 3) self rating of life stress, 4) rating of relative warmth in cold weather, and 5) expectation for liking cold weather training, on 59 soldiers' self-reports of illness and mood during 3 days of training in the cold (-18° to 0°C range). Mood was assessed on six domains of the Profile of Mood States rating scale, and symptoms of illness were assessed on 5 domains of the Environmental Symptoms Questionnaire.</excerpt>""]"
2,64,2_human factors in aviation safety,['human factors in aviation safety'],"['<title>Investigating Language Factors in Aviation Accidents</title> <excerpt>Linguistic and operational experts reviewed accident investigation reports covering a 22-year period (1990-2012) revealing that language factors impact aviation safety in a variety of ways, in contexts extending beyond pilot and air traffic controller communications. The investigation of possible language factors is not accorded the same degree of systematic and expert analysis as is given to the investigation of other human performance and operational factors.</excerpt>', '<title>Error types and related error detection mechanisms in the aviation domain: An analysis of aviation safety reporting system incident reports</title> <excerpt>Human error is considered a contributing factor in 70% to 80% of all aviation accidents. Because errors can never be eliminated completely, a further reduction of the already low accident rate in this domain will require investments in better support for error management.</excerpt>', '<title>Identifying Human Factor Causes of Remotely Piloted Aircraft System Safety Occurrences in Australia</title> <excerpt>Remotely piloted aircraft are a fast-emerging sector of the aviation industry. Although technical failures have been the largest cause of accident occurrences for Remotely Piloted Aircraft Systems (RPASs), if they are to follow the path of conventionally crewed aviation, Human Factors (HFs) will increasingly contribute to accidents as the technology of RPASs improves.</excerpt>']"
3,56,3_air traffic control stress,['air traffic control stress'],"['<title>Effects of an alternating work shift on air traffic controllers and the relationship with excessive daytime sleepiness and stress; Efeitos do turno de trabalho alternado em controladores de tráfego aéreo e relação com sonolência diurna excessiva e estresse</title> <excerpt>Objective: To evaluate symptoms of stress and excessive daytime sleepiness (EDS) in air traffic control (ATC) officers in Brazil. Methods: Fifty-two ATC officers participated, based at three air traffic control units, identified as A, B and C.</excerpt>', '<title>A wearable system for the stress monitoring of air traffic controllers during an air traffic control refresher training and the trier social stress test: A comparative study</title> <excerpt>Background: Air Traffic Control (ATC) is a complex and demanding process, exposing Air Traffic Controllers (ATCs) to high stress. Recently, efforts have been made in ATC to maintain safety and efficiency in the face of increasing air traffic demands.</excerpt>', '<title>Assessment of Occupational Health and Safety Performance in Air Traffic Control: An Empirical Investigation of Stress and Well-Being</title> <excerpt>Air traffic control is widely recognized as one of the most psychologically demanding occupations, where safety and operational performance are tightly interwoven. This study explores the relationship between occupational health and safety (OHS) systems and the psychological well-being of Air Traffic Controllers (ATCOs), focusing on factors such as perceived safety, job satisfaction, stress, and mental strain.</excerpt>']"
4,52,4_psychological adaptation in space,['psychological adaptation in space'],"['<title>Crewmember and mission control personnel interactions during international space station missions</title> <excerpt>Introduction: Reports from astronauts and cosmonauts, studies from space analogue environments on Earth, and our previous research on the Mir Space Station have identified a number of psychosocial issues that can lead to problems during long-duration space missions. Three of these issues (time effects, displacement, leader role) were studied during a series of long-duration missions to the International Space Station (ISS).</excerpt>', '<title>Psychological study of a crew in long-term space flight simulation</title> <excerpt>This research derives from a 60-day isolation study realized for the European Space Agency (ESA) as a simulation of space flights. Three goals were pursued in this study: (a) to study individual and group responses to the stress factors specific to the simulation; (b) to make a critical comparison of a variety of tools and methods used for this purpose; and (c) to express recommendations for future research.</excerpt>', '<title>Content analysis of the crew communication with external communicants under prolonged isolation</title> <excerpt>Background: The communication between space crews and outside monitoring personnel in Mission Control gives us valuable information about crewmember psychological health. Studying the formal parameters of similar communication during ground-based space simulation missions helps us understand the psychological climate of confined groups over time, and this information can be applied to long-term space missions.</excerpt>']"
5,44,5_pilot personality assessment,['pilot personality assessment'],"['<title>Personality and motivational needs in Indian military pilots</title> <excerpt>Research on cultural differences provides a different aspect of the attributes in pilots that might affect job performance. Basic attributes of personality and motivation are of importance for military aviators to maintain optimal personal effectiveness, flying proficiency and safety in aviation.</excerpt>', '<title>Pilot Personality and Crew Coordination: Implications for Training and Selection</title> <excerpt>The performance of pilots can be construed as a product of skill, attitude, and personality factors. Although a great deal of effort within the aviation community has been focused on ensuring technical expertise, and new efforts highlight attitudes associated with crew coordination, personality factors have been relatively unexplored.</excerpt>', '<title>The Eysenck Personality Inventory as a selection test for military pilots</title> <excerpt>As part of a study of the selection of candidates for pilot training in the Army Air Corps, EPI scores have been analysed in relation to success in training. Data from 432 AAC and 205 RAF student pilots have been examined.</excerpt>']"
6,38,6_crew health and performance,['crew health and performance'],"[""<title>Stressors, stress and stress consequences during long-duration manned space missions: a descriptive model</title> <excerpt>Keeping crew members in good health is a major factor in the success or failure of long-duration manned space missions. Among the many possible agents that can affect the crew's general well-being, stress is certainly one of the most critical because of its implications on human health and performance, both physical and mental.</excerpt>"", '<title>Human performance during spaceflight.</title> <excerpt>The paper focuses on three different questions: (1) What attributes cause space to be an extreme environment for humans? (2) What do we know about mental performance during spaceflight? (3) What kinds of psychological countermeasures are currently applied and/or conceivable for prolonged spaceflight which might help maintain mental efficiency and stabilize the emotional state of astronauts? Topics discussed include stressors that originate in the space environment, stressors related to the space habitat and its life-support system, stressors related to the mission specific workload of astronauts, stressors that arise from the psychosocial situation in a space habitat, manual performance during spaceflight, and psychological countermeasures for prolonged spaceflight..</excerpt>', '<title>Psychological and behavioral health issues of long-duration space missions.</title> <excerpt>It will be the responsibility of the long-duration space flight crew to take the actions necessary to maintain their health and well-being and to cope with medical emergencies without direct assistance from support personnel, including maintaining mental health and managing physiological and psychological changes that may impair decision making and performance. The Behavior and Performance Integrated Product Team at Johnson Space Center, working within the Space Medicine, Monitoring, and Countermeasures Program, has identified critical questions pertaining to long-duration space crew behavioral health, psychological adaptation, human factors and habitability, and sleep and circadian rhythms.</excerpt>']"
7,38,7_pilot training innovations,['pilot training innovations'],"['<title>The “Artful” Decision Maker: A Framework Model for Aeronautical Decision Making</title> <excerpt>The important role of good decision making in aviation safety is now widely recognized. Although much effort has been devoted to the development of prescriptive models of aeronautical decision making (ADM) and the preparation of training materials, very few attempts have been made to study the actual decision-making processes of pilots.</excerpt>', '<title>The Future of Fighter Pilot Training? Live Virtual Constructive in Large Force Exercises: Perceived and Expected Training Value</title> <excerpt>Objective: This study investigates whether and how perceived training value varies among fighter pilots participating in a large force exercise (LFE), and whether they expect Live Virtual Constructive (LVC) training to enhance training value of future LFEs. Background: LVC technology is maturing but its expected training value is under-investigated, especially regarding future LVC in LFEs.</excerpt>', '<title>A simulator-based approach to training in aeronautical decision making</title> <excerpt>The effectiveness of a simulator-based approach to training pilot skills in risk assessment and decision making was evaluated in a sample of pilots enrolled in a university aviation science program. The 16 experimental group subjects received 4 hours (h) of classroom instruction designed to enhance pilot judgment skills, followed by 4 simulated cross-country flights during which several critical inflights events occurred.</excerpt>']"
8,37,8_pilot workload assessment,['pilot workload assessment'],"['<title>Predicting pilot task demand load during final approach</title> <excerpt>This research aims at developing a method to assess the safety of airport approaches from the perspective of airline pilots. The main hypothesis is that safety is inversely proportional to the task demand load (TDL) experienced by the pilots conducting it.</excerpt>', '<title>Inflight workload assessment: Comparison of subjective and physiological measurements</title> <excerpt>Introduction: Assessment of pilot workload during flight is an important aviation safety consideration. The aim of this study was to assess inflight pilot workload using both physiological and multidimensional subjective-ratings measurements (heart rate and NASA Task Load Index, respectively), comparing relative sensitivity during the four phases of flight: take-off, cruise, approach, and landing.</excerpt>', ""<title>Subjective stress assessment: a new, simple method to determine pilot workload</title> <excerpt>Charged with the preparation of an expert opinion concerning psychophysical workload on pilots, the Aviation Psychology Branch of the GAF/IAM studied the 'Subjective Stress Assessment' in which 217 Army, Air Force and Navy pilots filled in a standardized questionnaire. This questionnaire included 170 items to force the pilots into rating their on- and off-duty life; the answers of these people (117 jet, 41 multiple-prop, 14 single-engine, and 45 helicopter pilots) were evaluated quantitatively and qualitatively It may be said - with all reservations towards subjectivity of pilots' opinions - that the pilots' image certainly requires some corrections, in particular as it relates to the ideal and material assessment of the activities of the separate groups of jet, helicopter, and prop pilots.</excerpt>""]"
9,33,9_motion sickness training,['motion sickness training'],"['<title>The time course of postflight simulator sickness symptoms</title> <excerpt>Reports of posteffects following training sessions in Navy and Army flight simulators were obtained from pilots to determine the time course of recovery from simulator sickness. Results imply that posteffects may be a more serious problem than previously considered; 45% of all those queried (N > 700) reported having experienced symptoms of simulator sickness; 25% of the symptoms lasted more than 1 h after leaving the simulator; and 8% lasted more than 6 h.</excerpt>', '<title>A comparison of two methods of training resistance to visually-induced motion sickness.</title> <excerpt>This report concerns the use of two methods of training subjects to tolerate visually-induced motion sickness (VMS). Sixteen subjects were selected on the basis of their response to a motion sickness history questionnaire and assigned to one of four groups on the basis of their ability to tolerate visually-induced motion (VM).</excerpt>', '<title>Simulator induced syndrome: Evidence for long-term aftereffects</title> <excerpt>Pilots have experienced various adverse symptoms hours and even days following flight simulator training. This study surveyed pilots undergoing simulator training in an attempt to provide an initial gauge of the extent, severity, and possible risk factors of long-term (>1 day) simulator aftereffects.</excerpt>']"
10,33,10_circadian rhythms in aviation,['circadian rhythms in aviation'],"[""<title>Circadian adaptation of airline pilots during extended duration operations between the USA and Asia</title> <excerpt>This study tracked circadian adaptation among airline pilots before, during, and after trips where they flew from Seattle (SEA) or Los Angeles (LAX) to Asia (7-9 time zones westward), spent 7-12d in Asia, and then flew back to the USA. In Asia, pilots' exposures to local time cues and sleep opportunities were constrained by duty (short-haul flights crossing 1 time zone/24h).</excerpt>"", ""<title>Flight attendants' desynchronosis after rapid time zone changes</title> <excerpt>The aim of the present study was to measure perceived effects of rapid time zone changes on flight attendants' sleep length, quality, adaptation, and recovery time, and to clarify the individuals factors related to perceived desynchronosis after time zone changes. The mean age of 285 female subjects was 35.0 years and that of 57 men was 34.1 years.</excerpt>"", '<title>Eastward long distance flights, sleep and wake patterns in air crews in connection with a two-day layover</title> <excerpt>The present study describes the spontaneous sleep/wake pattern in connection with an eastward (Stockholm to Tokyo, +8 h) transmeridian flight and short (51 h) layovers. To describe all sleep episodes and the recovery process across 4 days, and to relate adjustment to individual differences, 49 Scandinavian Airlines System (SAS) air crew were monitored for 9 days with activity monitors and sleep/wake diary before-during-after flight.</excerpt>']"
11,33,11_aeromedical evacuation insights,['aeromedical evacuation insights'],"['<title>Coping and recovery styles in the vietnam era prisoner of war</title> <excerpt>Of the nearly 600 Vietnam War American prisoners of war (POWs), 332 were United States Air Force flyers who had suffered maltreatment, confinement, and boredom for months to years. We examined four coping styles of USAF POWs related to successful/ unsuccessful coping and resistance stance during captivity and cognitive integration of the prisoner experience after repatriation.</excerpt>', '<title>Care in the air: Bringing the wounded closer to home</title> <excerpt>Aeromedical evacuation (AE) is a system within the Air Force to provide patient care in the air during transport between levels of care. The system predominantly uses guard and reserve flight crew members who are arranged into rotations.</excerpt>', ""<title>Air medical transport: What the family wants to know</title> <excerpt>Introduction: The needs of family members of intensive care unit patients are well-documented, but there is little published about the specific needs of family members of air medical patients. Purpose: This study was devised to identify family member's information needs regarding air medical transport.</excerpt>""]"
12,33,12_team dynamics in aviation,['team dynamics in aviation'],"['<title>Communication as group process mediator of aircrew performance</title> <excerpt>This study of group process was motivated by a high-fidelity flight simulator project in which aircrew performance was found to be better when the crew had recently flown together. Considering recent operating experience as a group-level input factor, aspects of the communication process between crewmembers (Captain and First Officer), were explored as a possible mediator to performance.</excerpt>', ""<title>Team task analysis: Differentiating between tasks using team relatedness and team workflow as metrics of team task interdependence</title> <excerpt>Objective: As a constructive replication and extension of Arthur, Edwards, Bell, Villado, and Bennett (2005), the objective of the current study was to further investigate the efficacy of team relatedness and team workflow ratings (along with their composite) as metrics of interdependence.Background: Although an analysis of task and job interdependence has important implications and uses in domains such as job design, selection, and training, the job analysis literature has been slow to develop an effective method to identify team-based tasks and jobs.Method: To achieve the study's objectives, 140 F-16 fighter pilots (35 four-person teams) rated 34 task and activity statements in terms of their team relatedness and team workflow.Results: The results indicated that team relatedness and team workflow effectively differentiated between tasks with varying levels of interdependency (as identified by instructor pilots who served as subject matter experts) within the same job. In addition, teams that accurately perceived the level of interdependency performed better on a four-ship F-16 flight-training program than those that did not.Conclusion: Team relatedness and team workflow ratings can effectively differentiate between tasks with varying levels of interdependency.Application: Like traditional individual task or job analysis, this information can serve as the basis for specified human resource functions and interventions, and as diagnostic indicators as well.</excerpt>"", '<title>The role of trainee knowledge structures in aviation team environments</title> <excerpt>The importance of having well-developed knowledge structures to enhance complex team performance has been recently indicated in the training effectiveness literature. This work tested that proposition within an aviation team training setting.</excerpt>']"
13,31,13_air traffic controller selection,['air traffic controller selection'],"['<title>Use of path models to study a precareer air traffic control training program</title> <excerpt>Past studies have demonstrated that women and minorities are less likely to be selected as FAA air traffic controllers than are nonminority men and, when selected, are less likely to be successful. One major reason for this is that women and minorities have less aviation-related background experience.</excerpt>', '<title>Do Personality Traits Predict Training Performance?: the Use of a Personality Questionnaire for Air Traffic Controller Selection</title> <excerpt>Most test batteries for the selection of ab initio air traffic controllers (ATCOs) include a personality questionnaire. However, the literature suggests that the relationship between personality and job performance is not straightforward: Correlations are found only for a limited set of personality factors, depend on job characteristics, and are at best small to moderate in size.</excerpt>', ""<title>Objective assessment of prior air traffic control-related experience through the use of an occupational knowledge test</title> <excerpt>The Occupational Knowledge Test (OKT) 101-B was administered to 784 air traffic control trainees who entered the FAA Academy's 16-week training course in 1976. All trainees completed the nonradar laboratory portion of the training and, in addition, completed a preemployment questionnaire.</excerpt>""]"
14,29,14_spatial disorientation in pilots,['spatial disorientation in pilots'],"['<title>Aviation-Associated Spatial Disorientation and Incidence of Visual Illusions Survey in Military Pilots</title> <excerpt>Objective: The lack of information on active military pilots has led to the present study, which aimed to analyze the sense of aviation-associated spatial disorientation and the incidence of visual illusions of fighter and transport military pilots through a post-flight survey. Background: The advance of aeronautics has led to further aircraft developments, increasing heights and speeds which increase the psychophysiological demands, thus leading to greater incidence of spatial disorientation and visual illusions.</excerpt>', '<title>Susceptibility to Flight Simulator-Induced Spatial Disorientation in Pilots and Non-Pilots</title> <excerpt>Objective: This study aimed to investigate whether pilots and non-pilots differ in their susceptibility to spatial disorientation (SD) during a flight in various disorienting scenarios, and in coping with SD. Background: Pilot selection is relevant in assessing pilots’ susceptibility to SD.</excerpt>', '<title>Flight Experience and Mental Representations of Space</title> <excerpt>Objective: This study investigated whether increased flight experience as a pilot was associated with improved small-scale spatial skills and the ability to form a cognitive map of a novel ground-based virtual environment. Background: Early-career civil aviation pilots have been shown to form more accurate cognitive maps of a novel virtual environment than nonpilots.</excerpt>']"
15,29,15_pilot performance and awareness,['pilot performance and awareness'],"['<title>The Invisible Copilot?: Assessing Task Engagement and Team Dynamics in a Virtual Flight Environment Using Eye-Tracking Metrics</title> <excerpt>Gaze behavior represents a vital predictor of flight performance in pilots operating an aircraft. However, its role in collaborative settings with a copilot has been largely disregarded.</excerpt>', '<title>Effect of Pilot Expertise on Visual Scanning and Precision of Flight Maneuvers in Military Aviation</title> <excerpt>This study explored how expertise affects visual scanning strategies and the precision of flight maneuvers in military aviation. A total of 38 French Air Force pilots of three different expertise levels performed horizontal and vertical maneuvers in a flight simulator.</excerpt>', '<title>Pilot Flying and Pilot Monitoring’s Aircraft State Awareness During Go-Around Execution in Aviation: A Behavioral and Eye Tracking Study</title> <excerpt>Objective: Examination of the performance and visual scanning of aircrews during final approach and an unexpected go-around maneuver. Background: Accident and incident analyses have revealed that go-around procedures are often imperfectly performed because of their complexity, their high time stress, and their rarity of occurrence that avails little time for practice.</excerpt>']"
16,29,16_military flight physiology,['military flight physiology'],"['<title>Urinary catecholamine responses in F-15 pilots: Evaluation of the stress induced by long-distance flights</title> <excerpt>Included in the Cooperative Cope Thunder exercises from Japan to Alaska is one of the longest distance flight missions carried out by Japan Air-Self Defense Force F-15 pilots. The magnitude of the flight stress of these pilots is considered to be quite high.</excerpt>', '<title>Neuroendocrine responses to real and simulated BA Hawk MK 51 flight</title> <excerpt>The effects of psychological workload on the plasma levels of eight neuroendocrine hormones were studied in 5 undergraduate and 5 senior military pilots of the Finnish Air Force (FAF). All subjects performed the same short- term basic flight mission, which included the following: 1) start; 2) ILS- approach in minimum weather conditions; 3) visual approach; and 4) landing.</excerpt>', '<title>Effects of flight workload on urinary catecholamine responses in experienced military pilots</title> <excerpt>Summary.-This study investigated the flight responses induced by strenuous acrobatic demonstration flight and an air-to-air combat maneuvering flight in experienced pilots. Subjects were 54 military male pilots on a volunteer basis: 8 T-4 pilots (M = 35.8 yr., SD = 4.9), 15 F-4 pilots (M = 32.6 yr., SD = 5.1), 13 F-15 pilots (M = 33.8 yr., SD=1.0), and 18 F-2 pilots (M = 33.7 yr., SD = 3.9).</excerpt>']"
17,28,17_pilot health and safety,['pilot health and safety'],"['<title>Aviator Healthcare Hesitance: An Examination of Healthcare Avoidance, Pilot Mistrust, Presenteeism, & Risk</title> <excerpt>Safe aviation operations require pilots to maintain constant physical and psychological well-being. While the FAA and pilot advocacy organizations encourage aviators to discuss health concerns with their medical providers, studies demonstrate continued healthcare hesitance behaviors.</excerpt>', '<title>Fit for Flight? Inappropriate Presenteeism Among Swedish Commercial Airline Pilots and Its Threats to Flight Safety</title> <excerpt>Objective: The purpose of this cross-sectional survey study was to investigate the prevalence of presenteeism, attending work when ill, among Swedish commercial airline pilots and how presenteeism relates to mental health and flight safety. Background: Pilots are regulated to refrain from duty when their mental or physical state could endanger safety.</excerpt>', '<title>Pilot mental health, negative life events, and improving safety with peer support and a just culture</title> <excerpt>BACKGROUND: In the last 35 yr, 17 commercial aviation accidents and incidents, with 576 fatalities, could likely have been attributed to mental disease of a pilot. Screening tools for mental health risks in airline pilots are needed.</excerpt>']"
18,26,18_health impacts on pilots,['health impacts on pilots'],"['<title>A Contactless App-Based Intervention to Improve Health Behaviors in Airline Pilots: A Randomized Trial</title> <excerpt>Introduction: There is a need for enhanced preventive health care among airline pilots to mitigate the prevalence of cardiometabolic health risk factors. Study design: A randomized, waitlist-controlled trial was utilized to evaluate the effectiveness of a smartphone-based app intervention for improving health behaviors and cardiometabolic health parameters.</excerpt>', '<title>The effectiveness of a 17-week lifestyle intervention on health behaviors among airline pilots during COVID-19</title> <excerpt>Purpose: The aim of this study was to evaluate the efficacy of a 17-week, 3-component lifestyle intervention for enhancing health behaviors during the coronavirus disease 2019 (COVID-19) pandemic. Methods: A parallel-group (intervention and control) study was conducted amongst 79 airline pilots over a 17-week period during the COVID-19 pandemic.</excerpt>', '<title>Psychological distress in Spanish airline pilots during the aviation crisis caused by the COVID-19 pandemic and psychometric analysis of the 12-item general health questionnaire</title> <excerpt>The aim of this study was to evaluate the psychological distress of Spanish airline pilots, a group of professionals undergoing an unprecedented work situation as a result of the Covid-19 pandemic. To do so, we administered the General Health Questionnaire-12 (GHQ-12).</excerpt>']"
19,26,19_pilot performance assessment,['pilot performance assessment'],"['<title>The visual stress model-A psycho-physiological method for the evaluation of operational reliability of pilots and cosmonauts</title> <excerpt>An experimental psycho-physiological method is presented for the evaluation of visual-cognitive performance preconditions and operational reliability of pilots and cosmonauts. As visual-cognitive stress are used tachistoscopically presented instrument symbols under conditions of individual speed of work and time pressure.</excerpt>', '<title>Grounding of Pilots: Medical Reasons and Recommendations for Prevention</title> <excerpt>BACKGROUND: this article presents the results of an EASA-commissioned study aimed at analyzing the medical causes of grounding of a broad European pilot population and recommending measures to reduce the risk of in-flight incapacitation in commercial air transport pilots. method: European National Aviation Authorities (NAAs) were requested to provide data concerning the total number of pilots that were examined, their age and license category, number of unfit pilots, and the medical causes of each case of grounding.</excerpt>', ""<title>Professional aircrews' attitudes toward infectious diseases and aviation medical issues</title> <excerpt>Introduction: Air carrier and professional corporate aircrews provide a unique and highly distinct population in which to examine potential transport and transmission of infectious diseases (ID). This study sought to assess frequency of fl ying while acutely ill, identify clinical triggers in self-grounding, determine employer support for self-grounding, examine rates of infl uenza vaccination, and identify unmet needs for current information on ID issues related to extensive travel required of professional aircrews.</excerpt>""]"
20,25,20_pilot fatigue and safety,['pilot fatigue and safety'],"['<title>“Flying on empty”–effects of sleep deprivation on pilot performance</title> <excerpt>Today’s flight operations work on pressurised 24/7 timetables. As a result, sleep loss and fatigue are becoming commonplace among pilots and pose a serious threat to flight safety.</excerpt>', '<title>Fatigue in aviation: A survey of the awareness and attitudes of Indian air force pilots</title> <excerpt>Sleep loss and circadian rhythm disruptions cause fatigue in aircrew and thus affect flight safety. Intervention programs for fatigue in any organization should be based on relevant indigenous data.</excerpt>', '<title>Prevalence of fatigue among commercial pilots</title> <excerpt>Background: Short-haul pilots have largely been neglected in studies of fatigue, sleep loss and circadian disruption created by flight operations, but anecdotal evidence from pilots suggests that with the increasing amount of low-cost air travel, commercial pilots working short-haul operations may be becoming seriously fatigued. Aims: This study attempted to ascertain how much subjective fatigue short-haul pilots reported, and makes comparisons between low-cost and scheduled airline pilots.</excerpt>']"
21,23,21_aviation psychology studies,['aviation psychology studies'],"['<title>Some lessons from aviation psychology</title>', '<title>Selected papers from the First International Symposium on Aviation Psychology: I.</title>', '<title>Selected papers from the Fourth Symposium on Aviation Psychology: I</title>']"
22,22,22_military psychology research,['military psychology research'],"['<title>Clinical research in the Aviation Psychology Program of the Army Air Forces</title> <excerpt>During the past year there has been increased emphasis on the problems of training methods, instructor selection, selection of flying personnel for key positions in combat, and redistribution of returnees. Several significant studies utilizing clinical psychological methods are described in this report.</excerpt>', '<title>History, organization and research activities, Psychological Research Project (Navigator), Army Air Forces</title> <excerpt>The ninth in a series of reports describing the Aviation Psychology Program of the Army Air Forces, this article covers the work of the application of psychological and statistical techniques to research in navigation. It deals with the following points: (1) objective measures of skill in navigation; (2) research in training; (3) research on the selection of instructors; and (4) work in the Navigation Schools.</excerpt>', '<title>Psychological activities in the Training Command, Army Air Forces</title> <excerpt>The development of the Aviation Psychology Program in the AAF Training Command since an earlier report in 1943 (see 18: 1497) is treated, consisting largely of a report of the activities of the Psychological Section, Medical Division, Headquarters, AAF Training Command. The report is made under the following headings: mission of the section; organization and personnel; supervision of classification testing and processing; maintenance of basic data; development and validation of devices for predicting aircrew success; application of the classification test battery to other groups; training research problems; special research studies; publications; and prospectus.</excerpt>']"
23,22,23_aerospace mental health,['aerospace mental health'],"['<title>Psychiatric Aspects of Aviation Medicine</title>', '<title>Becoming a flight surgeon</title> <excerpt>This text is the inaugural lesson given by the Professor of Aeronautic Psychiatry and starts the training period for new flight surgeons in the French Air Force. Introducing the French Air Force Medicine Training Session, the author speaks about the psychological aspects in aviation medicine.</excerpt>', ""<title>The psychiatrist's role in aerospace operations</title> <excerpt>This paper presents two unique aspects of aerospace psychiatry: the influence of the specialized stressors and occupational requirements of an aviation career and the ambiguous role of the aerospace psychiatrist. Aerospace psychiatrists have multiple, sometimes conflicting, responsibilities to the organization and society (the social control task) and to the individual aviator (the humanistic and medical tasks).</excerpt>""]"
24,21,24_pilot mental health risks,['pilot mental health risks'],"['<title>After the Accident: Is There a Blame Bias Against the Airline?</title> <excerpt>Based on the deontological ethical perspective and concepts from blame psychology such as the defensive attribution hypothesis and culpable control, it is argued that people are predisposed to blame a transportation company when it is involved in an accident. This was tested in a scenario of an airline accident of uncertain cause, finding that respondents blamed the airline the most among a list of five blamable entities (pilots, mechanics-maintenance-inspectors, the weather, ground crew-air traffic control, and airline).</excerpt>', '<title>Post accident/incident counseling: Some exploratory findings</title> <excerpt>An examination of the literature, and other sources of information, suggested that there might be prophylactic value in early psychological intervention following crewmember involvement in stressful incidents. An exploratory study, at a small commercial pilot base (c200 pilots), was undertaken to assess the value of early intervention.</excerpt>', ""<title>Corporate instability is related to airline pilots' stress symptoms</title> <excerpt>The Symptoms of Stress questionnaire was administered to three random samples of commercial airline pilots. Respondents included 1 group of 212 pilots who were employed by an airline company with a history of corporate instability; and 2 groups, totalling 220 pilots, who were employed by 2 airline carriers with histories of corporate stability.</excerpt>""]"
25,21,25_situation awareness in pilots,['situation awareness in pilots'],"[""<title>A coherent impression of the pilots' situation awareness: Studying relevant human factors tools</title> <excerpt>A flight simulator experiment was set up to study relevant human factors tools for situation awareness assessment of pilots. A specific scenario was designed in which a malfunction of the aircraft was introduced during flight: an indicated air speed discrepancy.</excerpt>"", ""<title>Time Course of Anticipation in Pilots' Beyond-Visual-Range Situation Awareness</title> <excerpt>The study presented here aims to objectively measure the persistence in time of situation awareness (SA) in beyond-visual-range (BVR) situations. How long does a pilot maintain SA of air traffic communicated by radio? Overall, 63 participants (non-pilot and pilot trainees) had to position air traffic on a map based on radio calls.</excerpt>"", '<title>Evaluation of computer-based situation awareness training for general aviation pilots</title> <excerpt>This article describes the evaluation of 6 different computer-based training modules created to teach skills that underlie the development and maintenance of situation awareness, a competency shown to be critical in pilot decision-making performance. The modules targeted basic skills training for low-time pilots (checklist completion, air traffic control comprehension, psychomotor skills) as well as training on higher order cognitive skills (attention sharing, contingency planning) and intensive preflight planning.</excerpt>']"
26,20,26_risk perception in pilots,['risk perception in pilots'],"['<title>How Do General Aviation Pilots Choose Their Route When Flying in Complex Airspace?</title> <excerpt>Objective: This study is an analysis of the planning of general aviation (GA) pilots and its impact on airspace infringements. Background: Past studies identified the contribution of inadequate flight planning to airspace infringements in Europe, but without any discussion relating to the processes involved and their shortcomings.</excerpt>', '<title>Development and Validation of a General Aviation Risk Perception Scale</title> <excerpt>The aim of this study was to develop a psychometric tool for measuring pilot perceptions of risk, with a focus on risk in general aviation (GA) flying. Unlike other objective protocols that pilots adhere to (eg, checklists), assessing and responding to risk is a subjective task, making it challenging to evaluate.</excerpt>', ""<title>Risk perception among general aviation pilots</title> <excerpt>Two measures of pilot risk perception are described. One measure assessed pilots' perception of the level of risk experienced by other, fictional, pilots, and the second measure assessed the pilots' perceptions of the level of risk they would experience if they were personally involved in a set of scenarios.</excerpt>""]"
27,20,27_mental workload assessment,['mental workload assessment'],"['<title>The effects of dynamic workload and experience on commercially available EEG cognitive state metrics in a high-fidelity air traffic control environment</title> <excerpt>The current study evaluated the validity of commercially available electroencephalography (EEG) cognitive state metrics of workload and engagement in differentially experienced air traffic control (ATC) students. EEG and pupil diameter recordings were collected from 47 ATC students (27 more experienced and 20 less experienced) during a high-fidelity, variable workload approach-control scenario.</excerpt>', '<title>Operator Functional State Classification using Multiple Psychophysiological Features in an Air Traffic Control Task</title> <excerpt>We studied 2 classifiers to determine their ability to discriminate among 4 levels of mental workload during a simulated air traffic control task using psychophysiological measures. Data from 7 air traffic controllers were used to train and test artificial neural network and stepwise discriminant classifiers.</excerpt>', '<title>Workload state classification with automation during simulated air traffic control</title> <excerpt>Real-time operator workload assessment and state classification may be useful for decisions about when and how to dynamically apply automation to information processing functions in aviation systems. This research examined multiple cognitive workload measures, including secondary task performance and physiological (cardiac) measures, as inputs to a neural network for operator functional state classification during a simulated air traffic control (ATC) task.</excerpt>']"
28,20,28_self-efficacy in performance,['self-efficacy in performance'],"['<title>Goal Orientations and Performance: Differential Relationships Across Levels of Analysis and as a Function of Task Demands</title> <excerpt>Goal orientation and self-regulation theories were integrated to develop a multilevel framework aimed at addressing controversies regarding the magnitude and direction of goal orientation effects on performance. In Study 1, goal orientations were measured repeatedly whilst individuals performed an air traffic control task.</excerpt>', '<title>Cognitive and Noncognitive Determinants and Consequences of Complex Skill Acquisition</title> <excerpt>Integration of multiple perspectives on the determinants of individual differences in skill acquisition is provided by examination of a wide array of predictors: ability (spatial, verbal, mathematical, and perceptual speed), personality (neuroticism, extroversion, openness, conscientiousness, and agreeableness), vocational interests (realistic and investigative), self-estimates of ability, self-concept, motivational skills, and task-specific self-efficacy. Ninety-three trainees were studied over the course of 15 hr (across 2 weeks) of skill acquisition practice on a complex, air traffic controller simulation task (Terminal Radar Approach Controller; TRACON; Wesson International; Austin, TX).</excerpt>', '<title>Another source of individual differences: Strategy adaptivity to changing rates of success</title> <excerpt>This article explores an alternative approach to the study of individual differences of cognitive function -that people may have the same strategies but differential ability to adaptively select among them in response to success and failure feedback from the environment. Three studies involving the complex and dynamic Kanfer-Ackerman Air Traffic Control Task (P.</excerpt>']"
29,19,29_pilot selection assessment,['pilot selection assessment'],"['<title>Flight Examiners’ Methods of Ascertaining Pilot Proficiency</title> <excerpt>Objective: To determine how flight examiners reason and which methods they use when assessing the competencies of pilots for continued accreditation purposes and type-rating training. Background: Early work on pilot performance assessment focused on measurement models, including the accuracy and reliability of the scores attributed to the human factors variables included.</excerpt>', '<title>The aircraft pilot: 5 years of research; a summary of outcomes</title> <excerpt>The history and objectives of the Committee on Selection and Training of Aircraft Pilots of the National Research Council are described. The results of the research studies are analyzed under several basic programs: pilot selection and classification, pilot training, evaluation of pilot performance, emotional disturbances with learning to fly, studies of airsickness, and aviation accidents.</excerpt>', '<title>Aircrew selection systems</title> <excerpt>Research was conducted to develop and validate a computerized battery of psycomotor and cognitive tests to identify candidates who sould not either complete pilot training or be recommended for a fighter assignment after training. All or part of the battery of 15 tests was given to 1,622 Air Force Pilot candidates prior to training and their test scores were regressed against various flying performance measures.</excerpt>']"
30,19,30_pilot mental health stress,['pilot mental health stress'],"['<title>Occupational and psychosocial stress among commercial aviation pilots</title> <excerpt>The sources of occupational and domestic stress, together with life events and coping strategies, were assessed in terms of their influence on job dissatisfaction, mental health, and performance among a group of 442 commercial airline pilots. It was found that self-perceived poor performance was associated with job-related factors such as fatigue and anxiety about required courses, performance checks, and insufficient flying time, particularly among older pilots.</excerpt>', '<title>A Qualitative Study Exploring Well-Being and the Potential Impact of Work-Related Stress among Commercial Airline Pilots</title> <excerpt>Increasing evidence suggests that commercial airline pilots can experience physical, mental, and social health difficulties. Qualitative interviews with commercial airline pilots explored the relationship between work-related stress and well-being.</excerpt>', ""<title>The sources of stress on the wives of commercial airline pilots</title> <excerpt>The purpose of this study was to assess the impact of the pilot's job on the personal and life satisfaction of his wife. A representative sample of 282 wives of commercial airline pilots was investigated to empirically determine which sources of stress and demographic characteristics would predict life dissatisfaction.</excerpt>""]"
31,19,31_pilot display effectiveness,['pilot display effectiveness'],"['<title>Navigation display design: Displaying nearest airport information</title> <excerpt>Thirty-six participants were tested on their ability to orient toward the nearest airport based on the manner in which information was presented on a global positioning system (GPS) area navigation display. Results indicated that use of the tabular, text-only format normally found on such displays was significantly slower and less accurate than either a map display of nearest airport information or a text display that included an orientation symbol.</excerpt>', '<title>Comparing text and graphics in navigation display design</title> <excerpt>Thirty-six pilots were tested in a flight simulator on their ability to decide which of 2 airports was furthest from a storm front, based on the manner in which information was presented on a navigational display. The results support the superiority of graphical over textual information display.</excerpt>', ""<title>Brain structural plasticity in visual and sensorimotor areas of airline pilots: A voxel-based morphometric study</title> <excerpt>Background and Purpose: : Airline pilot is a highly specialized profession that requires to response quickly and accurately in the presence of a wide variety of visual information. Although functional imaging studies have employed virtual simulation to identify brain areas that underlie various flying-related tasks, little is known about the specific patterns of structural plasticity in the airline pilot's brain.</excerpt>""]"
32,18,32_psychological effects of flying,['psychological effects of flying'],"['<title>Counseling of emotional blocking in an aviator</title> <excerpt>This is a case report of counseling which revealed the cause of emotional blocking of a failing pilot trainee and enabled him to cope with the repressed and displaced father-hatred. Although ""washed out"" soon after counseling started, the boy has adjusted as an aviation machinist\'s mate and is now more likely to succeed as a pilot when he gets another chance.</excerpt>', '<title>In-flight psychiatric emergencies</title> <excerpt>Background: Although studies have been published regarding airline in-flight medical emergencies, there is a lack of any specific studies about in-flight psychiatric emergencies. This study seeks to ascertain the incidence of in-flight psychiatric emergencies, their associated factors, and outcomes.</excerpt>', ""<title>Inflight anxiety conditions presenting with ''break-off'' symptoms</title> <excerpt>The psychological dimension of disorientation is explored through two experienced pilots who developed inflight anxiety conditions. These were associated with ''break-off'' symptoms, which are inflight sensations of separation from the ground, the environment, and the aircraft.</excerpt>""]"
33,18,33_pilot selection assessments,['pilot selection assessments'],"['<title>Predicting Commercial Pilot Training Performance: A Validation Study</title> <excerpt>The main purpose of this study was to examine the predictive validity of the system used for ab initio selection of candidates to a bachelor program in aviation. The selection includes paper-and-pencil tests, computer-based tests, and an interview.</excerpt>', '<title>The Role of Basic Flight Simulators in the Selection of Ab Initio Airline Pilots</title> <excerpt>Objective: This paper aims at identifying the factors influencing performance in basic flight simulators in the selection of ab initio pilot candidates and to determine the incremental value of these flight simulators in predicting performance in flight training. Background: Several factors such as cognitive ability, personality, and demographic information are discussed to be associated with performance in basic flight simulators.</excerpt>', '<title>Investigating the Validity of Previous Flying Experience, Both Actual and Simulated, in Predicting Initial and Advanced Military Pilot Training Performance</title> <excerpt>This study examined the validity of cognitive ability, previous flying experience, and a simulation in predicting the job knowledge and flying performance of military pilots undergoing training. Archival data were analyzed for 300 Canadian pilot candidates who attempted entry-level military pilot training and 150 candidates who completed intermediate-level training on fixed-wing aircraft.</excerpt>']"
34,18,34_landing flare perception,['landing flare perception'],"['<title>A mathematical model of glide-slope perception in the visual approach to landing</title> <excerpt>A mathematical model of glide-slope perception is presented for the visual approach to landing when there is a visually impoverished scene. The perceptual process has been modeled as the weighted average of the geometric relations in the scene that provide glide-slope information, with weights being adjusted during the approach to minimize the uncertainty in glide-slope perception.</excerpt>', '<title>Progress in the development of guidance strategies for the landing flare manoeuvre using tau-based parameters</title> <excerpt>Purpose – To provide a progress report into research conducted to establish guidelines for the development of guidance vision aids. Design/methodology/approach – The first stage of the research is to establish a coherent engineering basis for the methods of (visual) motion perception and control to inform the design of pilot aids that will support flight in degraded visual conditions, particularly when close to the ground.</excerpt>', '<title>Ranking Pictorial Cues in Simulated Landing Flares</title> <excerpt>Two-dimensional pictorial cues provide depth perception information that help pilots initiate the landing flare 10–20 ft from the ground. Although prior studies established the importance of three specific cues, they failed to rank-order their importance.</excerpt>']"
35,18,35_military pilot stress,['military pilot stress'],"['<title>Impairment of flying efficiency in anancastic pilots</title> <excerpt>Previous work on the effects of stress upon flying efficiency has shown two types of psychological stress to exist; these are usually referred to as cognitive and affective stress, respectively. A refinement in affective stress analysis has enabled two subtypes of stress to be demonstrated: one is characterized by activity of the sympathetic nervous system (SNS) and subjective feelings of rage, fear, anxiety, or frustration; the other by excessive rumination.</excerpt>', ""<title>An assessment of Turkish Air Force pilots' anxiety and depression levels</title> <excerpt>A popular conception of good morale is the perception of well-being, lack of distress, and absence of anxiety and depression. Therefore, the term 'morale' is related to anxiety and depression.</excerpt>"", '<title>Variations in mood states among Brazilian air force pilots: a crossover analysis between operational and aerobatic flight missions</title> <excerpt>Background: Aerobatic flight maneuvers expose military pilots to a confluence of physiological and psychological stressors—including sustained G-forces, vestibular disorientation, and neuromuscular fatigue—that may acutely modulate emotional states and compromise cognitive performance. However, the differential psychometric impact of routine operational flights versus high-intensity air demonstrations remains poorly characterized.</excerpt>']"
36,17,36_military pilot performance,['military pilot performance'],"['<title>Effect of different combat jet manoeuvres in the psychophysiological response of professional pilots</title> <excerpt>Extreme limits of the human body could be reached in air combat. We analysed 29 fighter pilots before and after offensive and defensive manoeuvres on heart rate (HR), heart rate variability, leg and hand strength, spirometry, temperature, blood oxygen saturation (BOS), lactate, hydration (USG), cortical activation, memory and psychological variables.</excerpt>', '<title>Similarities and Differences in Psychophysiological Reactions Between Simulated and Real Air-to-Ground Missions</title> <excerpt>This study examines the similarities and differences in psychophysiological reactions in simulated and real flight. Five fighter pilots from the Swedish Air Force participated in the study, flying the same type of mission in a simulator and in real flight.</excerpt>', '<title>Impact of real and simulated flights on psychophysiological response of military pilots</title> <excerpt>Objective: The present research aimed to analyse the autonomic, anxiety, perceived exertion, and self-confidence response during real and simulated flights. Methods: This cross-sectional study participated 12 experienced male pilots (age = 33.08 (5.21)) from the Spanish Air Force.</excerpt>']"
37,17,37_personality in extreme environments,['personality in extreme environments'],"['<title>Antarctic culture: 50 Years of antarctic expeditions</title> <excerpt>Background: Analyses of data collected on returned Australian Antarctic personnel were conducted to examine links between personality traits, perceptions of Antarctic station culture, and perceptions of subjective fit with Antarctic station life and culture. Methods: Participants were 103 men who participated in Australian National Antarctic Research Expeditions (ANARE) over a 50-yr period from 1950 to 2000 representing the first 50 yr of ANARE and all positions and occupations included in Australian Antarctic expeditions.</excerpt>', '<title>Personality Trait Comparison of Pararescue Personnel and Elite Athletes</title> <excerpt>INTRODUCTION: Pararescue personnel (PJs) deploy in high-risk environments and perform extraordinary missions under intense conditions, requiring an unusual combination of physical and psychological abilities. The rigorous nature of PJ training and the superior levels of fitness and cognitive functioning to perform challenging physical feats in high-pressure, high-intensity environments have prompted military commanders and embedded health care providers to compare successful performance in the PJ mission with the characteristics required of elite, Olympic-level athletes.</excerpt>', '<title>Predictors of behavior and performance in extreme environments: The antarctic space analogue program</title> <excerpt>Background: To determine which, if any, characteristics should be incorporated into a select-in approach to screening personnel for long- duration spaceflight, we examined the influence of crewmember social/demographic characteristics, personality traits, interpersonal needs, and characteristics of station physical environments on performance measures in 657 American men who spent an austral winter in Antarctica between 1963 and 1974. Methods: During screening, subjects completed a Personal History Questionnaire which obtained information on social and demographic characteristics, the Deep Freeze Opinion Survey which assessed 5 different personality traits, and the Fundamental Interpersonal Relations Orientation- Behavior (FIRO-B) Scale which measured 6 dimensions of interpersonal needs.</excerpt>']"
38,17,38_perception under rotary acceleration,['perception under rotary acceleration'],"['<title>The effects of repeated rotary acceleration on the oculo-gyral illusion</title> <excerpt>""The effects of repeated angular acceleration and deceleration on visual perception were studied in three subjects to establish whether any change in the oculo-gyral illusion would occur\xa0. .</excerpt>', '<title>Visual reaction times during prolonged angular acceleration parallel the subjective perception of rotation</title> <excerpt>Investigated the effect of prolonged angular acceleration on choice reaction time to an accelerating visual stimulus, using 10 commercial airline pilots as Ss. The pattern of reaction times during and following acceleration was compared with the pattern of velocity estimates reported during identical trials.</excerpt>', ""<title>Rotary acceleration of a subject inhibits choice reaction time to motion in peripheral vision</title> <excerpt>Studied the effect of S's rotary acceleration upon choice reaction time (RT) to an accelerating target in peripheral vision, with the level of acceleration and the viewing angle of the visual target as variables. 12 commercial airline pilots were tested in a rotation device under conditions of visual stimulation alone and visual-plus-rotary stimulation.</excerpt>""]"
39,17,39_long-duration space health,['long-duration space health'],"['<title>Medical problems of manned space flights onboard orbital stations</title> <excerpt>Medical aspects of crew safety and life support as well as biomedical investigations form part and parcel of the preparation and conduct of manned space programs. The list of biomedical problems related to these programs is very long.</excerpt>', '<title>Human factor in manned Mars mission</title> <excerpt>This paper presents the set of specific problems in manned Mars mission, connected with human factor, and scientific approaches for their resolution. The concept of multifunctional medical Complex for Martian spacecraft is discussed.</excerpt>', '<title>A Year on the International Space Station: Implementing a long-duration biomedical research mission</title> <excerpt>INTRODUCTION: The year-long mission of American astronaut Scott Kelly and Russian cosmonaut Mikhail Kornienko included the most complex biomedical experiments ever conducted on the International Space Station-and arguably in human spaceflight-to establish insight into human health risks of interplanetary exploration. Focusing on risk mitigation, NASA conducted investigations that addressed spaceflight health hazards to varying degrees.</excerpt>']"
40,17,40_crew resource management evolution,['crew resource management evolution'],"['<title>The evolution of crew resource management training in commercial aviation</title> <excerpt>In this study, we describe changes in the nature of Crew Resource Management (CRM) training in commercial aviation, including its shift from cockpit to crew resource management. Validation of the impact of CRM is discussed.</excerpt>', '<title>MRM training, evaluation, and safety management</title> <excerpt>Maintenance resource management (MRM) programs started as training programs aimed at increasing the awareness regarding human performance limitations in the aviation maintenance environment. Since their inception in 1989, MRM programs in the United States have undergone 4 generations of development (Taylor & Patankar, 2001) and are currently morphing themselves yet again toward the 5th generation, one that incorporates a Federal Aviation Administration-approved voluntary error-reporting program such as the Aviation Safety Action Program (ASAP) or a generic or internal error-reporting program.</excerpt>', ""<title>Behavioral markers for crew resource management: A review of current practice</title> <excerpt>Developments in crew resource management (CRM) have progressed from the introduction of training programs to the evaluation of CRM skills, particularly for multicrew cockpits. European regulators responsible for flight operations and flight crew licensing (Joint Aviation Authorities, 1996, 1997) are introducing requirements for the training and assessment of pilots' nontechnical skills.</excerpt>""]"
41,16,41_pilot psychology and assessment,['pilot psychology and assessment'],"['<title>Medical flying fitness: a routine affair - but who examines and assesses psychic health?</title> <excerpt>The regular physiological check up of pilots pretends to be a thorough diagnosis and yet the psychological aspects are ignored almost completely sometimes. As an excuse for this procedure, it is stated that in his psychological aptitude test prior to flying training, the pilot had already been classified as suitable and fit.</excerpt>', '<title>Psychological testing and pilot licensing</title> <excerpt>This article reviews contemporary trends in the psychological testing of pilots. It is written in the particular context of draft European Joint Aviation Authorities licensing proposals which, in certain circumstances, envisage psychological testing for pilot licensing purposes.</excerpt>', '<title>What the Birkman Method© Can Tell Us about the Psychological Profile of Business Aviation Departments, Their Leadership, Strengths, and Challenges</title> <excerpt>Method: The study summarizes a significant amount of Birkman data, validated by one-on-one interviews with business aviation professionals and supported by close observation of the departments and corporations where they work. Objective: Earlier research focused on military, commercial, and trainee pilots; the present study of business aviation examines not only pilots but also maintenance technicians, cabin attendants, schedulers, and directors of aviation who fly, maintain, and manage corporate jets.</excerpt>']"
42,16,42_gender and health in aviation,['gender and health in aviation'],"['<title>Impact of sound and vibration on health, travel comfort and performance of flight attendants and pilots</title> <excerpt>Noise and vibration affect flight attendants and pilots at their workplace in cabin and cockpit, respectively, besides numerous other physical environmental parameters, eg air quality, draft, temperature distribution, humidity, glare. Additionally, the physiological setting and psychological attitude modulate the impact of environmental parameters.</excerpt>', '<title>Self perceived health and mental health among women flight attendants</title> <excerpt>Aims: The authors investigated associations of work related risk factors with self perceived health as less than ""good"" and psychological distress among Italian women flight attendants. Methods: The authors conducted a cross sectional survey on health and mental health among 1955 former and current flight attendants, using a postal questionnaire.</excerpt>', '<title>Integrating qualitative methods into occupational health research: A study of women flight attendants</title> <excerpt>Aims: To identify possible work related sources of psychosocial stress in order to develop pertinent questionnaire items for a cross-sectional health survey of 3000 Italian women flight attendants, and to solicit suggestions on improving survey participation. Methods: Qualitative study in which 26 current and former women flight attendants participated: three focus groups of 6-7 participants each and six in-depth individual interviews.</excerpt>']"
43,16,43_cardiovascular health in pilots,['cardiovascular health in pilots'],"['<title>Cardiovascular reactivity to work stress predicts subsequent onset of hypertension: The air traffic controller health change study</title> <excerpt>Objective: The hypothesis that increased blood pressure reactivity to stress is an early risk marker of hypertension was tested in a 1994 follow-up of the 1974 to 1978 Air Traffic Controller Health Change Study sample. Methods: Assessments in 1974 to 1978 included physical examinations and recordings (every 20 minutes for 5 hours) of both workload (planes within controller airspace) and blood pressure reactivity.</excerpt>', '<title>Is there a hypercoagulable state in military fighter pilots?</title> <excerpt>Background: A hypercoagulable state is associated with an increased incidence of cardiovascular disease, the most important cause of permanent grounding of flying personnel. Hypothesis: The aim of our study was to investigate whether a hypercoagulable state is present in jet pilots, and whether it can be due to flight activity.</excerpt>', '<title>Systolic blood pressure in fighter pilots after 12-15 years service</title> <excerpt>Systolic blood pressure (SBP) was measured at entry and after 12-15 years in 112 fighter pilots and compared to 112 transport and helicopter pilots. The pilots were 20-24 years old on entry into the study.</excerpt>']"
44,16,44_cognitive load in pilots,['cognitive load in pilots'],"[""<title>Fighter pilots' heart rate, heart rate variation and performance during an instrument flight rules proficiency test</title> <excerpt>Increased task demand will increase the pilot mental workload (PMWL). When PMWL is increased, mental overload may occur resulting in degraded performance.</excerpt>"", '<title>The differential effect of sustained operations on psychomotor skills of helicopter pilots</title> <excerpt>INTRODUCTION: Flying a helicopter is a complex psychomotor skill requiring constant control inputs from pilots. A deterioration in psychomotor performance of a helicopter pilot may be detrimental to operational safety.</excerpt>', '<title>Investigating Offshore Helicopter Pilots’ Cognitive Load and Physiological Responses during Simulated In-Flight Emergencies</title> <excerpt>Objectives: This study was designed to explore pilots’ emergency response performance by collecting real-time physiological and cognitive workload data during pre-defined offshore helicopter scenarios in a flight simulator. Background: Qualification processes require helicopter pilots to complete scheduled simulation training to ensure competency in areas that would otherwise be too dangerous to practice while flying the actual helicopter.</excerpt>']"
45,15,45_psychological dynamics in aviation,['psychological dynamics in aviation'],"['<title>Relationships among service climate, psychological contract, work engagement and service performance</title> <excerpt>The paper identifies relationships between cabin service directors and flight attendants and service climate, psychological contracts, work engagement, service performance and cue perception ability. We find that relational psychological contracts have a positive influence on work engagement; transactional psychological contracts have a negative influence on work engagement; work engagement has a positive influence on service performance; work engagement mediates the relationship between relational psychological contracts and service performance; service climate has a positive influence on service performance; and cue perception ability moderates the relationship between work engagement and service performance.</excerpt>', '<title>How positive psychological capital promotes service recovery performance through mental health and work engagement: Does service climate matter?</title> <excerpt>Purpose – This study aims to examine the contribution of positive psychological capital (PsyCap) to service recovery performance (SRP) through the mediating roles of mental health (MH) and work engagement (WE). Additionally, it considers the moderating role of service climate (SC).</excerpt>', '<title>Effects of Psychological Capital and Person-Job Fit on Hospitality Employees’ Work-Family Conflict, Family-Work Conflict and Job Performance: The Moderating Role of Marital Status</title> <excerpt>Drawing on the conservation of resources (COR) theory and congruence theory, this study aims to investigate the influence of psychological capital (PsyCap) and person-job fit (PJ fit) on work–family conflict (WFC), family–work conflict (FWC) and job performance (JP), especially the moderating effect of marital status on hypothesized relationships between two directions of conflicts in the work-family interface and JP. Utilizing a two-stage design, this study surveyed 312 flight attendants employed by two international airline companies in Malaysia and used the structural equation modeling technique to test the hypothesized relationships.</excerpt>']"
46,15,46_air medical operational safety,['air medical operational safety'],"['<title>Survivors perceptions of recovery following air medical transport accidents</title> <excerpt>Objective: Air medical transport (AMT) teams play an essential role in the care of the critically ill and injured. Their work, however, is not without risk.</excerpt>', '<title>Assessing air medical crew real-time readiness to perform critical tasks</title> <excerpt>Background. Air medical transport has had problems with its safety record, attributed in part to human error.</excerpt>', ""<title>Senior Aviator Medical Qualification Status</title> <excerpt>Introduction: Aviation personnel are expensive to train and challenging for the services to retain because of lucrative opportunities in the civilian aviation sector and a desire among pilots for agency. The military services' retention efforts have typically utilized a combination of high continuation pays and longer service commitments of up to 10 years following initial training.</excerpt>""]"
47,14,47_pilot medical fitness,['pilot medical fitness'],"['<title>Pilot medical history and medications found in post mortem specimens from aviation accidents</title> <excerpt>Introduction: Federal Aviation Administration (FAA) regulations require pilots to report all medications and medical conditions for review and consideration as to the overall suitability of the pilot for flight activities. Methods: Specimens were collected by local pathologists from aviation accidents and sent to the Bioaeronautical Sciences Research Laboratory for analysis.</excerpt>', '<title>Medical Reporting Behavior of Military, Commercial, and General Aviation Pilots</title> <excerpt>INTRODUCTION: Pilots are undoubtedly among employees who undergo rigorous medical evaluations to ensure they are fit to fly. However, accidents like the Germanwings Flight 9525 highlight that medically unfit individuals can still end up in the cockpit.</excerpt>', '<title>Medical disqualification of 275 commercial pilots: Changing patterns over 20 years</title> <excerpt>Introduction: The medical requirements for commercial pilots are issued by the ICAO and the European aviation safety organization JAA. In Norway, the Aeromedical Section of the Civil Aviation Authority assesses whether pilots are medically fit to fly.</excerpt>']"
48,14,48_weather decision making,['weather decision making'],"['<title>Pilots as Weather Briefers: The Direct Use of Aviation Weather Products by General Aviation Pilots</title> <excerpt>When planning a flight, pilots have traditionally consulted with trained weather briefers who gather, select, review, and to some extent interpret aviation weather products for them. Today, pilots can directly access these same weather products from their own computers, aircraft cockpits, and mobile devices, and choose to skip the services offered by weather briefers.</excerpt>', '<title>Crosswind landings in general aviation: A modified method of reporting wind information to the pilot</title> <excerpt>Crosswind conditions are a contributory factor in many general aviation landing incidents and accidents. In an online survey, it was observed that 98% of respondents either failed to or could not accurately calculate the runway crosswind component from air traffic control (ATC) reports passed using the International Civil Aviation Organization (ICAO) standard phraseology; the majority of pilots also severely underestimated the crosswind strength.</excerpt>', '<title>Assessing General Aviation Pilots’ Understanding of Aviation Weather Products</title> <excerpt>Objective: The objective of this article was to develop a written examination to assess general aviation (GA) pilots’ understanding of aviation meteorology products. Background: Although the number of accidents in GA flight continues to decrease over time, one troubling situation is when pilots encounter hazardous weather.</excerpt>']"
49,13,49_pilot pain and performance,['pilot pain and performance'],"['<title>Performance Optimization and Injury Mitigation for Air Force Student Fighter Pilots</title> <excerpt>Introduction: Military fighter aircrew report high rates of cervical pain and injury. There is currently no consensus regarding the best training methods for this population.</excerpt>', ""<title>Back pain and its consequences among Polish Air Force pilots flying high performance aircraft</title> <excerpt>Objectives: Back pain in Air Force fast jet pilots has been studied by several air forces and found to be relatively common. The objective of the study was to determine the prevalence and degree of the pain intensity in the cervical, thoracic and lumbar spine, subjective risk factors and their effect on the pilots' performance while flying high maneuver aircrafts and the consequences for cognitive deficiencies.</excerpt>"", '<title>Evaluating the Impact of a Spine Training Program on Air Force Student Fighter Pilots</title> <excerpt>Introduction: A 2022 survey conducted by Headquarters Air Combat Command Aircrew Performance Branch found that 98% of fighter aircrew reported flight-related neck pain during their career. Despite the high prevalence of neck pain and growing operational demands, there remains no consensus regarding best practices for mitigating aircrew pain and injury.</excerpt>']"
50,13,50_health impacts on pilots,['health impacts on pilots'],"['<title>Influence of stress on lymphocyte subset distribution - A flow cytometric study in young student pilots</title> <excerpt>Stressors can induce sizable modifications on immunocompetent cells. Major circulating lymphocyte subsets were quantitated in Italian Air Force student pilots undergoing intensive training and continuous evaluation, a stressful situation both physically and psychologically.</excerpt>', '<title>Relationships between stress, psychological factors, health, and immune levels among military aviators</title> <excerpt>The present study investigated the relationship between immunoglobulin levels and work stress and personality factors in a population of healthy air force aviators, and also if such factors were related to health complaints. Sixty-four aviators participated, 31 fighter pilots and 33 from a Hercules C130 squadron.</excerpt>', '<title>Sinusitis in pilots of different aircraft types: Is allergic rhinitis a predisposing factor?</title> <excerpt>Background: Despite the high association of allergic rhinitis and acute sinusitis, their exact relationship remains unclear, especially in pilots. The purpose of this study was to analyze the possible relationship of a history of allergic rhinitis with the occurrence of acute sinusitis in Israeli air force pilots.</excerpt>']"
51,13,51_airsickness rehabilitation training,['airsickness rehabilitation training'],"['<title>Autogenic feedback training exercise: A treatment for airsickness in military pilots</title> <excerpt>In this article, we present physiological data from 2 male pilots who completed a 6-hr training program for control of motion sickness at National Aeronautic and Space Administration Ames Research Center. The program consisted of an Autogenic Feedback Training Exercise in which research participants learn through operant conditioning techniques to regulate several physiological responses to suppress their symptoms.</excerpt>', '<title>Autogenic feedback training exercise and pilot performance: Enhanced functioning under search-and-rescue flying conditions</title> <excerpt>Studies have shown that autonomous mode behavior is one cause of aircraft fatalities due to pilot error. In such cases, the pilot is in a high state of psychological and physiological arousal and tends to focus on one problem, while ignoring more critical information.</excerpt>', '<title>Autogenic feedback training improves pilot performance during emergency flying conditions.</title> <excerpt>Studies have shown that autonomous mode behavior (AMB) is one cause of aircraft fatalities caused by pilot error. In AMB cases, the pilot is in a high state of psychological and physiological arousal and tends to focus on one problem, while ignoring more critical information.</excerpt>']"
52,12,52_communication and safety behavior,['communication and safety behavior'],"[""<title>The Impact of a Legally Defined Just Culture on Voluntary Reporting of Safety Information</title> <excerpt>The aim of the present study was to examine commercial pilots' reporting behavior and confidence in their airlines' just culture. In pursuit of this aim, 539 European-based pilots participated in the study by answering an online questionnaire.</excerpt>"", '<title>Extension of mindful safety practices through safety knowledge and safety motivation: a study of the aviation industry</title> <excerpt>This article attempts to extend the mindful safety practices adopted by pilots in the aviation industry. There is still a lack of discussion about how these factors (individual, group and organizational levels) influence the adoption of mindful safety practices among commercial pilots in the aviation industry.</excerpt>', ""<title>Why Commercial Pilots Voluntarily Report Self-Inflicted Incidents: A Qualitative Study with Aviation Safety Experts</title> <excerpt>Voluntary incident reports by commercial pilots provide essential data for airline efforts in learning from incidents (LFI). Because LFI is frequently limited by pilots not reporting incidents voluntarily, we interviewed seven commercial aviation safety experts in a focus group to derive factors influencing the voluntary reporting behavior of pilots' self-inflicted incidents.</excerpt>""]"
53,12,53_fear and experience in flying,['fear and experience in flying'],"['<title>Flying and danger, joy and fear</title> <excerpt>U.S. Air Force fliers are all volunteers who undergo rigorous training for their profession.</excerpt>', '<title>A Qualitative Exploration of Choking under Pressure in Commercial Airline Pilots: A Phenomenological Approach</title> <excerpt>This study uses a phenomenological approach to explore the experience of choking (underperformance) among commercial pilots. Semi-structured interviews were conducted with eight pilots, including three examiners (as observers of choking).</excerpt>', '<title>Fear of flying: An Israeli Air Force short case report</title>']"
54,12,54_emotional intelligence and safety,['emotional intelligence and safety'],"['<title>Burnout and Work Engagement Among Cabin Crew: Antecedents and Consequences</title> <excerpt>Flight attendants play an essential role in ensuring cabin safety and offering services on board. This study applied the job demands-resources model to explore burnout and work engagement among cabin crew and investigate the possible antecedents and consequences, using a sample of 305 Taiwanese flight attendants.</excerpt>', '<title>The effects of job demands and job resources on the safety behavior of cabin crew members: a qualitative study</title> <excerpt>Job demands are viewed as the physical, psychological and social effects of the physical and mental efforts required by the job on the employee, while job resources refer to the gains and opportunities that reduce these effects, support employee development and help him/her achieve successful results. The aim of this study is to explain the effects of job demands and job resources perceived by cabin crew members on their safety behavior.</excerpt>', ""<title>Dose safety motivation mediate the effect of psychological contract of safety on flight attendants' safety performance outcomes?: A social exchange perspective</title> <excerpt>This study proposes and tests a conceptual model that investigates the mediating effect of safety motivation linking psychological contract of safety (PCS) as manifested by employer obligations of safety and employee obligations of safety to safety violations and safety creative performance (SCP). Data were collected from a sample of flight attendants with two weeks time lag in Iran.</excerpt>""]"
55,12,55_pilot age and performance,['pilot age and performance'],"['<title>The effect of pilot age on perceptions of pilot performance and attitudes toward the implementation of ergonomic redesign interventions for older pilots</title> <excerpt>As the workforce increasingly ages, it will be critical to find ways of accommodating the decrements in abilities that come with age. Finding accommodations will be of particular concern for occupations such as airline pilot, in which small errors may result in fatal accidents.</excerpt>', ""<title>Cognitive aging and flight performances in general aviation pilots</title> <excerpt>Unlike professional pilots who are limited by the FAA's age rule, no age limit is defined in general aviation. Our overall goal was to examine how age-related cognitive decline impacts piloting performance and weather-related decision-making.</excerpt>"", ""<title>Reasons for eliminating the 'age 60' regulation for airline pilots</title> <excerpt>The calendar age of 60 is no longer medically justifiable as an upper age limit for airline pilots. Advances in gerontologic studies, clinical medicine, and operational flight proficiency evaluations, now allow individual pilot assessments for health status and performance capability.</excerpt>""]"
56,12,56_safety communication effectiveness,['safety communication effectiveness'],"['<title>Understanding and Improving Flight Crew Performance of the Preflight, Flight Planning, and Briefing Task</title> <excerpt>The preflight, flight planning, and briefing task is critical both from an operational and a safety and human factors perspective. This article reports on research related to the advancement of a qualitative model of this task (ie, normal practice and its challenges), along with the requirements for best practice in briefing.</excerpt>', ""<title>Brief encounters: Enhancing the impact of accident and incident occurrence reports</title> <excerpt>Pilots' ability to match relevant past aviation accidents and incidents to critical flight events depends on the effective indexing of those narratives in memory. This study examined the influence of format (ie, headings and story structure) on memory for aviation occurrence briefs.</excerpt>"", '<title>Critical Incident Stress Management (CISM): An effective peer support program for aviation industries</title> <excerpt>The authors discuss the need for a comprehensive, integrative, systematic, and multi-component peer support program for aviation personnel. They also provide an overview of the basic principles and practices of one such program known as Critical Incident Stress Management (CISM).</excerpt>']"
57,11,57_alcohol effects on pilots,['alcohol effects on pilots'],"['<title>Effects of Low Blood Alcohol Levels On Pilots’ Prioritization of Tasks During a Radio Navigation Task</title> <excerpt>Eight pilots flew a specified cross-country route using radio navigation in a flight simulator with simulated air traffic control. Four of the pilots flew with a low blood alcohol level (BAL; mean BAL = 20.63 mg%).</excerpt>', '<title>The Effect of Low Blood Alcohol Levels on Pilot Performance in a Series of Simulated Approach and Landing Trials</title> <excerpt>Eight experienced pilots flew a series of approaches and landings in a simulator with the characteristics of a general aviation light twin. One half of the subjects were under the influence of low blood alcohol levels (mean = 11 mg%).</excerpt>', '<title>Postintoxication effects of alcohol on flight performance after moderate and high blood alcohol levels</title> <excerpt>This study examined the impact of alcohol hangover on flight performance 11 hr after ingestion of alcohol. The participants were 36 instrument-rated and instrument-current male pilots who were 21 to 35 years of age, recruited from the Odegard Center for Aerospace Sciences at the University of North Dakota.</excerpt>']"
58,11,58_cockpit crew performance analysis,['cockpit crew performance analysis'],"['<title>Analysis of two naval pilots’ ejection injuries: Two case reports</title> <excerpt>Recently, two naval pilots in a two-seat trainer jet were forced to eject urgently due to sudden mechanical failure during night-time training. They were both successfully rescued and sent to the hospital for emergency treatment.</excerpt>', '<title>Operational Measures of Aircraft Carrier Landing System Performance</title> <excerpt>Measures of final landing approach performance during day and night aircraft carrier recovery are analyzed and interpreted. Approximately 1,800 recoveries were recorded for experienced and inexperienced pilots across four aircraft carriers, six different types of jet aircraft, and various environmental conditions.</excerpt>', '<title>Landing Flare Accident Reports and Pilot Perception Analysis</title> <excerpt>This study examined flare accident rates and probable causes for improper flares. Measures included the analysis of 6,676 aircraft accident reports published by the National Transportation Safety Board and a 21-item perception questionnaire administered to 134 pilots with varying experience levels.</excerpt>']"
59,11,59_aviation medicine history,['aviation medicine history'],"['<title>The early development of aviation medicine in the United States.</title>', '<title>The history of the united states navy flight surgeon/naval aviator program</title> <excerpt>Early in the history of aviation the need for a special kind of physician who could understand the physical and psychological problems encountered by flyers was well recognized. These physicians were called flight surgeons.</excerpt>', ""<title>The highlights, and the lows, of aviation medicine in the 1940's: the human element.</title> <excerpt>This article describes the experience and knowledge gained by the author during an extensive study tour of the majority of aviation medicine centres in the United Kingdom, Canada, and the United States in 1942. The emphasis is upon the human element rather than the technical, and the contribution of thousands of scientists from medical, psychological, and allied disciplines whose dedication was vital to air supremacy.</excerpt>""]"
60,11,60_military psychology selection,['military psychology selection'],"['<title>Naval aviation psychology; the procurement and selection organization</title>', '<title>Chapter II: Aviation Psychology in the United States Navy</title>', '<title>Psychological work in the United States Navy</title> <excerpt>""The Navy\'s recognition of the value of professional psychology is shown by the plans made for the use of psychologists as members of psychiatric selection boards, at aviation bases, and as selection officers. At the present time the billets available approximate fifty and there is encouraging progress in filling these."" (PsycINFO Database Record (c) 2006 APA, all rights reserved).</excerpt>']"
61,11,61_sustained attention performance,['sustained attention performance'],"['<title>Self-estimates of distractibility as related to performance decrement on a task requiring sustained attention</title> <excerpt>Increasing automation of air traffic control tasks may have the undesirable side effect of increased monotony as a result of the anticipated reduction in task demands. Since individuals who are unable to sustain attention under low task-load conditions would appear to be more likely to commit errors and be less able to handle a sudden emergency situation, it would seem desirable to examine the characteristics of individuals unable to sustain attention under these conditions.</excerpt>', '<title>Comparison of the vigilance performance of men and women using a simulated radar task</title> <excerpt>The present study examined the question of possible sex differences in the ability to sustain attention to a complex monitoring task requiring only a detection response to critical stimulus changes. The visual display was designed to approximate a futuristic, highly automated air traffic control radar display containing computer-generated alphanumeric symbols.</excerpt>', '<title>The Sustained Attention to Response Task (SART) does not promote mindlessness during vigilance performance</title> <excerpt>Objective: In this study, we evaluated the validity of the Sustained Attention to Response Task (SART) as a means for promoting mindlessness in vigilance performance.Background: Vigilance tasks typically require observers to respond to critical signals and to withhold responding to neutral events. The SART features the opposite response requirements, which supposedly leads it to promote a mindless, non-thoughtful approach to the vigilance task To test that notion, we compared the SART to the traditional vigilance format (TVF) in terms of diagnostic accuracy assessed through decision theory measures of positive and negative predictive power (PPP and NPP), perceived mental workload indexed by the Multiple Resource Questionnaire, and oculomotor activity reflected in the Nearest Neighbor Index and fixation dwell times.Method: Observers in TVF and SART conditions monitored a video display for collision flight paths in a simulated air traffic control task.Results: Diagnostic accuracy in terms of NPP was high in both format conditions.</excerpt>']"
62,10,62_language communication in aviation,['language communication in aviation'],"['<title>Beyond ""inop"": Logbook communication between airline mechanics and pilots</title> <excerpt>When mechanical discrepancies occur on an aircraft, effective communication between pilots and mechanics can facilitate identification of the problem. A survey of pilots and mechanics was conducted to determine how often they were able to discuss discrepancies directly and to identify factors that influenced the detail they provided about discrepancies in the aircraft logbook.</excerpt>', '<title>An Investigation into the Factors that Affect Miscommunication between Pilots and Air Traffic Controllers in Commercial Aviation</title> <excerpt>Objective: The present research sought to investigate the communication performance of both native English sounding pilots and accented commercial pilots in two different phases of flight, the approach and departure phase of flight. Background: English language proficiency requirements, standardized phraseology, and readbacks are some of the proactive measures which the aviation industry employs to ensure effective communication.</excerpt>', '<title>Non-native English Communication and Anxiety in Military ATC: Insights from Korean Air Traffic Controllers</title> <excerpt>This mixed-methods study investigated language anxiety among Korean military air traffic controllers (ATCOs) when communicating with native English-speaking pilots. The quantitative phase (N = 81) used hierarchical regression analysis examining relationships between individual characteristics and anxiety levels.</excerpt>']"
63,10,63_fatigue management in pilots,['fatigue management in pilots'],"['<title>Utility of Dextroamphetamine for Attenuating the Impact of Sleep Deprivation in Pilots</title> <excerpt>Introduction: Dextroamphetamine (Dexedrine®) is an effective fatigue countermeasure for use in military subject pilots who are deprived of sleep. Anecdotal reports have indicated Dexedrine (Dex) is effective in ""real world"" sustained operations, and controlled laboratory tests have yielded positive results as well.</excerpt>', '<title>Evaluation of zolpidem on alertness and psychomotor abilities among aviation ground personnel and pilots</title> <excerpt>The use of hypnotics to optimize rest periods during sustained operations could be of help to military personnel. Zolpidem, an imidazopyridine hypnotic, was evaluated for its residual effects on daytime wakefulness in 12 subjects belonging to ground air force personnel and 12 navy fighter pilots.</excerpt>', '<title>Sustaining female helicopter pilot performance with Dexedrine® during sleep deprivation</title> <excerpt>To investigate the efficacy of Dexedrine® for maintaining the performance of sleep deprived female aviators, 6 female UH-60 pilots were exposed to 2 40-hr sleep deprivation periods during which they alternately received Dexedrine® (3 10-mg doses) or placebo. Dexedrine improved 6 of 9 flight simulator maneuvers and enhanced general levels of alertness as measured by EEG and Profile of Mood States assessments.</excerpt>']"
64,10,64_pilot cognitive performance,['pilot cognitive performance'],"['<title>The Effect of Caffeine and Sleep Quality on Military Pilot Students’ Flight Performance-Related Cognitive Function</title> <excerpt>Objective: To assess the effect of caffeine and sleep quality on the flight performance-related cognitive function. Background: High levels of cognitive performance in pilots is required for flight safety.</excerpt>', ""<title>Dietary effects on cognition and pilots' flight performance</title> <excerpt>The purpose of this study was to investigate the effects of diet on cognition and flight performance of 45 pilots. Based on a theory of self-care, this clinical study used a repeated-measure, counterbalanced crossover design.</excerpt>"", '<title>Effects of hydration on cognitive function of pilots</title> <excerpt>The objective of this study was to examine the effect of fluid intake and possible dehydration on cognitive flight performance of pilots. A repeated-measures, counterbalanced, mixed study design was used to examine differences in working memory, spatial orientation, and cognitive flight performance of 40 randomly selected healthy pilots after having high and low fluid intakes.</excerpt>']"
65,10,65_fear and anxiety in aircrew,['fear and anxiety in aircrew'],"['<title>Phobic fear of flying in aircrews: Epidemiological aspects and comorbidity</title> <excerpt>Background: Phobic fear of flying may affect aircrew members during any phase of their flying careers. Symptoms are beyond voluntary control and may lead patients to avoid flying and seek medical advice.</excerpt>', '<title>Identification of features associated with flying phobia in aircrew</title> <excerpt>The psychological and physiological features of 20 aircrew consecutively referred for treatment of anxiety symptoms when flying were compared with a matched control group of uncomplaining aircrew. There were no significant differences between the two groups on psychometric tests of personality, though there were differences in skin conductance; the phobics had a higher rate of spontaneous fluctuation, and habituated less to a repeated auditory tone.</excerpt>', '<title>Cognitive coping and anxiety symptoms among people who seek help for fear of flying</title> <excerpt>Introduction: Fear of flying among potential passengers is rather common. In order to treat fear of flying most efficiently, it is important to find out which aspects are related to flight anxiety.</excerpt>']"
66,10,66_pilot selection methodologies,['pilot selection methodologies'],"['<title>Selection of Air Force Pilot Candidates: A Case Study on the Predictive Accuracy of Discriminant Analysis, Logistic Regression, and Four Neural Network Types</title> <excerpt>We evaluated the predictive classification accuracy of discriminant analysis, logistic regression and four neural network typologies (multiple layer perceptrons, radial basis networks, probabilistic neural networks, and linear neural networks) on a flight screening program with a pass-fail criterion using several psychometric tests as predictors. A stepwise (for logistic regression and discriminant analysis) and sensitivity (for neural networks) selection procedure identified spatial visualization, eye-hand-foot coordination, and concentration capacity as significant predictors.</excerpt>', '<title>Predicting naval aviator flight training performance using multiple regression and an artificial neural network</title> <excerpt>The potential of a series of automated single-task and multitask tests to account for additional significant variance in the prediction of Navy pilot flight grades was evaluated. Volunteer participants (student naval aviators) were tested on a series of cognitive and perceptual psychomotor tests.</excerpt>', ""<title>Helicopter simulator performance prediction using the Random Forest method</title> <excerpt>INTRODUCTION: Different aspects of the aviation system, such as pilot's fitness, supervision, and working conditions, interact to produce or protect against flight safety hazards. Machine learning methods such as Random Forests may help identify system characteristics with the potential to affect flight safety from the large number of candidate predictors that results when multiple system levels are considered simultaneously.</excerpt>""]"
67,9,67_work-related health risks,['work-related health risks'],"['<title>Risk factors associated with work-related musculoskeletal disorders among female flight attendants: using a focus group to prepare a survey.</title> <excerpt>In preparation for surveying female flight attendants about work-related musculoskeletal disorder risk factors and symptoms, a focus group study was completed with members of the target population. The aims of this study were to ensure completeness of a previously developed list of physically strenuous job tasks performed by female flight attendants and assess the clarity, appropriateness, and applicability of existing self-reported measures to be used in the survey.</excerpt>', '<title>Sleep problems and psychosocial work environment among Swedish commercial pilots</title> <excerpt>Background: The aim of this study was to assess relationships between sleeping problems and the psychosocial work situation based on the job-strain and iso-strain models among Swedish commercial pilots. Methods: Three hundred fifty-four pilots participated (61%), who are in 2008 responded to a questionnaire concerning sleep problems, the psychosocial work situation, personal factors, and flight length.</excerpt>', '<title>Musculoskeletal symptoms and psychosocial work environment, among Swedish commercial pilots</title> <excerpt>Purpose: The associations between psychosocial work conditions and health in pilots are understudied, and therefore, the associations between the psychosocial work conditions and musculoskeletal problems among Swedish commercial pilots were investigated.Methods: In 2010, a self-administered questionnaire study was performed among pilots in one Swedish commercial airline: 354 pilots participated (61\xa0%). Musculoskeletal symptoms and the psychosocial work conditions measured by the demand control social support model were investigated.</excerpt>']"
68,9,68_pilot personality assessment,['pilot personality assessment'],"['<title>Neuropsychological assessment of decision making in alcohol-dependent commercial pilots</title> <excerpt>Background: The aim of this exploratory archival study was to discern the utility of the Iowa Gambling Task (IGT) in identifying adaptive decision-making capacities among pilots with a history of alcohol dependence both with and without Cluster B personality features. Methods: Participants included 18 male airmen at the rank of captain with a history of receiving alcohol dependence treatment and subsequent referral for a fitness-for-duty evaluation.</excerpt>', '<title>Psychological Assessment of Airline Pilot Applicants with the MMPI-2</title> <excerpt>Psychological tests like the Minnesota Multiphasic Personality Inventory (MMPI) have been used widely to assess personality characteristics and appraise potential mental health problems of individuals applying for responsible positions. This study had three major goals: First, these data allowed for an evaluation of the effects of the new norms for the traditional validity and clinical scale scores of the MMPI-2 in an employment selection program.</excerpt>', '<title>Attempting to Conceal Psychological Disturbance: MMPI Defensive Response Sets and the Rorschach</title> <excerpt>This study examined whether a defensive response set during a psychological evaluation would skew responses on the Rorschach such that subjects could conceal psychological difficulties. Subjects in this study were commercial airline pilots who were required to undergo an independent psychological evaluation after completing a treatment program for alcohol or substance abuse.</excerpt>']"
69,9,69_pilot stress analysis,['pilot stress analysis'],"[""<title>Non-Contact Negative Mood State Detection Using Reliability-Focused Multi-Modal Fusion Model</title> <excerpt>Negative mood states include tension, depression, anger, fatigue, and confusion, which represent the weak internal emotions of a human. Negative mood states exert adverse impact on individuals' ability to make rational decisions, which entails the practicable method of negative mood state detection.</excerpt>"", '<title>A speech database for stress monitoring in the cockpit</title> <excerpt>This article presents a new database of speech produced under cognitive load for the purpose of non-invasive psychological stress monitoring. The voices and the heart rates of eight airline pilots were recorded while completing an advanced flight simulation programme in a level D full flight simulator.</excerpt>', '<title>Analysis of the human voice as a method of controlling emotional state: Achievements and goals</title> <excerpt>Background factors and those of formant structure, spectral and spectro temporal characteristics of rapid and slow speech components, temporal peculiarities, and intensity of speech turned out to be informative indices of the human emotional state. Application of mathematical methods, in particular methods of recognition theory, to these factors helped to assess the degree and the psychological sign of emotion, to diagnose the status of attention and fatigue, and to differentiate emotional and physical stress.</excerpt>']"
70,9,70_attitude indicator formats,['attitude indicator formats'],"['<title>Attitude Indicator Design in Primary Flight Display: Revisiting an Old Issue With Current Technology</title> <excerpt>Objective: The experiments investigated the “old issue” of the attitude indicator’s moving-horizon versus moving-aircraft format with current primary flight display technology. Of interest was whether the effects found in earlier studies, favoring the moving-aircraft format, could be replicated with most recent technology including extended horizon displays, which depict the artificial horizon extended over the whole screen with overlaying speed and altitude scales (eg, B787).</excerpt>', '<title>Attitude Indicator Design and Reference Frame Effects on Unusual Attitude Recoveries</title> <excerpt>The objectives of this study were to examine the combination effects of the attitude directional indicator (ADI) formats and the 2 reference frames (moving horizon [MH] and moving aircraft [MA]) on unusual attitude recovery performance. Three ADI display formats were examined: (a) conventional MH; (b) perspective-view aircraft symbol (PAS), which replaced the conventional miniature aircraft symbol with a pictorial moving aircraft symbol; and (c) command, which presented the appropriate direction for recovery using the pitch or roll arrow.</excerpt>', '<title>Unknown-attitude recoveries using conventional and terrain-depicting attitude indicators: Difference testing, equivalence testing, and equivalent level of safety</title> <excerpt>The objectives of this study were to assess the effects of differing formats of forward-looking primary flight display (PFD; electronic attitude-direction indicator, full-color terrain, uniformly brown terrain) on general aviation (GA) pilot recoveries from unknown attitudes and to determine if recovery assistance embodied in the display could be useful. Total recovery times and control reversals were examined as indexes of performance for 40 GA pilots, and the recovery times were subjected to a comparative analysis using both a parametric difference analysis and an equivalence testing technique.</excerpt>']"
71,9,71_pilot behavior and identity,['pilot behavior and identity'],"[""<title>Third-culture kid pilots and multi-cultural identity efects on pilots' attitudes</title> <excerpt>IP: 103.3.231.66 On: Thu, 09 Jan 2020 04:17:02 Copyright: Aerospace Medical Association BACKGROUND: Current attempts to culturally tailor human factors training in aviation segregates cultural identities based on geopoliti- cal, passport nationality, and is therefore poorly suited for (adult) 'Third Culture Kids' (TCKs) whose cross-cultural upbringing has led to the development of multicultural individual identities that do not relect their passport nationali- ties. In this study, respondents' self-categorization of personal cultural identity, as opposed to passport nationality, was used to determine whether there were cultural diferences in airline pilots' behaviors.</excerpt>"", '<title>Exploring the equivalence of the aviation gender attitude questionnaire for South African and Australian pilots: A cross-cultural comparison</title> <excerpt>The aim of this study was to establish the differential item functioning and construct equivalence of the Aviation Gender Attitude Questionnaire (AGAQ) to determine the generalizability of the instrument across 2 national cultures (South African and Australian). Data were collected from 544 South African and 1,064 Australian aircraft pilots and analyzed by means of various analytical procedures.</excerpt>', ""<title>Development and validation of a measure to assess perceptions regarding gender-related pilot behavior</title> <excerpt>There are several stereotypes, prejudices and preconceptions regarding female aviators' abilities and the suitability of women for a career as professional aircraft pilots. This study reports on the development and validation of the Aviation Gender Attitude Questionnaire (AGAQ), which was designed to assess aviators' perceptions about gender-related pilot behavior.</excerpt>""]"
72,9,72_mindfulness in pilots,['mindfulness in pilots'],"['<title>Exploring the relationship between trait mindfulness and psychological adaptation from a network perspective: is there any difference between pilots and other non-pilot civil aviation employees?</title> <excerpt>To explore the role of trait mindfulness in the psychological adaptation of civil aviation personnel, and compare the importance of this role between airline pilots and other civil aviation practitioners. A total of 198 civil aviation pilots and 804 other civil aviation practitioners were recruited to complete surveys on mindfulness, SCL-90, job burnout, core self-evaluation, and psychological resilience.</excerpt>', '<title>The influence of trait mindfulness on incident involvement among Chinese airline pilots: The role of risk perception and flight experience</title> <excerpt>Introduction The primary objective of this study is to investigate the relationships between trait mindfulness, risk perception, flight experience, and incident involvement among Chinese airline pilots. Method The study used a sample consisting of 295 commercial airline pilots from China Southern Airlines Ltd.</excerpt>', '<title>Anticipated negative emotions effect on incident involvement among civil pilots</title> <excerpt>Introduction: Human factors have contributed to a constant increase in the level and numbers of aviation incident involvement. The primary objective of this study is to investigate the relationships between anticipated negative emotions (ANEs) and incident involvement among Chinese civil pilots.</excerpt>']"
73,9,73_pilot fatigue research,['pilot fatigue research'],"['<title>Assessment of sleepiness, fatigue, and depression among Gulf Cooperation Council commercial airline pilots</title> <excerpt>Purpose: No studies have assessed the prevalence of fatigue, depression, sleepiness, and the risk of obstructive sleep apnea (OSA) among commercial airlines pilots in the Gulf Cooperation Council (GCC). Methods: This was a quantitative cross\xadsectional study conducted among pilots who were on active duty and had flown during the past 6\xa0months for one of three commercial airline companies.</excerpt>', '<title>Risk factors for fatigue among airline pilots</title> <excerpt>Purpose: The objective of this study is to determine risk factors for fatigue among airline pilots, taking into account person-, work-, health-, sleep-, and lifestyle-related characteristics. Methods: The study population consisted of 502 pilots who participated in the MORE Energy study.</excerpt>', '<title>Understanding Fatigue within a Collegiate Aviation Program</title> <excerpt>Objective: The purpose of this study was fivefold: to investigate the symptoms that would prompt collegiate aviation pilots perceive they are fatigued; to investigate the time of the day they are most fatigued; to investigate their academic and personal schedules; to investigate the methods collegiate aviation pilots utilize to ensure they are fit to fly; and to investigate whether they have received any academic and/or flight fatigue identification and management training. Background: Fatigue is a pervasive safety hazard in aviation affecting several aspects of flight crew members’ ability to perform their job.</excerpt>']"
74,9,74_isolation and physiological effects,['isolation and physiological effects'],"['<title>Performance and habitability aspects of extended confinement in sealed cabins.</title>', '<title>Effect of isolation in a constant environment on periodicity of physiological functions and performance levels.</title>', '<title>Behavioral and physiological responses of stayers and quitters in underwater isolation</title> <excerpt>Although the tolerance of subjects (Ss) to sensory isolation has been studied over the past 35 years or so, most attention has been paid to such variables as personality characteristics and less attention to physiological measures related to endurance. Additionally, the more profound isolation environment of water immersion has been much less studied than the quiet room environment.</excerpt>']"
75,8,75_immunity and health in space,['immunity and health in space'],"['<title>The effect of space flight on human cellular immunity.</title> <excerpt>T-lymphocyte responsiveness to mitogens is depressed by an average of 56% in humans (129 subjects) tested during and after space flight. Although there is not yet conclusive evidence of a clinical significance of the test, it is clear that factors of space flight like stress, closed environment and cosmic radiation may affect immune responsiveness.</excerpt>', '<title>Monitoring antioxidant defenses and free radical production in space-flight, aviation and railway engine operators, for the prevention and treatment of oxidative stress, immunological impairment, and pre-mature cell aging</title> <excerpt>Degenerative diseases, immune impairment, and premature ageing commonly affect professional categories exposed to severe environmental and psychological stress. Among these, cosmonauts routinely experience extreme conditions due to microgravity, space radiation, altered oxygen supply, physical and mental fatigue during training, spaceflight, and post-flight.</excerpt>', '<title>Effects of sex and gender on adaptation to space: Behavioral health</title> <excerpt>This article is part of a larger body of work entitled, ""The Impact of Sex and Gender on Adaptation to Space."" It was developed in response to a recommendation from the 2011 National Academy of Sciences Decadal Survey, ""Recapturing a Future for Space Exploration: Life and Physical Sciences for a New Era,"" which emphasized the need to fully understand sex and gender differences. In this article, our workgroup - consisting of expert scientists and clinicians from academia and the private sector - investigated and summarized the current body of published and unpublished human research performed to date related to sex- and gender-based differences in behavioral adaptations to human spaceflight.</excerpt>']"
76,8,76_team performance and motivation,['team performance and motivation'],"['<title>The impact of internship experience on professional identity, motivation, and attitude among aviation service majors: a cross-sectional empirical study</title> <excerpt>Introduction: China’s rapidly expanding aviation industry has created an urgent need for a motivated and professionally committed workforce. This study examined whether internship experience influences aviation students’ career motivation and professional attitude through the mediating role of professional identity.</excerpt>', '<title>The Relationship Between Pilot Candidates’ Self-Control, Self-Efficacy and Training Performance in Terms of Safety Climate</title> <excerpt>Objective: This study investigates the relationship between pilot candidates’ self-control, self-efficacy, and training performance in terms of safety climate. Background: Self-efficacy and safety climate are essential for the flight performance of pilots.</excerpt>', '<title>Pilot Motivation and Performance: Theoretical and Empirical Relationships</title> <excerpt>This study examines the relationship between pilot motivation and flight performance in student pilots attending an aviation university. Predictions about motivation-performance relationships were based on intrinsic-extrinsic motivation distinctions.</excerpt>']"
77,8,77_remotely piloted personnel,['remotely piloted personnel'],"['<title>Predictors and protective factors for suicide ideation across remotely piloted aircraft career fields</title> <excerpt>The US Air Force remote warrior community comprises several career fields including remotely piloted aircraft pilots and intelligence, cyber, and sensor operators. The crews are responsible for working seamlessly together to provide 24/7 real-time intelligence, surveillance, and reconnaissance and precision-strike weapons capabilities for a wide range of global combat operations.</excerpt>', '<title>Early Identification of Unmanned Aircraft Pilots Using Measures of Personality and Aptitude</title> <excerpt>This study evaluated the extent to which personality measures (Self-Description Inventory+) could improve prediction of remotely piloted aircraft (RPA) training outcomes, beyond currently used cognitive, psychomotor, and aviation knowledge and experience predictors included in the U.S. Air Force (USAF) Pilot Candidate Selection Method 2.0.</excerpt>', '<title>Predictive Validity of UAS/RPA Sensor Operator Training Qualification Measures</title> <excerpt>U.S. Air Force sensor operators (SOs) are enlisted aviators who work side-by-side with unmanned aerial systems/remotely piloted aircraft (UAS/RPA) pilots, providing assistance with all aspects of aircraft employment and sensor management.</excerpt>']"
78,8,78_prospective memory in atc,['prospective memory in atc'],"['<title>Applying Psychological Science to Examine Prospective Memory in Simulated Air Traffic Control</title> <excerpt>Failures to remember to perform deferred task actions in work settings such as air traffic control can have serious consequences. Most research examining the cognitive mechanisms underlying prospective memory has used simple, static tasks, which may make it difficult to generalize results to work settings.</excerpt>', '<title>Reducing prospective memory error and costs in simulated air traffic control: External aids, extending practice, and removing perceived memory requirements</title> <excerpt>In air traffic control (ATC), forgetting to perform deferred actions-prospective memory (PM) errors- can have severe consequences. PM demands can also interfere with ongoing tasks (costs).</excerpt>', '<title>Using memory for prior aircraft events to detect conflicts under conditions of proactive air traffic control and with concurrent task requirements</title> <excerpt>In 2 experiments we examined the impact of memory for prior events on conflict detection in simulated air traffic control under conditions where individuals proactively controlled aircraft and completed concurrent tasks. Individuals were faster to detect conflicts that had repeatedly been presented during training (positive transfer).</excerpt>']"
79,8,79_flight simulation effectiveness,['flight simulation effectiveness'],"['<title>NeuroTracker Multiple Object Tracking Ability Predicts Novice Performance on a Simulated Air Traffic Control Task</title> <excerpt>Objective: To explore the utility of multiple object tracking (MOT) ability, measured using NeuroTracker, as a predictor of air traffic control (ATC) task performance. Background: The perceptual-cognitive abilities required for MOT are also important for ATC performance.</excerpt>', '<title>Exposure to Disturbance Motion During Practice in an Analog of a Flight Task Influences Flight Control of Naive Participants</title> <excerpt>Objective: This article examines whether strategies and performance differed depending on whether naive participants were exposed to motion disturbance during practice of a tracking task. Background: Despite several decades of research, there is still debate regarding whether physical motion during flight simulation training improves later performance.</excerpt>', '<title>The effect of metacognitive monitoring feedback on performance in a computer-based training simulation</title> <excerpt>This laboratory experiment was designed to study the effect of metacognitive monitoring feedback on performance in a computer-based training simulation. According to prior research on metacognition, the accurate checking of learning is a critical part of improving the quality of human performance.</excerpt>']"
80,8,80_fear of flying treatment,['fear of flying treatment'],"[""<title>Virtual reality treatment of flying phobia</title> <excerpt>Flying phobia (FP) might become a very incapacitating and distributing problem in a person's social, working, and private areas. Psychological interventions based on exposure therapy have proved to be effective, but given the particular nature of this disorder they bear important limitations.</excerpt>"", '<title>Relaxation with immersive natural scenes presented using virtual reality</title> <excerpt>INTRODUCTION: Virtual reality (VR) can provide exposure to nature for those living in isolated confined environments. We evaluated VR-presented natural settings for reducing stress and improving mood.</excerpt>', '<title>The treatment of fear of flying: A controlled study of imaginal and virtual reality graded exposure therapy</title> <excerpt>The goal of this study was to determine if virtual reality graded exposure therapy (VRGET) was equally efficacious, more efficacious, or less efficacious, than imaginal exposure therapy in the treatment of fear of flying. Thirty participants (Age = 39.8 ± 9.7) with confirmed DSM-IV diagnosis of specific phobia fear of flying were randomly assigned to one of three groups: VRGET with no physiological feedback (VRGETno), VRGET with physiological feedback (VRGETpm), or systematic desensitization with imaginal exposure therapy (IET).</excerpt>']"
81,8,81_voice and communication analysis,['voice and communication analysis'],"['<title>Speech intelligibility through communication headsets for general aviation</title> <excerpt>Word discrimination was measured on eight general aviation pilots listening alternately through each of three communication headsets and an aircraft loudspeaker in the presence of light aircraft noise. Each subject listened at the speech intensity designated by him as yielded optimal intelligibility.</excerpt>', '<title>Some non-auditory correlates of the hearing threshold levels of an aviation noise-exposed population</title> <excerpt>In a retrospective analysis of data collected during the 1963 followup of the NAMRL Thousand Aviator Study, two hearing level groups were identified, normal and impaired, and compared along 33 non-auditory dimensions. It was discovered that these two equally noise-exposed groups could be differentiated according to their smoking history and eye color.</excerpt>', '<title>Perceptual-auditory and Acoustic Analysis of Air Traffic Controllers’ Voices Pre- and Postshift</title> <excerpt>Objective To characterize the vocal quality and acoustic parameters of voices of air traffic controllers (ATCs) without any vocal complaints before and after a shift. Method The voices of a group of 45 ATCs were recorded before and after a 2-hour shift, regardless of their operational position or number of previously worked shifts; both genders were included, participants had a mean age of 25 years, and they had a mean length of occupational experience of 4 years and 2 months.</excerpt>']"
82,8,82_bed rest psychological study,['bed rest psychological study'],"[""<title>Four worksite weight loss programs with high-stress occupations using a meal replacement product</title> <excerpt>The objective was to evaluate the efficacy of worksite weight reduction programs at high-stress worksites. We employed a longitudinal study based on two meal replacements daily with subjects choosing a third 'sensible' meal.</excerpt>"", '<title>Changes in Risky Behavior in Long-Term Head-Down Bed Rest and Relation to Psychological Status</title> <excerpt>INTRODUCTION: the present study aimed to investigate changes in risky behavior in a sample of 36 healthy men during a 90-d head-down bed rest (hDBR) experiment and examined whether psychological factors—general self-efficacy, stress, and recovery—could influence these changes. METHODS: subjects completed the Balloon analog Risk task (BaRt) and two psychological scales once during the acclimation period, six times during the hDBR period, and twice during the recovery period.</excerpt>', '<title>Outcome measure to assess head-down bed rest subject performance</title> <excerpt>Background: The purpose of the present study was to develop an objective outcome measure to assess the performance of head-down bed rest subjects. The rationale behind the development was that the current outcome measure is subjective and dependent upon how much the clinical psychologist knows about subject behaviors during the study to rate them accurately.</excerpt>']"
83,8,83_military pilot mental health,['military pilot mental health'],"['<title>Psychiatric screening of combat pilots: correction of the record.</title>', '<title>Student pilots referred to the neuropsychiatry branch, USAFSAM 1968-78: Implications for selection</title> <excerpt>The case records of 76 student aviators referred to the Neuropsychiatry Branch of the USAF School of Aerospace Medicine during the period 1968-78 are reviewed. Demograhic and diagnostic data are provided including source of recruitment, age, marital status, aircraft flown, flying hours, and diagnostic categories.</excerpt>', ""<title>Defining and measuring the 'right stuff': Neuropsychiatrically enhanced flight screening (N-EFS)</title> <excerpt>Background: United States Air Force (USAF) commanders wish to make better pilot-selection and cockpit-assignment decisions. Also, some pilots will sustain head injuries that will affect their flying careers.</excerpt>""]"
84,8,84_flight attendants' psychological impact,"[""flight attendants' psychological impact""]","['<title>Relation of post-traumatic stress disorder symptom severity to the efficacy of an animal-assisted intervention for stress reduction after military aeromedical evacuation</title> <excerpt>Animal-assisted interventions (AAIs) have been found to decrease stress in some settings, but it is not known if AAI is feasible in an aeromedical staging facility or effective in reducing stress following aeromedical evacuation (AE) of military personnel. An experimental design was used to evaluate the efficacy of AAI at reducing stress in AE military patients (N = 120).</excerpt>', '<title>PTSD reactions and coping responses of American Airlines flight attendants who were former employees of Trans World Airlines: Further support of a psychological contagion effect</title> <excerpt>Previous findings comparing the psychological reactions and functional coping of East Coast- and West Coast-based American Airlines (AA) flight attendants after the attacks on September 11 provide support for a psychological contagion phenomenon (Lating, Sherman, Lowry, Everly, & Peragine, 2004). The purpose of this investigation was to expand these results by creating an additional comparison group consisting of current AA flight attendants not working on either the East Coast or the West Coast and who were also previously working for Trans World Airlines (TWA) before AA took over operating authority in April 2001.</excerpt>', '<title>PTSD reactions and functioning of American Airlines flight attendants in the wake of September 11</title> <excerpt>The authors explore the psychological reactions and functional coping responses of American Airlines (AA) flight attendants, a unique at-risk group of people in the war on terrorism, in the aftermath of the September 11 attacks. Demographic characteristics and standardized questionnaires, including the Posttraumatic Stress Disorder Checklist and the Psychotherapy Outcome Assessment and Monitoring System-Trauma Version, were sent in June 2002 to approximately 26,000 AA flight attendants.</excerpt>']"
85,8,85_fatigue effects on performance,['fatigue effects on performance'],"['<title>Effects of Fatigue on Cognitive Performance in Long-Duration Simulated Flight Missions</title> <excerpt>Fighter pilots may be exposed to extended flight missions. Consequently, there is increasing concern about fatigue.</excerpt>', '<title>Detecting fatigue in car drivers and aircraft pilots by using non-invasive measures: The value of differentiation of sleepiness and mental fatigue</title> <excerpt>Introduction: Fatigue is one of the most crucial factors that contribute to a decrease of the operating performance of aircraft pilots and car drivers and, as such, plays a dangerous role in transport safety. To reduce fatigue-related tragedies and to increase the quality of a healthy life, many studies have focused on exploring effective methods and psychophysiological indicators for detecting and monitoring fatigue.</excerpt>', '<title>Recognition of the fatigue status of pilots using BF–PSO optimized multi-class GP classification with sEMG signals</title> <excerpt>Air crashes caused by human factors pose a problem. Many researchers have focused on aviation human factors and found that pilots’ fatigue status is the key factor.</excerpt>']"
86,8,86_pilot recovery training,['pilot recovery training'],"['<title>The Effectiveness of a Mnemonic-Type Startle and Surprise Management Procedure for Pilots</title> <excerpt>Background: Mnemonic-type startle and surprise procedures were previously proposed to help pilots cope with startle and surprise in-flight, but effects on performance after procedure execution have not yet been investigated. Objective: Thus, we tested the effectiveness a new mnemonic-type procedure in a moving-base simulator with a non-linear model of a small twin-propeller aircraft flown single-pilot.</excerpt>', '<title>Recovery training in simulator improves performance and psychophysiological state of pilots during simulated and real visual flight rules flight</title> <excerpt>This study evaluated an anticipation-based training program for private pilots to recover from unusual flight attitudes, stalls, and spins using visual reference cues. Flight performance, psychophysiological measures of cardiac and electrodermal activity, and subjective measures of workload and emotion were collected from 33 pilots during simulated and real flight.</excerpt>', '<title>The Influence of Surprise on Upset Recovery Performance in Airline Pilots</title> <excerpt>Objective: The aim of this study was to test if performance of airline pilots, in performing an aerodynamic stall recovery procedure, decreases when they are surprised, compared to when they anticipate a stall event. Background: New flight-safety regulations for commercial aviation recommend the introduction of surprise and startle in upset prevention and recovery training.</excerpt>']"
87,8,87_enhanced synthetic vision systems,['enhanced synthetic vision systems'],"[""<title>The effects of the AH-64A pilot's night vision system on the performance of seven simulated maneuver tasks</title> <excerpt>The Pilot's Night Vision System (PNVS) allows the pilot of the AH-64A Apache helicopter to fly and navigate effectively at night. The PNVS restricts field of view (FOV) and degrades visual acuity, two factors that should adversely affect pilot performance during night operations, especially for flight maneuvers that rely on peripheral cues.</excerpt>"", '<title>Improved Flight Technical Performance in Flight Decks Equipped with Synthetic Vision Information System Displays</title> <excerpt>Synthetic vision information systems (SVIS) are the next generation of cockpit display systems that will become an integral part of the commercial flight deck in the future. The goal of this study was to evaluate SVIS against conventional glass cockpit displays to assess whether or not SVIS can improve pilot performance, situation awareness (SA), and workload.</excerpt>', '<title>Effects of a velocity-vector-based command augmentation system and synthetic vision system terrain portrayal and guidance symbology concepts on single-pilot performance</title> <excerpt>This study investigated the effects of synthetic vision system (SVS) concepts and advanced flight controls on the performance of pilots flying a light, single-engine general-aviation airplane. We evaluated the effects and interactions of 2 levels of terrain portrayal, guidance symbology, and flight control response type on pilot performance during the conduct of a relatively complex instrument approach procedure.</excerpt>']"
88,7,88_astronaut selection processes,['astronaut selection processes'],"[""<title>Astronaut psychiatric selection procedures: A Japanese experience</title> <excerpt>This paper presents the results of the first application of a structured NASA psychiatric interview for Japanese astronaut selection. We undertook a semi-structured, diagnostic, clinical psychiatric interview with 45 Japanese astronaut applicants for the position of mission specialist-astronaut, and performed 'select-out' psychiatric evaluations according to DSM-III-R psychiatric diagnostic criteria.</excerpt>"", ""<title>Psychological evaluation of European astronaut applications: Results of the 1991 selection campaign</title> <excerpt>In the summer of 1991, the European Space Agency (ESA) performed its second selection campaign since 1977 in order to find 10 astronaut candidates (laboratory specialists and space plane specialists). An integral part of this selection process was the psychological evaluation, according to the principles laid down in the study report 'Definition of Psychological Testing of Astronaut Candidates.' After national preselection, 59 applicants underwent the psychological evaluation, which consisted of the assessment of operational aptitudes (basic cognitive and psychomotor functions) and personality traits (motivation, social capability, stress resistance).</excerpt>"", ""<title>Psychiatric diagnoses in a group of astronaut applicants</title> <excerpt>Between 1959 and 1987, the psychiatric evaluation of astronaut candidates evolved from a 30-h intensive examination evaluating applicants for psychopathology, and studying their performance under stress, to a 2-h clinical interview whose structure and contents were determined by the individual examiner. Evaluations done during these years applied both psychiatric (or, ''select-out'') criteria and psychological (or, ''select-in'') criteria.</excerpt>""]"
89,7,89_adaptability in flying personnel,['adaptability in flying personnel'],"['<title>The adaptability rating for military aeronautics: An historical perspective of a continuing problem</title>', ""<title>Current trends in the usage of the Adaptability Rating for Military Aviation (ARMA) among USAF flight surgeons</title> <excerpt>The Adaptability Rating for Military Aviation (ARMA) is that portion of the initial flight physical that assesses an aviator candidate's motivation for and potential adaptability toward an aviation career. A survey was mailed to all USAF operational flight surgeons in the continental U.S.</excerpt>"", '<title>Development of an aviation combat criterion.</title>']"
90,7,90_air traffic control communication,['air traffic control communication'],"['<title>The measurement of the air traffic controller</title> <excerpt>Measures of the air traffic controller are reviewed and critically assessed. There are many reasons for measuring the controller, and no measure can yet be treated as either indispensable or useless.</excerpt>', '<title>Evaluating controller communication time as a measure of workload</title> <excerpt>The duration time that an en route controller is actively engaged in ground-to-air communications has been investigated to determine if the duration is a valid measure of controller workload. Data was collected during a Federal Aviation Administration (FAA) Planned View Display Baseline Study conducted with Washington Air Route Traffic Control Center personnel.</excerpt>', ""<title>Time Required for Transmission of Time-Critical Air Traffic Control Messages in an En Route Environment</title> <excerpt>This article examines the time required for an air traffic control specialist to successfully transmit a message containing a maneuver required for traffic avoidance to a pilot in the en route environment. Time required was measured from the beginning of the controller's message to the end of the pilot's correct acknowledgement.</excerpt>""]"
91,7,91_pilot workload and performance,['pilot workload and performance'],"['<title>The Effect of Expertise during Simulated Flight Emergencies on the Autonomic Response and Operative Performance in Military Pilots</title> <excerpt>Heart rate variability (HRV) and performance response during emergency flight maneuvers were analyzed. Two expert pilots (ages 35 and 33) and two rookie pilots (ages 25) from the Portuguese Air Force participated in this case–control report study.</excerpt>', '<title>Heart Period as a Useful Index of Pilot Workload in Commercial Transport Aircraft</title> <excerpt>As part of a larger study of the validity and reliability of various workload measures for use in aircraft certification, heart period (a function of heart rate) was investigated. In two separate experiments, pilots flew either normal-workload or high-workload missions in a B-727 simulator to determine whether the measures could serve to discriminate between the two workload levels.</excerpt>', '<title>Evaluation method of mental workload under flight conditions</title> <excerpt>In order to analyze the relationship between heart rate variability (HRV) and the flight tasks of pilots, HRV of various mental and physical work stresses were investigated. For the physical stress on the treadmill, S.D.</excerpt>']"
92,7,92_military flight assessment,['military flight assessment'],"['<title>Investigating Transfer of Input Device Practice on Psychomotor Performance in an Aviation Selection Test</title> <excerpt>Objective: We explored transfer of learning from brief practice with different input devices in the Navy’s Performance Based Measures Battery (PBM), a psychomotor subset of the Aviation Selection Test Battery (ASTB). Background: The PBM is a set of computerized tests used as a part of the ASTB to select aviators in the U.S.</excerpt>', '<title>IQ measures on the wechsler abbreviated scale of intelligence in indian air force aviators</title> <excerpt>Higher intellectual functioning is linked to successful military flying and mission accomplishment in pilots. The use of intelligence test batteries and cognitive batteries also forms an integral part of testing to assess the intellectual abilities and memory performance of potential astronaut candidates.</excerpt>', '<title>The selective-listening task as a test for pilots and air traffic controllers</title> <excerpt>This study evaluates the selective-listening task (SLT) originally developed by Gopher and Kahneman (1971). A brief analysis of the abilities measured by the SLT is presented, and investigations involving Royal Netherlands Air Force aviator applicants and Royal Netherlands Navy air traffic control applicants are reported.</excerpt>']"
93,7,93_spatial ability assessment,['spatial ability assessment'],"['<title>Predicting Flight Training Performance from the Tabular Speed Test</title> <excerpt>This study determined the predictive validity for the number correct (COR) and the number wrong (WR) of a complex perceptual speed test at three milestones in a collegiate flight training program. Test-retest data were obtained at different intervals.</excerpt>', '<title>Predictive Validity of Spatial Ability and Perceptual Speed Tests for Aviator Training</title> <excerpt>Objective: To present a multistudy examination of spatial ability and perceptual speed tests as predictors of Air Force aviator academic and flying training outcomes. Background: Whereas verbal and math tests are commonly used in academic and pre-employment selection, spatial ability and perceptual speed testing are less common.</excerpt>', ""<title>Comparison Between Scene-Independent and Scene-Dependent Eye Metrics in Assessing Psychomotor Skills</title> <excerpt>Objective: This study aims to compare the relative sensitivity between scene-independent and scene-dependent eye metrics in assessing trainees' performance in simulated psychomotor tasks. Background: Eye metrics have been extensively studied for skill assessment and training in psychomotor tasks, including aviation, driving, and surgery.</excerpt>""]"
94,7,94_high-g training assessment,['high-g training assessment'],"['<title>Optimizing Muscle Activation in Cadets Using Electromyography Biofeedback During Anti-G Training</title> <excerpt>INTRODUCTION: Effective execution of the anti-G straining maneuver (AGSM) is essential for pilots to maintain consciousness under high gravitational forces (+Gz). This study evaluated whether electromyographic (EMG) biofeedback enhances muscle activation patterns during AGSM training in novice cadets.</excerpt>', '<title>Visual perception, psychomotor performance, and complex motor performance during an overnight air refueling simulated flight</title> <excerpt>Introduction: Visual perception task, complex motor flight task, and psychomotor vigilance task performances were evaluated in U.S. Air Force pilots navigating a high-fidelity fixed wing jet simulator over 26.5 h of continuous wakefulness.</excerpt>', ""<title>AGSM proficiency and depression are associated with success of high-G training in trainee pilots</title> <excerpt>INTRODUCTION: High-gravity (G) training is used to educate trainee pilots about anti-G straining maneuvers (AGSM) in an environment similar to that of a real fighter aircraft, and to enhance their G tolerance. The success or failure of high-G training could be multifactorial, but most previous studies have only focused on the effect of pilots' physical condition.</excerpt>""]"
95,7,95_stress effects on pilot performance,['stress effects on pilot performance'],"['<title>Pilot Performance in Instrument-Based Tasks Under Acute Stress</title> <excerpt>INTRODUCTION: Pilots often experience acute stress during flights, potentially affecting flight safety. The effect of acute stress on instrument-based tasks remains unclear.</excerpt>', '<title>Effects of wearing aircrew protective clothing on physiological and cognitive responses under various ambient conditions</title> <excerpt>Heat stress can be a significant problem for pilots wearing protective clothing during flights, because they provide extra insulation which prevents evaporative heat loss. Heat stress can influence human cognitive activity, which might be critical in the flying situation, requiring efficient and error-free performance.</excerpt>', '<title>Effects of Stress on Performance during Highly Demanding Tasks in Student Pilots</title> <excerpt>Objective: To study how stress affects the performance of student pilots under highly demanding conditions, during flight simulator sessions. Background: Pilots usually suffer stress under highly demanding conditions.</excerpt>']"
96,7,96_astronaut effectiveness assessment,['astronaut effectiveness assessment'],"['<title>Assessments of astronaut effectiveness</title> <excerpt>This study examined the reliability and convergent validity of three methods of peer and supervisory ratings of the effectiveness of individual NASA astronauts and their relationships with flight assignments. These two techniques were found to be reliable and relatively convergent.</excerpt>', '<title>Astronaut Candidate, Candidate-Like, and Undergraduate Subjects Compared on Retention and Transfer</title> <excerpt>INTRODUCTION: The present study examined long-term retention and transfer of knowledge and skills, as well as the effect of cognitive load on retention and transfer, using a sample of astronaut candidates and two comparison groups. The first comparison group, recruited from Johnson Space Center, was similar in age, education, and general health to the astronaut candidate group; the second comparison group included university undergraduate students.</excerpt>', ""<title>Predicting astronaut effectiveness: A multivariate approach</title> <excerpt>In this study, measures of astronaut effectiveness were administered to volunteers from the astronaut corps in order to validate psychological 'select-in' criteria for long-duration space missions. Using a peer nomination format, astronauts rated their peers with whom they had either flown or trained.</excerpt>""]"
97,6,97_flight training success predictors,['flight training success predictors'],"['<title>The relation of age to success in flight training.</title>', '<title>College performance as a predictor of the flight training success of NROTC students.</title>', '<title>Predicting Aircraft Pilot-Training Success: A Meta-Analysis of Published Research</title>']"
98,6,98_mental health in pilots,['mental health in pilots'],"['<title>Unraveling the complex relationships between mental health and safety operation behaviors among pilots: a network and latent profile analysis</title> <excerpt>As the guardians of aviation safety, pilots’ mental health is critical for ensuring flight safety. However, systematic research on the comorbidities of mental symptoms among pilots remains scarce, and the relationship between these symptoms and safety operation behaviors is unclear.</excerpt>', '<title>Challenges and support needs in psychological and physical health among pilots: a qualitative study</title> <excerpt>Introduction: Physical and mental health problems among pilots affect their working state and impact flight safety. Although pilots’ physical and mental health problems have become increasingly prominent, their health has not been taken seriously.</excerpt>', ""<title>Investigation of pilots' mental health and analysis of influencing factors in China: based on structural equation model</title> <excerpt>Background: Pilots' physical and mental health might be significant contributing factors to flight safety. Exploring pilots’ health-related quality of life (HRQoL) is crucial for aviation security, health management, and psychological security.</excerpt>""]"
99,6,99_human performance under stress,['human performance under stress'],"['<title>FUNCTIONAL STATES OF ALTERED AWARENESS DURING FLIGHT.</title>', '<title>The effects of core temperature elevation and thermal sensation on performance</title> <excerpt>A liquid-condition suit was used to obtain a state of raised body temperature in conjunction with skin temperatures compatible with sensations of thermal comfort. This condition produced a similar increase in speed of performance on a high-level reasoning test which has been found in previous experiments, but no decrement in score.</excerpt>', '<title>Human performance at elevated environmental temperatures</title> <excerpt>A review of research on human performance at elevated temperatures is presented. The findings are analyzed in terms of 5 categories of performance measurements: time estimation; reaction time; vigilance and monitoring; tracking; and cognitive and other skilled tasks.</excerpt>']"
100,6,100_navigation and visual perception,['navigation and visual perception'],"['<title>Formal Papers: Frames of Reference for Helicopter Electronic Maps: The Relevance of Spatial Cognition and Componential Analysis</title> <excerpt>Maps are important for most forms of navigational flight, yet for helicopter flight they are critical. Computer-generated map displays for Nap-of-the-Earth (NOE) and low-level helicopter flight were configured according to previous research on maps, navigational problem solving and spatial cognition in large-scale environments.</excerpt>', '<title>Electronic map evaluation in simulated visual meteorological conditions</title> <excerpt>This study examined the effects of planar versus perspective electronic map displays during a simulated visual approach to landing. Thirty pilots were divided into 3 groups of 10 and assigned to 1 of 3 display conditions: 2-dimensional, 3-dimensional, or a 2-dimensional condition augmented with a ""wedge"" to provide a visual momentum between the display view and that in the forward field of view.</excerpt>', ""<title>Electronic maps for terminal area navigation: Effects of frame of reference and dimensionality</title> <excerpt>Two experiments are reported that contrast rotating versus fixed electronic map displays, which pilots used for a simulated approach to a landing. In Experiment 1, a rotating versus fixed-map display was experimentally crossed with a two-dimensional (2D) versus three-dimensional (3D) view (perspective map) as pilots' ability to maintain the flight path and demonstrate awareness of the location of surrounding terrain features were assessed.</excerpt>""]"
101,6,101_military operational effectiveness,['military operational effectiveness'],"['<title>The military performance of soldiers in sustained operations</title>', '<title>Sustained military operations and cognitive performance</title> <excerpt>Introduction: Cognitive performance is crucial during military operations. It is suggested that impaired cognitive performance accounts for most of the accidents during training courses and actual battle.</excerpt>', '<title>Ready or not: Enhancing operational effectiveness through use of readiness measures</title> <excerpt>Current and future military operations require personnel to perform a multitude of mission tasks. Military personnel are required to execute these tasks, and to perform to high levels of expectation.</excerpt>']"
102,6,102_stress and resilience in pilots,['stress and resilience in pilots'],"['<title>The Moderating Role of Resilience in the Relationship Between Occupational Stressors and Psychological Distress Among Aviation Pilots in Pakistan</title> <excerpt>Background: Aviation is one of the most demanding professions, exposing pilots to persistent stressors such as fatigue, irregular schedules, and high safety responsibility. These conditions heighten vulnerability to depression, anxiety, and stress (DAS), yet the protective mechanisms mitigating such effects remain less well understood.</excerpt>', '<title>Exploring the measurement of psychological resilience in Chinese civil aviation pilots based on generalizability theory and item response theory</title> <excerpt>Understanding and accurately measuring resilience among Chinese civil aviation pilots is imperative, especially concerning the psychological impact of distressing events on their well-being and aviation safety. Despite the necessity, a validated and tailored measurement tool specific to this demographic is absent.</excerpt>', '<title>Adversity in Aviation: Understanding Resilience in the Workplace for Female Pilots</title> <excerpt>Objective: This study measured the resilience of female pilots using the Connor–Davidson Resilience Scale (CD-RISC). Background: Adversity in the workplace causes occupational stress, influencing resiliency, and reducing job performance and wellness.</excerpt>']"
103,6,103_alerting design effectiveness,['alerting design effectiveness'],"['<title>Multisensory Cues for Encoding Urgency of System Hazards: Effect of Operator Experience on Perceived Urgency</title> <excerpt>Objective: This study evaluated sonification and tactification for encoding urgency of system health status presented in the ground control station (GCS) visual interface of an unmanned aircraft system (UAS), and the observer’s perception of urgency. Background: The barrage of data in the GCS visual interface has the potential to isolate the operator from detecting system hazards that threatens the ability of the operator to operate the UAS effectively.</excerpt>', '<title>Synthesized warning messages: effects of an alerting cue in single- and multiple-function voice synthesis systems</title> <excerpt>The present study examined the effectiveness of preceding synthesized voice warning messages with an alerting cue as a function of the amount of information presented by the voice synthesizer and the workload level in the primary task. Subjects performed a simplified air traffic control task in which they were required to monitor two visual displays and to enter commands via a standard keyboard.</excerpt>', ""<title>Investigation of air traffic controllers' response strategies in a free recall task: What makes auditory recall superior to visual recall?</title> <excerpt>This study investigated the response strategies displayed by air traffic controllers (ATCs) recalling visually and auditory presented verbal material in a free recall task. The end-of-list advantage for auditory compared to visually presented item lists (modality effect) was explored by using the procedure described by Beaman and Morton (2000).</excerpt>""]"
104,6,104_peer support for pilots,['peer support for pilots'],"['<title>[11] PEER PILOT VOLUNTEER TRAINING</title> <excerpt>BACKGROUND: Current mandates and recommendations have been issued by governing states around the world for peer programs to be implemented in aviation to support flight crew members. Developing a training protocol that will be most effective for the crew members that are utilizing the services are key in making a successful peer program to be used by crew members.</excerpt>', '<title>Competency-Based Peer Support in Aviation: A Framework for Training Peers Within Peer Support Programs</title> <excerpt>In July 2018, the European Union Aviation Safety Agency (2018) issued Regulation (EU) 2018/1042, now (EU) 2020/745, which required all commercial air transport operators to implement a support program by February 14, 2021. This was initially aimed at pilots and formed part of the recommendations made after the pilot murder-suicide crash of Germanwings flight 9525 in March 2015.</excerpt>', '<title>The Role of Peer Support and Its Contribution as an Effective Response to Addressing the Emotional Well-Being of Pilots: A Qualitative Study of South African Stakeholders</title> <excerpt>The provision of pilot peer support in commercial aviation is a recent recommendation following the Germanwings pilot suicide?murder crash in 2015. Conducted in a South African aviation context, this study explored the phenomenon of peer support and its role and contribution as an effective response to addressing the emotional well-being of pilots.</excerpt>']"
105,6,105_training systems assessment,['training systems assessment'],"['<title>Work domain analysis for training-system definition and acquisition</title> <excerpt>Training-needs analysis is critical for defining and procuring effective training systems. However, traditional approaches to training-needs analysis are not suitable for capturing the demands of highly automated and computerized work domains.</excerpt>', '<title>Analyzing components of work samples to evaluate performance</title> <excerpt>A method is described in which work sample data were analyzed to reveal how aircraft maintenance technicians differed in troubleshooting performance after a training intervention. During the training phase of the study, approximately half the technicians received troubleshooting instruction from an intelligent tutoring system, and the remaining technicians received informal on-the-job training.</excerpt>', '<title>Job-specific or general training: A quantitative assessment</title> <excerpt>This work introduces a framework for developing job-specific training as well as training that is useful across operational contexts by combining 2 theories of training design: identical elements and general principles. Thirty-six participants were assigned to 1 of 3 training conditions, 2 utilizing identical elements (pilot training and flight dispatcher training) and 1 utilizing general principles.</excerpt>']"
106,6,106_3-d audio task performance,['3-d audio task performance'],"['<title>Three-Dimensional Audio Versus Head-Down Traffic Alert and Collision Avoidance System Displays</title> <excerpt>The advantage of a head-up auditory display for situational awareness was evaluated in an experiment designed to measure and compare the acquisition time for capturing visual targets under two conditions: standard headdown Traffic Alert and Collision Avoidance System (TCAS) display and three-dimensional (3-D) audio TCAS presentation. (The technology used for 3-D audio presentation allows a stereo headphone user to potentially localize a sound at any externalized position in 3-D auditory space).</excerpt>', '<title>Head-up/head-down transition: Measurement of transition times</title> <excerpt>A method was devloped to measure transition times between a head-up signal and a response given to a head-down display. Various arrangments of motor response (vocal, hand) and HDD images were used.</excerpt>', '<title>Effects of supplementing head-down displays with 3-D audio during visual target acquisition</title> <excerpt>We investigated the effectiveness of supplementing head-down displays (HDDs) with high-fidelity 3-dimensional (3-D) audio using a flight simulation task in which participants were required to visually acquire the image of a target aircraft. There were 3 conditions: a visual HDD providing azimuth information combined with a nonspatial audio cue, a visual HDD providing azimuth and elevation information combined with a nonspatial audio cue, and a visual HDD providing azimuth information combined with a 3-D audio cue.</excerpt>']"
107,6,107_pilot experience and safety,['pilot experience and safety'],"['<title>Age, flight experience, and violation risk in mature commuter and air taxi pilots</title> <excerpt>Violation of Federal Aviation Regulations has been identified as a risk factor for pilot involvement in aviation crashes. However, the associations among violations, flight experience, and pilot age have not been well studied.</excerpt>', ""<title>More experience might not bring more safety: Negative moderating effect of pilots’ flight experience on their safety performance</title> <excerpt>Objective: This study aimed to improve our understanding of the relationship between pilots' total flight hours (TFH), levels of hazardous attitude (HA), and flight safety performance. Background: The negative effect of airline pilots' flight experience on safety performance has received attention but has not been extensively investigated.</excerpt>"", '<title>Effects of age and flight exposure on flight safety performance: Evidence from a large cross-sectional pilot sample</title> <excerpt>Generally, flight experience protects against the effect of the normal aging process on pilots’ incident involvement, but some studies have shown a negative effect of flight hours on flight safety performance. The purpose of this study was to investigate the relationship between age, flight exposure, and flight safety performance in a large cross-sectional sample of commercial airline pilots (N = 1291).</excerpt>']"
108,6,108_cockpit display performance,['cockpit display performance'],"['<title>Measurement and Modeling of Display Clutter in Advanced Flight Deck Technologies</title> <excerpt>Clutter is a key concern in the design of complex displays, particularly in safety-critical domains such as aviation. The objective of this research was to investigate techniques for measuring subjective perceptions of clutter and to model the predicted impacts of clutter on pilot performance within the context of advanced flight deck technologies.</excerpt>', '<title>Head-up displays: Effects of clutter, display intensity, and display location on pilot performance</title> <excerpt>Two experiments examined the effects of display location (head-up and head-down), display clutter, and display intensity on pilot performance in a general aviation-cruise flight environment. In Experiment 1, a low-fidelity simulation revealed that the detection of commanded flight changes and flight-path tracking performance was better in the head-down condition as compared to the head-up condition.</excerpt>', '<title>Field of view effects on pilot performance in flight</title> <excerpt>For flight training, head-worn displays represent low-cost, wide field of regard, deployable systems when compared to traditional simulation facilities. However, current head-worn systems provide limited effective fields of view.</excerpt>']"
109,6,109_human factors in air traffic,['human factors in air traffic'],"['<title>Evaluating differences in cognitive functions and personality traits among air traffic controllers with and without error history</title> <excerpt>Given the growing rate of air transportation, it is necessary to consider the safety of the aviation industry. Air traffic control is one of the most sensitive and important jobs in the field of flight safety.</excerpt>', ""<title>Prediction of Task Performance from Physiological Features of Stress Resilience</title> <excerpt>In this paper, we investigate the potential of generic physiological features of stress resilience in predicting air traffic control (ATC) candidates' performance in a highly-stressful low-fidelity ATC simulator scenario. Stress resilience is highlighted as an important occupational factor that influences the performance and well-being of air traffic control officers (ATCO).</excerpt>"", '<title>Psychological readiness of air traffic controllers for their job</title> <excerpt>This article highlights the importance of examining human factors in aviation, especially in air traffic control. It analyzes the factors affecting performance of air traffic controllers (ATC) and increase or decrease of security.</excerpt>']"
110,6,110_alcoholism in aviators,['alcoholism in aviators'],"['<title>Alcohol screening instruments and psychiatric evaluation outcomes in military aviation personnel</title> <excerpt>Introduction: Alcohol-related disorders are the most prevalent psychiatric conditions in the aviation population. Efforts to effectively screen aviators for these disorders are continually sought, as under-diagnosis may negatively impact aviation safety.</excerpt>', '<title>Psychiatric disorders in civilian pilots</title> <excerpt>Psychiatric disorders are second only to cardiovascular disorders as a cause of permanent loss of licence in both professional aircrew and private pilots in the UK. In professional aircrew, psychiatric disorders are commonly aviation-related, whilst in private pilots less effective selection and the stresses of business and personal affairs are common factors.</excerpt>', '<title>Adult children of alcoholics - A treatable entity: An aviation case report</title> <excerpt>This is a case report of a male naval aviator, raised in an alcoholic environment, and the impact of that environment on his development and adult functioning. A review of the adult children of alcoholics syndrome is presented to help familiarize the reader with this evolving entity and its probable impact on aviation personnel.</excerpt>']"
111,6,111_pilot psychological risk factors,['pilot psychological risk factors'],"['<title>The effect of psychological risk elements on pilot flight operational performance</title> <excerpt>This study aims to examine the relationship between psychological risk elements and flight operation performance for airline pilots. First, the concept of “risky pilots” is discussed, and the existence of “risky pilots” is verified using a percentage analysis of flight exceedance events.</excerpt>', ""<title>Threat anticipation and proactive response: The effect of defensive pessimism strategy on pilots' safety behavior</title> <excerpt>Human error is a significant cause of aviation accidents, and numerous individual psychological factors strongly influence pilots' safety behavior. Therefore, it is crucial to identify factors that may enhance pilots' safety behavior and explore their underlying mechanisms.</excerpt>"", '<title>Risk Perception and Safety Attitudes in Indian Army Aviators</title> <excerpt>Risk perception and safety attitudes with respect to risk taking and hazardous events were studied in 275 army helicopter pilots using a questionnaire-based method. Results indicated that higher risk-taking tendency was associated with low scores on both the delayed risk and immediate high risk components of risk perception, and with lower levels of self-confidence and safety orientation attitudes.</excerpt>']"
112,5,112_display systems evaluation,['display systems evaluation'],"['<title>Head-up display symbology for ground collision avoidance</title> <excerpt>Four ground collision avoidance displays were tested using a fixed-base T-38 simulator with a simulated head-up display. Twelve participants flew through 6 terrain encounters in each of the 4 display formats with 2 terrain profiles and 3 initial aircraft attitudes.</excerpt>', '<title>An Exploratory Study of Plan-View Terrain Displays for Air Carrier Operations</title> <excerpt>Two prototypical terrain situational awareness (TSA) displays were examined in a preliminary part-task simulation study using the MIT Aeronautical Systems Laboratory Advanced Cockpit Simulator. Pilots, qualified on auto flight aircraft, flew simulated approaches while using a moving-map terrain display in addition to typical glass-cockpit navigation displays.</excerpt>', '<title>Helmet-mounted display symbology for terrain avoidance during low-level maneuvers</title> <excerpt>A simulation study was performed to evaluate helmet-mounted display symbology for fighter aircraft ground collision avoidance systems. Four visual alert symbologies were tested: an iconic cue, an aircraft-fixed (AF) guidance cue, a head-fixed (HF) guidance cue, and an HF guidance cue with a pitch ladder.</excerpt>']"
