Topic,Count,Name,Representation,Representative_Docs
-1,470,-1_pilot performance and safety,['pilot performance and safety'],"['<title>Aviation</title> <excerpt>Although the psychology of aviation comprises the selection, training, and maintenance of personnel (pilot, crew, and ground staff) and the care and education of passengers, the main body of the literature has dealt almost entirely with (1) physiological and psychological effects (immediate and cumulative) of flight and the flying environment, and (2) the selection of pilots. This review and bibliography of 92 items excludes the recent work under the auspices of the Committee on Selection and Training of Aircraft Pilots of the National Research Council and some 534 less important references which will be published later.</excerpt>', '<title>Competency-Based Peer Support in Aviation: A Framework for Training Peers Within Peer Support Programs</title> <excerpt>In July 2018, the European Union Aviation Safety Agency (2018) issued Regulation (EU) 2018/1042, now (EU) 2020/745, which required all commercial air transport operators to implement a support program by February 14, 2021. This was initially aimed at pilots and formed part of the recommendations made after the pilot murder-suicide crash of Germanwings flight 9525 in March 2015.</excerpt>', ""<title>Cognitive-Adaptation Training for Improving Performance and Stress Management of Air Force Pilots</title> <excerpt>This study investigated the effects of cognitive-adaptation training on flight performance and stress management in a sample of pilot cadets who were undergoing a basic flying program (N = 21). The aim of the training was to enhance the participants' awareness of the cognitive processes that they used in a given situation, and to strengthen reflective processes.</excerpt>""]"
0,124,0_human factors in aviation safety,['human factors in aviation safety'],"['<title>Analysis on coupling dynamic effect of human errors in aviation safety</title> <excerpt>Human factors have increasingly been the leading cause of aircraft accidents. In most cases, human factors are not working alone, instead they are coupled with complex environment, mechanical factors, physiological and psychological factors of pilots, and organizational management, all of which form a complex aviation safety system.</excerpt>', '<title>Investigating Language Factors in Aviation Accidents</title> <excerpt>Linguistic and operational experts reviewed accident investigation reports covering a 22-year period (1990-2012) revealing that language factors impact aviation safety in a variety of ways, in contexts extending beyond pilot and air traffic controller communications. The investigation of possible language factors is not accorded the same degree of systematic and expert analysis as is given to the investigation of other human performance and operational factors.</excerpt>', ""<title>Qualitative Analysis of General Aviation Pilots’ Aviation Safety Reporting System Incident Narratives Using the Human Factors Analysis and Classification System</title> <excerpt>NASA's Aviation Safety Reporting System (ASRS) gathers data from voluntary aviation safety reports for nonfatal accidents and incidents. These reports are a valuable resource in identifying unsafe occurrences and hazardous situations in the aviation industry.</excerpt>""]"
1,75,1_cockpit automation effects,['cockpit automation effects'],"['<title>Pilot Interaction With Cockpit Automation II: An Experimental Study of Pilots’ Model and Awareness of the Flight Management System</title> <excerpt>Technological developments have made it possible to automate more and more functions on the commercial aviation flight deck and in other dynamic high-consequence domains. This increase in the degrees of freedom in design has shifted questions away from narrow technological feasibility.</excerpt>', '<title>Studies of cockpit task management errors</title> <excerpt>Cockpit task management (CTM) is the management level activity pilots perform as they initiate, monitor, prioritize, and terminate cockpit tasks. To better understand the nature and significance of this process, we conducted 3 empirical studies: a review of National Transportation Safety Board aircraft accident reports, a review of Aviation Safety Reporting System aircraft incident reports, and a simulator experiment.</excerpt>', ""<title>The retention of manual flying skills in the automated cockpit</title> <excerpt>Objective: The aim of this study was to understand how the prolonged use of cockpit automation is affecting pilots' manual flying skills.Background: There is an ongoing concern about a potential deterioration of manual flying skills among pilots who assume a supervisory role while cockpit automation systems carry out tasks that were once performed by human pilots.Method: We asked 16 airline pilots to fly routine and nonroutine flight scenarios in a Boeing 747-400 simulator while we systematically varied the level of automation that they used, graded their performance, and probed them about what they were thinking about as they flew.Results: We found pilots' instrument scanning and manual control skills to be mostly intact, even when pilots reported that they were infrequently practiced. However, when pilots were asked to manually perform the cognitive tasks needed for manual flight (eg, tracking the aircraft's position without the use of a map display, deciding which navigational steps come next, recognizing instrument system failures), we observed more frequent and significant problems.</excerpt>""]"
2,51,2_psychological support in space,['psychological support in space'],"[""<title>Psychological training of German science astronauts</title> <excerpt>Although the significance of psychosocial issues of manned space flights has been discussed very often in recent literature, up to now, very few attempts have been made in North-America or Europe to provide astronaut candidates or spacecrew members with some kind of psychological training. As a first attempt in this field, a psychological training program for science astronauts is described, which has been developed by the German Aerospace Research Establishment and performed as part of the mission-independent biomedical training of the German astronauts' team.</excerpt>"", '<title>Applications of methods of psychological support developed for astronauts for use in medical settings</title> <excerpt>Over the past 40\xa0years, psychological support (PS) for cosmonauts and astronauts has remained an important part of the regular biomedical provision of space crews during extended orbital flights. It includes well-developed principles and a set of methods that have proven its effectiveness for the maintenance of behavioral health under extreme conditions of space flight.</excerpt>', '<title>Human performance during spaceflight.</title> <excerpt>The paper focuses on three different questions: (1) What attributes cause space to be an extreme environment for humans? (2) What do we know about mental performance during spaceflight? (3) What kinds of psychological countermeasures are currently applied and/or conceivable for prolonged spaceflight which might help maintain mental efficiency and stabilize the emotional state of astronauts? Topics discussed include stressors that originate in the space environment, stressors related to the space habitat and its life-support system, stressors related to the mission specific workload of astronauts, stressors that arise from the psychosocial situation in a space habitat, manual performance during spaceflight, and psychological countermeasures for prolonged spaceflight..</excerpt>']"
3,46,3_simulator training effectiveness,['simulator training effectiveness'],"[""<title>Personal Computer Aviation Training Devices: Their Effectiveness for Maintaining Instrument Currency</title> <excerpt>This study examined the effectiveness of personal computer aviation training devices (PCATDs) for maintaining the Federal Aviation Administration's instrument-currency requirement. One hundred and six instrument-current pilots received an instrument proficiency check (IPC) and were assigned equally to 3 independent training groups (aircraft, flight training device [FTD], and PC AID) and to a control group who received no training.</excerpt>"", '<title>A simulator-based approach to training in aeronautical decision making</title> <excerpt>The effectiveness of a simulator-based approach to training pilot skills in risk assessment and decision making was evaluated in a sample of pilots enrolled in a university aviation science program. The 16 experimental group subjects received 4 hours (h) of classroom instruction designed to enhance pilot judgment skills, followed by 4 simulated cross-country flights during which several critical inflights events occurred.</excerpt>', '<title>Personal computer-based flight training devices</title> <excerpt>This article reviews the role of personal computer aviation training devices (PCATDs) in general aviation pilot training. A brief history of flight simulator development is provided, accompanied by a sampling of early research on the effectiveness of simulator training.</excerpt>']"
4,46,4_pilot workload assessment,['pilot workload assessment'],"[""<title>The role of visual conditions and aircraft type on different aspects of pilot workload</title> <excerpt>Objective: The objective of our work was to assess the impact of flight conditions by aircraft type on the workload estimated using NASA-Task Load Index (NASA-TLX). Background: Learning about subjective workload is important for assessing the impact of a pilot's work environment on their performance in the cockpit.</excerpt>"", '<title>On the measurement of pilot perceptual workload: A comparison of assessment techniques addressing sensitivity and intrusion issues</title> <excerpt>A flight simulator-based study was conducted to examine fourteen distinct mental workload estimation measures, including opinion, secondary task, physiological, and primary task measures. Both the relative sensitivity of the measures to changes in mental workload and the differential intrusion of the changes on primary task performance were assessed.</excerpt>', '<title>Inflight workload assessment: Comparison of subjective and physiological measurements</title> <excerpt>Introduction: Assessment of pilot workload during flight is an important aviation safety consideration. The aim of this study was to assess inflight pilot workload using both physiological and multidimensional subjective-ratings measurements (heart rate and NASA Task Load Index, respectively), comparing relative sensitivity during the four phases of flight: take-off, cruise, approach, and landing.</excerpt>']"
5,45,5_simulator sickness research,['simulator sickness research'],"['<title>Simulator induced syndrome: Evidence for long-term aftereffects</title> <excerpt>Pilots have experienced various adverse symptoms hours and even days following flight simulator training. This study surveyed pilots undergoing simulator training in an attempt to provide an initial gauge of the extent, severity, and possible risk factors of long-term (>1 day) simulator aftereffects.</excerpt>', '<title>Autogenic feedback training exercise: A treatment for airsickness in military pilots</title> <excerpt>In this article, we present physiological data from 2 male pilots who completed a 6-hr training program for control of motion sickness at National Aeronautic and Space Administration Ames Research Center. The program consisted of an Autogenic Feedback Training Exercise in which research participants learn through operant conditioning techniques to regulate several physiological responses to suppress their symptoms.</excerpt>', '<title>A comparison of two methods of training resistance to visually-induced motion sickness.</title> <excerpt>This report concerns the use of two methods of training subjects to tolerate visually-induced motion sickness (VMS). Sixteen subjects were selected on the basis of their response to a motion sickness history questionnaire and assigned to one of four groups on the basis of their ability to tolerate visually-induced motion (VM).</excerpt>']"
6,44,6_air traffic controller well-being,['air traffic controller well-being'],"[""<title>An information-processing interpretation of air traffic control stress</title> <excerpt>The air traffic controller's job is inherently stressful, resulting in a variety of stress-related symptoms and illnesses. Unusually high information-processing demands are placed upon controllers for extended periods of time, so that they often must work close to the limits of their channel capacity.</excerpt>"", '<title>Assessment of Occupational Health and Safety Performance in Air Traffic Control: An Empirical Investigation of Stress and Well-Being</title> <excerpt>Air traffic control is widely recognized as one of the most psychologically demanding occupations, where safety and operational performance are tightly interwoven. This study explores the relationship between occupational health and safety (OHS) systems and the psychological well-being of Air Traffic Controllers (ATCOs), focusing on factors such as perceived safety, job satisfaction, stress, and mental strain.</excerpt>', '<title>Turnover intention of air traffic controllers in Taiwan: A note</title> <excerpt>This study examines the relationships between job stress, satisfaction, performance and turnover intention among air traffic controllers in Taiwan. In addition, personality traits, gender and marital status are examined as moderators in the effects on the turnover intention of an air traffic controller.</excerpt>']"
7,43,7_pilot selection assessment,['pilot selection assessment'],"['<title>The Eysenck Personality Inventory as a selection test for military pilots</title> <excerpt>As part of a study of the selection of candidates for pilot training in the Army Air Corps, EPI scores have been analysed in relation to success in training. Data from 432 AAC and 205 RAF student pilots have been examined.</excerpt>', '<title>Personality and motivational needs in Indian military pilots</title> <excerpt>Research on cultural differences provides a different aspect of the attributes in pilots that might affect job performance. Basic attributes of personality and motivation are of importance for military aviators to maintain optimal personal effectiveness, flying proficiency and safety in aviation.</excerpt>', '<title>Early Identification of Unmanned Aircraft Pilots Using Measures of Personality and Aptitude</title> <excerpt>This study evaluated the extent to which personality measures (Self-Description Inventory+) could improve prediction of remotely piloted aircraft (RPA) training outcomes, beyond currently used cognitive, psychomotor, and aviation knowledge and experience predictors included in the U.S. Air Force (USAF) Pilot Candidate Selection Method 2.0.</excerpt>']"
8,41,8_air traffic control performance,['air traffic control performance'],"['<title>Evaluation of conflict-resolution policies on controller taskload</title> <excerpt>In an effort to maintain safety while satisfying growing air traffic demand, air navigation service providers are considering the inclusion of advisory systems to identify potential conflicts and propose resolution commands for the air traffic controller to verify and issue to aircraft. To understand the potential workload implications of introducing advisory conflict-detection and resolution tools, this paper examines a metric of controller taskload: how many resolution commands an air traffic controller issues under the guidance of an advisory system.</excerpt>', '<title>Air traffic controller performance and workload under mature free flight: Conflict detection and resolution of aircraft self-separation</title> <excerpt>The effects of conflict detection and self-separating aircraft resolution on the mental workload and performance of en-route air traffic controllers were examined. An air traffic control simulator was used to manipulate traffic loads and traffic complexity.</excerpt>', '<title>A Theory and Model of Conflict Detection in Air Traffic Control: Incorporating Environmental Constraints</title> <excerpt>A performance theory for conflict detection in air traffic control is presented that specifies how controllers adapt decisions to compensate for environmental constraints. This theory is then used as a framework for a model that can fit controller intervention decisions.</excerpt>']"
9,41,9_pilot selection methods,['pilot selection methods'],"['<title>Understanding the Relations Between Selection Factors and Pilot Training Performance: Does the Criterion Make a Difference?</title> <excerpt>Although several valid predictors of U.S. Air Force pilot training performance have been identified, it was felt that our understanding of the relation between preselection personnel attribute data and training performance was limited by the dichotomous nature of the outcome indicators (ie, graduation or elimination) and by the disproportionate number of people in the outcome categories.</excerpt>', '<title>Aircrew selection systems</title> <excerpt>Research was conducted to develop and validate a computerized battery of psycomotor and cognitive tests to identify candidates who sould not either complete pilot training or be recommended for a fighter assignment after training. All or part of the battery of 15 tests was given to 1,622 Air Force Pilot candidates prior to training and their test scores were regressed against various flying performance measures.</excerpt>', '<title>The aircraft pilot: 5 years of research; a summary of outcomes</title> <excerpt>The history and objectives of the Committee on Selection and Training of Aircraft Pilots of the National Research Council are described. The results of the research studies are analyzed under several basic programs: pilot selection and classification, pilot training, evaluation of pilot performance, emotional disturbances with learning to fly, studies of airsickness, and aviation accidents.</excerpt>']"
10,40,10_spatial disorientation training,['spatial disorientation training'],"['<title>Susceptibility to Flight Simulator-Induced Spatial Disorientation in Pilots and Non-Pilots</title> <excerpt>Objective: This study aimed to investigate whether pilots and non-pilots differ in their susceptibility to spatial disorientation (SD) during a flight in various disorienting scenarios, and in coping with SD. Background: Pilot selection is relevant in assessing pilots’ susceptibility to SD.</excerpt>', '<title>Flight Experience and Mental Representations of Space</title> <excerpt>Objective: This study investigated whether increased flight experience as a pilot was associated with improved small-scale spatial skills and the ability to form a cognitive map of a novel ground-based virtual environment. Background: Early-career civil aviation pilots have been shown to form more accurate cognitive maps of a novel virtual environment than nonpilots.</excerpt>', ""<title>Development and validation of spatial disorientation scenarios using virtual reality and motion simulator</title> <excerpt>Spatial Disorientation (SD) can cause critical aviation accidents by adversely affecting the pilot's ability to perform a flight mission. One of the strategies to improve pilots' ability to deal with SD is to perform SD training using Virtual Reality and Motion Simulator (VRMS) system.</excerpt>""]"
11,40,11_cockpit display performance,['cockpit display performance'],"[""<title>Display dimensionality, conflict geometry, and time pressure effects on conflict detection and resolution performance using cockpit displays of traffic information</title> <excerpt>Cockpit displays of traffic information are designed to support pilots' abilities to perform conflict detection and resolution tasks. Three experiments investigated the effects of display dimensionality, conflict geometry, and time pressure of in-flight conflicts on performance.</excerpt>"", '<title>Dual-task performance consequences of imperfect alerting associated with a cockpit display of traffic information</title> <excerpt>Objective: Performance consequences related to integrating an imperfect alert within a complex task domain were examined in two experiments. Background: Cockpit displays of traffic information (CDTIs) are being designed for use in airplane cockpits as responsibility for safe separation becomes shared between pilots and controllers.</excerpt>', '<title>Influence of flight domain and cockpit display dynamics on pilot perceived clutter</title> <excerpt>Two analyses were conducted on three datasets from a series of aviation human factors experiments focused on the development and testing of measures of flight display clutter as well as the relation with flight task performance. The objectives of this study were to assess the effects of cockpit display dynamics and aircraft type on pilot perceptions of display clutter in simulated flight tasks through statistical analyses of the data gathered across the experimental studies.</excerpt>']"
12,38,12_cognitive effects on pilots,['cognitive effects on pilots'],"['<title>The effect of pilot age on perceptions of pilot performance and attitudes toward the implementation of ergonomic redesign interventions for older pilots</title> <excerpt>As the workforce increasingly ages, it will be critical to find ways of accommodating the decrements in abilities that come with age. Finding accommodations will be of particular concern for occupations such as airline pilot, in which small errors may result in fatal accidents.</excerpt>', ""<title>Expertise, Cognitive Ability, and Age Effects on Pilot Communication</title> <excerpt>We investigated whether expertise reduced age-related declines in pilot communication, using multiple expertise measures and laboratory tasks varying in domain relevance. Younger, middle-aged, and older pilots and nonpilots listened to air traffic control messages that described an aircraft's route through an airspace, while they referred to a chart of that airspace.</excerpt>"", ""<title>Reasons for eliminating the 'age 60' regulation for airline pilots</title> <excerpt>The calendar age of 60 is no longer medically justifiable as an upper age limit for airline pilots. Advances in gerontologic studies, clinical medicine, and operational flight proficiency evaluations, now allow individual pilot assessments for health status and performance capability.</excerpt>""]"
13,37,13_pilot stress management,['pilot stress management'],"['<title>Stress, Resilience, and Organizational Climate: A Study with Pilots of the Brazilian Air Force</title> <excerpt>Organizational climate, stress, resilience, and cortisol measures were investigated in pilots of the Brazilian Air Force (FAB). Studies indicate that these variables may be related to the physical and mental health, quality of life, and work of these professionals.</excerpt>', ""<title>Subjective stress assessment: a new, simple method to determine pilot workload</title> <excerpt>Charged with the preparation of an expert opinion concerning psychophysical workload on pilots, the Aviation Psychology Branch of the GAF/IAM studied the 'Subjective Stress Assessment' in which 217 Army, Air Force and Navy pilots filled in a standardized questionnaire. This questionnaire included 170 items to force the pilots into rating their on- and off-duty life; the answers of these people (117 jet, 41 multiple-prop, 14 single-engine, and 45 helicopter pilots) were evaluated quantitatively and qualitatively It may be said - with all reservations towards subjectivity of pilots' opinions - that the pilots' image certainly requires some corrections, in particular as it relates to the ideal and material assessment of the activities of the separate groups of jet, helicopter, and prop pilots.</excerpt>"", '<title>Occupational and psychosocial stress among commercial aviation pilots</title> <excerpt>The sources of occupational and domestic stress, together with life events and coping strategies, were assessed in terms of their influence on job dissatisfaction, mental health, and performance among a group of 442 commercial airline pilots. It was found that self-perceived poor performance was associated with job-related factors such as fatigue and anxiety about required courses, performance checks, and insufficient flying time, particularly among older pilots.</excerpt>']"
14,36,14_pilot performance assessment,['pilot performance assessment'],"[""<title>Pilots' attention distributions between chasing a moving target and a stationary target</title> <excerpt>INTRODUCTION: Attention plays a central role in cognitive processing; ineffective attention may induce accidents in flight operations. The objective of the current research was to examine military pilots' attention distributions between chasing a moving target and a stationary target.</excerpt>"", '<title>Effect of Pilot Expertise on Visual Scanning and Precision of Flight Maneuvers in Military Aviation</title> <excerpt>This study explored how expertise affects visual scanning strategies and the precision of flight maneuvers in military aviation. A total of 38 French Air Force pilots of three different expertise levels performed horizontal and vertical maneuvers in a flight simulator.</excerpt>', '<title>The Invisible Copilot?: Assessing Task Engagement and Team Dynamics in a Virtual Flight Environment Using Eye-Tracking Metrics</title> <excerpt>Gaze behavior represents a vital predictor of flight performance in pilots operating an aircraft. However, its role in collaborative settings with a copilot has been largely disregarded.</excerpt>']"
15,33,15_circadian rhythms and travel,['circadian rhythms and travel'],"['<title>Circadian rhythms in airline pilots submitted to long-haul transmeridian flights</title> <excerpt>Background: Circadian rhythms shift out of phase after transmeridian flights. Desynchronization between body rhythms and the environment is linked to jet lag, which depends on age, flight direction, and number of time zones crossed.</excerpt>', '<title>Eastward long distance flights, sleep and wake patterns in air crews in connection with a two-day layover</title> <excerpt>The present study describes the spontaneous sleep/wake pattern in connection with an eastward (Stockholm to Tokyo, +8 h) transmeridian flight and short (51 h) layovers. To describe all sleep episodes and the recovery process across 4 days, and to relate adjustment to individual differences, 49 Scandinavian Airlines System (SAS) air crew were monitored for 9 days with activity monitors and sleep/wake diary before-during-after flight.</excerpt>', ""<title>Flight attendants' desynchronosis after rapid time zone changes</title> <excerpt>The aim of the present study was to measure perceived effects of rapid time zone changes on flight attendants' sleep length, quality, adaptation, and recovery time, and to clarify the individuals factors related to perceived desynchronosis after time zone changes. The mean age of 285 female subjects was 35.0 years and that of 57 men was 34.1 years.</excerpt>""]"
16,32,16_aviation psychology insights,['aviation psychology insights'],"['<title>Selected papers from the First International Symposium on Aviation Psychology: I.</title>', '<title>Some lessons from aviation psychology</title>', '<title>Résumé of research in the psychology of aviation during the year 1919</title>']"
17,30,17_hypoxia effects on pilots,['hypoxia effects on pilots'],"['<title>Effects of Hypoxia on Selected Psychophysiological Stress Responses of Military Aircrew</title> <excerpt>There is a lack of information on the psychophysiological response of pilots under hypoxic conditions. The study of the physiological, psychological, cardiorespiratory, neurological, behavioural, sensory, and cognitive symptoms that may appear during training in hypobaric chambers is essential to optimize the training processes of aircrew members.</excerpt>', '<title>White matter integrity in high-altitude pilots exposed to hypobaria</title> <excerpt>INTRODUCTION: Nonhypoxic hypobaric (low atmospheric pressure) occupational exposure, such as experienced by U.S. Air Force U-2 pilots and safety personnel operating inside altitude chambers, is associated with increased subcortical white matter hyperintensity (WMH) burden.</excerpt>', ""<title>Flight performance during exposure to acute hypobaric hypoxia</title> <excerpt>INTRODUCTION: The purpose of the present study was to examine the influence of hypobaric hypoxia (HH) on a pilot's flight performance during exposure to simulated altitudes of 91, 3048, and 4572 m (300, 10,000, and 15,000 ft) and to monitor the pilot's physiological reactions. METHOD: In a single-blinded counter-balanced design, 12 male pilots were exposed to HH while flying in a flight simulator that had been placed in a hypobaric chamber.</excerpt>""]"
18,27,18_cognitive decision making in pilots,['cognitive decision making in pilots'],"['<title>Examining flight time, cognitive reflection, workload, stress and metacognition on decision making performance for pilots during flight\xa0simulation</title> <excerpt>Despite technological advancements, human decision errors still contribute to civil aviation accidents. This study investigated whether flight time, cognitive reflection, task-load, metacognition, and perceived stress predicted decision-making (DM) performance during two in-flight training simulations with 104 commercial pilots at Bogota International Airport.</excerpt>', '<title>Deliberate decision making by aircraft pilots: A simple reminder to avoid decision making under panic</title> <excerpt>The problem of poor decision making by pilots has been identified clearly as a significant contributor to aviation accidents. Various programs have been developed to address the problem and are being applied, principally in ab initio pilot training.</excerpt>', ""<title>Executive functions and pilot characteristics predict flight simulator performance in general aviation pilots</title> <excerpt>In general aviation, 85% of the crashes seem to be caused by pilots' errors (Li, Baker, Grabowski, & Rebok, 2001) and 46% of the crashes occur at airports (Li & Baker, 1999). It is important to determine if the same factors influence the flying performance and the landing decision making and to uncover which factors, among the pilot's cognitive status, personality traits, and experience, are the most predictive.</excerpt>""]"
19,26,19_situation awareness in pilots,['situation awareness in pilots'],"['<title>A Survey of Situation Awareness Requirements in Air-to-Air Combat Fighters</title> <excerpt>The situation awareness (SA) requirements of air-to-air fighter pilots were assessed through aseries of analyses, including (a) unstructured interviews, (b) goal-directed task analysis, and (c) structured questionnaires administered to experienced pilot subjects. The resultant requirements and information on the relative priority among elements are presented along with a methodology for determining SA requirements in various systems.</excerpt>', ""<title>Time Course of Anticipation in Pilots' Beyond-Visual-Range Situation Awareness</title> <excerpt>The study presented here aims to objectively measure the persistence in time of situation awareness (SA) in beyond-visual-range (BVR) situations. How long does a pilot maintain SA of air traffic communicated by radio? Overall, 63 participants (non-pilot and pilot trainees) had to position air traffic on a map based on radio calls.</excerpt>"", '<title>Evaluation of computer-based situation awareness training for general aviation pilots</title> <excerpt>This article describes the evaluation of 6 different computer-based training modules created to teach skills that underlie the development and maintenance of situation awareness, a competency shown to be critical in pilot decision-making performance. The modules targeted basic skills training for low-time pilots (checklist completion, air traffic control comprehension, psychomotor skills) as well as training on higher order cognitive skills (attention sharing, contingency planning) and intensive preflight planning.</excerpt>']"
20,26,20_pilot mental health issues,['pilot mental health issues'],"['<title>Student pilots referred to the neuropsychiatry branch, USAFSAM 1968-78: Implications for selection</title> <excerpt>The case records of 76 student aviators referred to the Neuropsychiatry Branch of the USAF School of Aerospace Medicine during the period 1968-78 are reviewed. Demograhic and diagnostic data are provided including source of recruitment, age, marital status, aircraft flown, flying hours, and diagnostic categories.</excerpt>', '<title>An orientation to aviation psychiatry with 30 case examples and a 10-year follow-up</title> <excerpt>This report orients general psychiatrists to assessment and care for “safety sensitive” aviation workers. Our case study of 30 sequential aviation patients consists of demographic, clinical, and aviation characteristics plus a 10-year follow-up.</excerpt>', '<title>Aviator Healthcare Hesitance: An Examination of Healthcare Avoidance, Pilot Mistrust, Presenteeism, & Risk</title> <excerpt>Safe aviation operations require pilots to maintain constant physical and psychological well-being. While the FAA and pilot advocacy organizations encourage aviators to discuss health concerns with their medical providers, studies demonstrate continued healthcare hesitance behaviors.</excerpt>']"
21,26,21_military psychology research,['military psychology research'],"[""<title>Some lasting consequences of US Psychology Programs in World Wars I and II</title> <excerpt>Applied research in psychology not only has contributed directly to societal advances but often has fostered basic research as well. Prominent examples are die programs directed by Yerkes in World War I to develop the Army Alpha test and several programs in World War II, including The American Soldier diat assessed soldiers' attitudes during the war; a program for selecting agents for the Office of Strategic Services; and the Aviation Psychology Program to select and classify applicants for flight training in the Army Air Forces.</excerpt>"", '<title>Clinical research in the Aviation Psychology Program of the Army Air Forces</title> <excerpt>During the past year there has been increased emphasis on the problems of training methods, instructor selection, selection of flying personnel for key positions in combat, and redistribution of returnees. Several significant studies utilizing clinical psychological methods are described in this report.</excerpt>', '<title>Psychological activities in the Training Command, Army Air Forces</title> <excerpt>The development of the Aviation Psychology Program in the AAF Training Command since an earlier report in 1943 (see 18: 1497) is treated, consisting largely of a report of the activities of the Psychological Section, Medical Division, Headquarters, AAF Training Command. The report is made under the following headings: mission of the section; organization and personnel; supervision of classification testing and processing; maintenance of basic data; development and validation of devices for predicting aircrew success; application of the classification test battery to other groups; training research problems; special research studies; publications; and prospectus.</excerpt>']"
22,25,22_fatigue in pilots,['fatigue in pilots'],"['<title>Are pilots at risk of accidents due to fatigue?</title> <excerpt>Problem: There is concern in the aviation community that pilot schedules can lead to fatigue and increased chance of an aviation accident. Yet despite this concern, there is little empirical analysis showing the relationship between pilot schedules and commercial aviation accidents.</excerpt>', '<title>Prevalence of fatigue among commercial pilots</title> <excerpt>Background: Short-haul pilots have largely been neglected in studies of fatigue, sleep loss and circadian disruption created by flight operations, but anecdotal evidence from pilots suggests that with the increasing amount of low-cost air travel, commercial pilots working short-haul operations may be becoming seriously fatigued. Aims: This study attempted to ascertain how much subjective fatigue short-haul pilots reported, and makes comparisons between low-cost and scheduled airline pilots.</excerpt>', '<title>Understanding Fatigue within a Collegiate Aviation Program</title> <excerpt>Objective: The purpose of this study was fivefold: to investigate the symptoms that would prompt collegiate aviation pilots perceive they are fatigued; to investigate the time of the day they are most fatigued; to investigate their academic and personal schedules; to investigate the methods collegiate aviation pilots utilize to ensure they are fit to fly; and to investigate whether they have received any academic and/or flight fatigue identification and management training. Background: Fatigue is a pervasive safety hazard in aviation affecting several aspects of flight crew members’ ability to perform their job.</excerpt>']"
23,23,23_long-duration space health,['long-duration space health'],"['<title>Medical problems of manned space flights onboard orbital stations</title> <excerpt>Medical aspects of crew safety and life support as well as biomedical investigations form part and parcel of the preparation and conduct of manned space programs. The list of biomedical problems related to these programs is very long.</excerpt>', '<title>Crew Autonomy During Simulated Medical Event Management on Long Duration Space Exploration Missions</title> <excerpt>Objective: Our primary aim was to investigate crew performance during medical emergencies with and without ground-support from a flight surgeon located at mission control. Background: There are gaps in knowledge regarding the potential for unanticipated in-flight medical events to affect crew health and capacity, and potentially compromise mission success.</excerpt>', '<title>A Qualitative Investigation of Space Exploration Medical Evacuation Risks</title> <excerpt>INTRODUCTION: Exploration beyond low Earth orbit requires innovative solutions to support the crew medically, especially as the opportunity for timely evacuation to Earth diminishes. This includes assessing the risks and benefits that a complicated medical evacuation (MEDEVAC) poses to the injured crewmember, the crew, and the mission.</excerpt>']"
24,22,24_flight anxiety research,['flight anxiety research'],"['<title>Behavior therapy and the treatment of flight phobia</title> <excerpt>Research since 1960 was reviewed to compare the relative efficacy of behavior therapy and other therapy modalities in the treatment of flight phobias in trained military aircrew, commercial flight crews, and civilian air travellers. Results indicated that treatment programs involving behavior therapy techniques appeared to have a higher success rate than treatment programs not involving these techniques, especially in cases of focal fear with acute onset under stressful conditions.</excerpt>', '<title>Covariation bias in flight phobics</title> <excerpt>Covariation estimates (CEs) between fear-relevant (FR) stimuli (slides of airplane crash sites) or fear-irrelevant (FI) stimuli (slides of airplanes in flight or mushrooms) and an aversive outcome (electrical shock)were examined in 15 flight phobics (high-fear participants) and 15 non-flight- phobic individuals (low-fear participants) by means of an illusory correlation experiment. In spite of a random relationship between all slide categories and outcome (illusory correlation), flight phobics exhibited a covariation bias and showed higher CEs for the contingency between FR slides and shocks than for the contingency between FI slides and shocks in a first experimental block.</excerpt>', '<title>Identification of features associated with flying phobia in aircrew</title> <excerpt>The psychological and physiological features of 20 aircrew consecutively referred for treatment of anxiety symptoms when flying were compared with a matched control group of uncomplaining aircrew. There were no significant differences between the two groups on psychometric tests of personality, though there were differences in skin conductance; the phobics had a higher rate of spontaneous fluctuation, and habituated less to a repeated auditory tone.</excerpt>']"
25,21,25_military stress responses,['military stress responses'],"['<title>Flight-associated cortisol dynamics and subjective assessments of pain and stress in fighter pilots: an exploratory study</title> <excerpt>Purpose: Operating a high-performance fifth-generation fighter jet is a potential stressor in which hypothalamic–pituitary–adrenal (HPA) axis dynamics may reflect the intensity of and adaptation to the stressor. The purpose of this study was to evaluate HPA axis activity in fighter pilots and explore whether indices of activity correlated with subjective indices of stress.</excerpt>', '<title>Hormonal responses of pilots to training flights: The effects of experience on apparent stress</title> <excerpt>Introduction: The levels of urinary noradrenaline (NAd), adrenaline (Ad) and salivary cortisol (Cor) were determined in student and instructor pilots during Phase 1 (training with propeller engine; PH1), and Phase 2 (training with jet engine; PH2) flight training. Methods: The subjects in PH1 were 30 students and 33 instructors, and in PH2 were 17 students and 15 instructors.</excerpt>', '<title>Salivary alpha-amylase activity and stress in Japan air self-defense force cargo pilots involved in Iraq reconstruction</title> <excerpt>Objectives: This study aimed to verify whether salivary α-amylase enzyme activity (Amy) is useful as a biomarker of stress in pilots working in a stressful environment. Methods: The subjects in this study were nine Japan air self-defense force pilots who participated in Iraq reconstruction support activity in Kuwait.</excerpt>']"
26,20,26_in-flight health impacts,['in-flight health impacts'],"[""<title>Inflight anxiety conditions presenting with ''break-off'' symptoms</title> <excerpt>The psychological dimension of disorientation is explored through two experienced pilots who developed inflight anxiety conditions. These were associated with ''break-off'' symptoms, which are inflight sensations of separation from the ground, the environment, and the aircraft.</excerpt>"", '<title>Impact of sound and vibration on health, travel comfort and performance of flight attendants and pilots</title> <excerpt>Noise and vibration affect flight attendants and pilots at their workplace in cabin and cockpit, respectively, besides numerous other physical environmental parameters, eg air quality, draft, temperature distribution, humidity, glare. Additionally, the physiological setting and psychological attitude modulate the impact of environmental parameters.</excerpt>', '<title>EEG Data Collected from Helicopter Pilots in Flight Are Sufficiently Sensitive to Detect Increased Fatigue From Sleep Deprivation</title> <excerpt>This investigation determined whether the electroencephalographic (EEG) changes associated with sleep deprivation could be reliably recorded from aviators flying standardized maneuvers in an aircraft. In-flight EEG data were recorded from 10 UH-60 helicopter pilots who were kept awake for approximately 26 hr.</excerpt>']"
27,20,27_cockpit alertness studies,['cockpit alertness studies'],"['<title>Synthesized warning messages: effects of an alerting cue in single- and multiple-function voice synthesis systems</title> <excerpt>The present study examined the effectiveness of preceding synthesized voice warning messages with an alerting cue as a function of the amount of information presented by the voice synthesizer and the workload level in the primary task. Subjects performed a simplified air traffic control task in which they were required to monitor two visual displays and to enter commands via a standard keyboard.</excerpt>', '<title>Failure to detect critical auditory alerts in the cockpit: Evidence for inattentional deafness</title> <excerpt>Objective: The aim of this study was to test whether inattentional deafness to critical alarms would be observed in a simulated cockpit. Background: The inability of pilots to detect unexpected changes in their auditory environment (eg, alarms) is a major safety problem in aeronautics.</excerpt>', '<title>Evaluating adaptive multisensory displays for target localization in a flight task</title> <excerpt>This study was designed to determine the efficacy of providing target location information via head-coupled visual and spatial audio displays presented in adaptive and nonadaptive configurations. Twelve United States Air Force pilots performed a simulated flight task in which they were instructed to maintain flight parameters while searching for ground and air targets.</excerpt>']"
28,20,28_air traffic controller traits,['air traffic controller traits'],"['<title>Psychological readiness of air traffic controllers for their job</title> <excerpt>This article highlights the importance of examining human factors in aviation, especially in air traffic control. It analyzes the factors affecting performance of air traffic controllers (ATC) and increase or decrease of security.</excerpt>', '<title>Do Personality Traits Predict Training Performance?: the Use of a Personality Questionnaire for Air Traffic Controller Selection</title> <excerpt>Most test batteries for the selection of ab initio air traffic controllers (ATCOs) include a personality questionnaire. However, the literature suggests that the relationship between personality and job performance is not straightforward: Correlations are found only for a limited set of personality factors, depend on job characteristics, and are at best small to moderate in size.</excerpt>', '<title>Personality makeup of the American air traffic controller</title> <excerpt>Based on scores from the Sixteen Personality Factor Questionnaire, the personality structure of 11,047 persons working as air traffic controllers, and 9886 persons applying for that job, was examined through factor analytic and analysis of variance techniques. It was concluded that air traffic controllers are superior to the general population in all characteristics of personality essential to performance of their work and, further, that applicants for these positions are even better qualified in certain respects..</excerpt>']"
29,20,29_communication in aviation safety,['communication in aviation safety'],"[""<title>Designing external aids that support older pilots' communication</title> <excerpt>Voice communication with air traffic control (ATC) taxes pilots' cognitive abilities, contributing to errors that reduce safety. External aids such as note-taking help pilots manage communication demands, and may especially benefit older pilots.</excerpt>"", '<title>Improving Pilot/Air Traffic Control Voice Communication in General Aviation</title> <excerpt>The influence of the air traffic control (ATC) message format and message length was investigated on the ability of general aviation pilots to read back ATC instructions. While flying a simulator, 12 pilots heard altitude and radio frequency instructions spoken in grouped format (""forty-one-hundred""), and 12 heard them sequentially (""four-thousand-one-hundred"").</excerpt>', '<title>An Investigation into the Factors that Affect Miscommunication between Pilots and Air Traffic Controllers in Commercial Aviation</title> <excerpt>Objective: The present research sought to investigate the communication performance of both native English sounding pilots and accented commercial pilots in two different phases of flight, the approach and departure phase of flight. Background: English language proficiency requirements, standardized phraseology, and readbacks are some of the proactive measures which the aviation industry employs to ensure effective communication.</excerpt>']"
30,19,30_pilot workload assessment,['pilot workload assessment'],"['<title>Comparison between artificial neural network and multilinear regression models in an evaluation of cognitive workload in a flight simulator</title> <excerpt>In this study, the performances of artificial neural network (ANN) analysis and multilinear regression (MLR) model-based estimation of heart rate were compared in an evaluation of individual cognitive workload. The data comprised electrocardiography (ECG) measurements and an evaluation of cognitive load that induces psychophysiological stress (PPS), collected from 14 interceptor fighter pilots during complex simulated F/A-18 Hornet air battles.</excerpt>', '<title>Heart Period as a Useful Index of Pilot Workload in Commercial Transport Aircraft</title> <excerpt>As part of a larger study of the validity and reliability of various workload measures for use in aircraft certification, heart period (a function of heart rate) was investigated. In two separate experiments, pilots flew either normal-workload or high-workload missions in a B-727 simulator to determine whether the measures could serve to discriminate between the two workload levels.</excerpt>', '<title>The Effect of Expertise during Simulated Flight Emergencies on the Autonomic Response and Operative Performance in Military Pilots</title> <excerpt>Heart rate variability (HRV) and performance response during emergency flight maneuvers were analyzed. Two expert pilots (ages 35 and 33) and two rookie pilots (ages 25) from the Portuguese Air Force participated in this case–control report study.</excerpt>']"
31,19,31_risk perception in pilots,['risk perception in pilots'],"['<title>Risk-taking Propensity: A Comparison between Pilots and Members of the General Population</title> <excerpt>Objective: The aim of this research was to understand risk, predictors of risk, and for pilots the relationship between personality as determined by the risk prediction scales and flight performance. Background: Risk-taking is a topic that draws attention because of its link with the causation of injury.</excerpt>', '<title>The effect of psychological risk elements on pilot flight operational performance</title> <excerpt>This study aims to examine the relationship between psychological risk elements and flight operation performance for airline pilots. First, the concept of “risky pilots” is discussed, and the existence of “risky pilots” is verified using a percentage analysis of flight exceedance events.</excerpt>', ""<title>Risk perception among general aviation pilots</title> <excerpt>Two measures of pilot risk perception are described. One measure assessed pilots' perception of the level of risk experienced by other, fictional, pilots, and the second measure assessed the pilots' perceptions of the level of risk they would experience if they were personally involved in a set of scenarios.</excerpt>""]"
32,18,32_weather decision-making in aviation,['weather decision-making in aviation'],"['<title>Pilots as Weather Briefers: The Direct Use of Aviation Weather Products by General Aviation Pilots</title> <excerpt>When planning a flight, pilots have traditionally consulted with trained weather briefers who gather, select, review, and to some extent interpret aviation weather products for them. Today, pilots can directly access these same weather products from their own computers, aircraft cockpits, and mobile devices, and choose to skip the services offered by weather briefers.</excerpt>', '<title>General Aviation Weather Alerting: The Effectiveness of Different Visual and Tactile Display Characteristics in Supporting Weather-Related Decision Making</title> <excerpt>Objective: This research analyzed the effects of weather technology interface characteristics on the quality and timeliness of weather-related decision making via mental workload and situational awareness (SA) metrics using flight training devices (FTDs) and follow-up in-flight validation testing. Background: A significant number of fatal general aviation (GA) accidents are attributable to pilots flying into instrument meteorological conditions without the necessary certification for safe operation.</excerpt>', '<title>Assessing General Aviation Pilots’ Understanding of Aviation Weather Products</title> <excerpt>Objective: The objective of this article was to develop a written examination to assess general aviation (GA) pilots’ understanding of aviation meteorology products. Background: Although the number of accidents in GA flight continues to decrease over time, one troubling situation is when pilots encounter hazardous weather.</excerpt>']"
33,16,33_pilot mental health risks,['pilot mental health risks'],"['<title>Pilot mental health, negative life events, and improving safety with peer support and a just culture</title> <excerpt>BACKGROUND: In the last 35 yr, 17 commercial aviation accidents and incidents, with 576 fatalities, could likely have been attributed to mental disease of a pilot. Screening tools for mental health risks in airline pilots are needed.</excerpt>', '<title>Fit for Flight? Inappropriate Presenteeism Among Swedish Commercial Airline Pilots and Its Threats to Flight Safety</title> <excerpt>Objective: The purpose of this cross-sectional survey study was to investigate the prevalence of presenteeism, attending work when ill, among Swedish commercial airline pilots and how presenteeism relates to mental health and flight safety. Background: Pilots are regulated to refrain from duty when their mental or physical state could endanger safety.</excerpt>', ""<title>Investigation of pilots' mental health and analysis of influencing factors in China: based on structural equation model</title> <excerpt>Background: Pilots' physical and mental health might be significant contributing factors to flight safety. Exploring pilots’ health-related quality of life (HRQoL) is crucial for aviation security, health management, and psychological security.</excerpt>""]"
34,16,34_military aircrew health,['military aircrew health'],"['<title>Syncope in aircrew</title> <excerpt>In a study of 47 aviator patients consecutively referred to U.S. Air Force School of Aerospace Medicine for evaluation of alteration of consciousness, 34 cases of syncope were identified.</excerpt>', '<title>Subjective response to negative air ion exposure</title> <excerpt>This study investigated specific subjective or psychological effects of relatively long exposure to negative ions generated by a conventional air purification device. Subjects - 24 males matched for age, education, physical condition, and smoking habits - were divided into a control (N=12) and an ion exposure group (N=12).</excerpt>', ""<title>Any nurse can prevent dehumanization by the CCU experience</title> <excerpt>This presentation deals with the Air Force Nurse as a novice assigned to a CCU area and her contributions to patient care as a member of the Air Force Health Care Team. The novice nurse's contributions to the patient's care lie in her ability to manage expected behavioral responses to the CCU experience even with a basic working knowledge of normal sinus rhythm and CPR procedure.</excerpt>""]"
35,15,35_alcohol influence on pilots,['alcohol influence on pilots'],"['<title>Effects of Low Blood Alcohol Levels On Pilots’ Prioritization of Tasks During a Radio Navigation Task</title> <excerpt>Eight pilots flew a specified cross-country route using radio navigation in a flight simulator with simulated air traffic control. Four of the pilots flew with a low blood alcohol level (BAL; mean BAL = 20.63 mg%).</excerpt>', '<title>The Effect of Low Blood Alcohol Levels on Pilot Performance in a Series of Simulated Approach and Landing Trials</title> <excerpt>Eight experienced pilots flew a series of approaches and landings in a simulator with the characteristics of a general aviation light twin. One half of the subjects were under the influence of low blood alcohol levels (mean = 11 mg%).</excerpt>', '<title>Professional Pilots’ Views of Alcohol Use in Aviation and the Effectiveness of Employee-Assistance Programs</title> <excerpt>Pilots holding the Airline Transport Pilot certificate were surveyed about the seriousness of the alcohol problem in various areas of aviation and about the importance of a number of possible reasons why a pilot might drink and fly. They also rated a number of actions in terms of their potential effectiveness for reducing inappropriate alcohol use, and they evaluated a number of characteristics of employee-assistance programs.</excerpt>']"
36,15,36_psychological contracts in aviation,['psychological contracts in aviation'],"['<title>Relationships among service climate, psychological contract, work engagement and service performance</title> <excerpt>The paper identifies relationships between cabin service directors and flight attendants and service climate, psychological contracts, work engagement, service performance and cue perception ability. We find that relational psychological contracts have a positive influence on work engagement; transactional psychological contracts have a negative influence on work engagement; work engagement has a positive influence on service performance; work engagement mediates the relationship between relational psychological contracts and service performance; service climate has a positive influence on service performance; and cue perception ability moderates the relationship between work engagement and service performance.</excerpt>', '<title>Workplace Support and Service - Oriented Organisational Citizenship Behaviour: The Mediating Role Of Psychological Empowerment And Affective Commitment</title> <excerpt>The purpose of this study is to examine the mechanism underpinning the relationship between perceived supervisor support, perceived organisational support, and service-oriented organisational citizenship behaviour. The data was collected from 250 flight attendants working in airline companies, and structural equation model modelling using M-plus 7.0 was employed to test the hypotheses.</excerpt>', '<title>Perceived organizational support as the mediator of the relationships between high-performance work practices and counter-productive work behavior: Evidence from airline industry</title> <excerpt>In light of Signaling theory, this study investigates the mediating role of perceived organizational support (POS) in the relationship between high-performance work practices (HPWPs) and counterproductive work behavior (CWB). Judgmental sample of flight attendants in Iran was used to asses this relationship.</excerpt>']"
37,15,37_flight attendants' health issues,"[""flight attendants' health issues""]","['<title>Risk factors associated with work-related musculoskeletal disorders among female flight attendants: using a focus group to prepare a survey.</title> <excerpt>In preparation for surveying female flight attendants about work-related musculoskeletal disorder risk factors and symptoms, a focus group study was completed with members of the target population. The aims of this study were to ensure completeness of a previously developed list of physically strenuous job tasks performed by female flight attendants and assess the clarity, appropriateness, and applicability of existing self-reported measures to be used in the survey.</excerpt>', '<title>Integrating qualitative methods into occupational health research: A study of women flight attendants</title> <excerpt>Aims: To identify possible work related sources of psychosocial stress in order to develop pertinent questionnaire items for a cross-sectional health survey of 3000 Italian women flight attendants, and to solicit suggestions on improving survey participation. Methods: Qualitative study in which 26 current and former women flight attendants participated: three focus groups of 6-7 participants each and six in-depth individual interviews.</excerpt>', '<title>Self perceived health and mental health among women flight attendants</title> <excerpt>Aims: The authors investigated associations of work related risk factors with self perceived health as less than ""good"" and psychological distress among Italian women flight attendants. Methods: The authors conducted a cross sectional survey on health and mental health among 1955 former and current flight attendants, using a postal questionnaire.</excerpt>']"
38,15,38_mindful safety in pilots,['mindful safety in pilots'],"['<title>Anticipated negative emotions effect on incident involvement among civil pilots</title> <excerpt>Introduction: Human factors have contributed to a constant increase in the level and numbers of aviation incident involvement. The primary objective of this study is to investigate the relationships between anticipated negative emotions (ANEs) and incident involvement among Chinese civil pilots.</excerpt>', '<title>The relationship between sense of calling and safety behavior among airline pilots: The role of harmonious safety passion and safety climate</title> <excerpt>Pilot safety behavior plays a crucial role in airlines safety performance and aviation safety, so it is vital to identify factors that may enhance pilot safety behavior and explore their mechanisms. Drawing upon self-determination theory, this study examines whether, how, and when the sense of calling influences pilot safety behavior from the perspective of occupational psychology.</excerpt>', '<title>Exploring the relationship between trait mindfulness and psychological adaptation from a network perspective: is there any difference between pilots and other non-pilot civil aviation employees?</title> <excerpt>To explore the role of trait mindfulness in the psychological adaptation of civil aviation personnel, and compare the importance of this role between airline pilots and other civil aviation practitioners. A total of 198 civil aviation pilots and 804 other civil aviation practitioners were recruited to complete surveys on mindfulness, SCL-90, job burnout, core self-evaluation, and psychological resilience.</excerpt>']"
39,15,39_crew dynamics in isolation,['crew dynamics in isolation'],"['<title>Summary of research issues in personal, interpersonal, and group dynamics</title> <excerpt>People working on space missions, whether they are crewmembers or Mission Control personnel, must interact in groups. Consequently, it is important to consider interpersonal and group dynamic issues to assure that mission goals are accomplished.</excerpt>', '<title>Organization, selection, and training of crews for extended spaceflight: Findings from analogs and implications</title> <excerpt>Ample research evidence from space analogs points to the crucial role that teamwork plays in the performance of small groups in isolation and confinement. This paper surveys findings about the impacts of group behavior and social interaction on crew morale, coordination, and productivity.</excerpt>', '<title>Content analysis of the crew communication with external communicants under prolonged isolation</title> <excerpt>Background: The communication between space crews and outside monitoring personnel in Mission Control gives us valuable information about crewmember psychological health. Studying the formal parameters of similar communication during ground-based space simulation missions helps us understand the psychological climate of confined groups over time, and this information can be applied to long-term space missions.</excerpt>']"
40,14,40_resource management training,['resource management training'],"['<title>Assessing the effectiveness of bridge resource management training</title> <excerpt>Bridge resource management (BRM) is the maritime equivalent of crew resource management (CRM), and has been used in the civilian maritime industry for over a decade. An evaluation of the effectiveness of the U.S.</excerpt>', '<title>MRM training, evaluation, and safety management</title> <excerpt>Maintenance resource management (MRM) programs started as training programs aimed at increasing the awareness regarding human performance limitations in the aviation maintenance environment. Since their inception in 1989, MRM programs in the United States have undergone 4 generations of development (Taylor & Patankar, 2001) and are currently morphing themselves yet again toward the 5th generation, one that incorporates a Federal Aviation Administration-approved voluntary error-reporting program such as the Aviation Safety Action Program (ASAP) or a generic or internal error-reporting program.</excerpt>', ""<title>Behavioral markers for crew resource management: A review of current practice</title> <excerpt>Developments in crew resource management (CRM) have progressed from the introduction of training programs to the evaluation of CRM skills, particularly for multicrew cockpits. European regulators responsible for flight operations and flight crew licensing (Joint Aviation Authorities, 1996, 1997) are introducing requirements for the training and assessment of pilots' nontechnical skills.</excerpt>""]"
41,13,41_individual differences in performance,['individual differences in performance'],"['<title>Goal Orientations and Performance: Differential Relationships Across Levels of Analysis and as a Function of Task Demands</title> <excerpt>Goal orientation and self-regulation theories were integrated to develop a multilevel framework aimed at addressing controversies regarding the magnitude and direction of goal orientation effects on performance. In Study 1, goal orientations were measured repeatedly whilst individuals performed an air traffic control task.</excerpt>', '<title>Cognitive and Noncognitive Determinants and Consequences of Complex Skill Acquisition</title> <excerpt>Integration of multiple perspectives on the determinants of individual differences in skill acquisition is provided by examination of a wide array of predictors: ability (spatial, verbal, mathematical, and perceptual speed), personality (neuroticism, extroversion, openness, conscientiousness, and agreeableness), vocational interests (realistic and investigative), self-estimates of ability, self-concept, motivational skills, and task-specific self-efficacy. Ninety-three trainees were studied over the course of 15 hr (across 2 weeks) of skill acquisition practice on a complex, air traffic controller simulation task (Terminal Radar Approach Controller; TRACON; Wesson International; Austin, TX).</excerpt>', '<title>An examination of the dynamic relationship between self-efficacy and performance across levels of analysis and levels of specificity</title> <excerpt>This research used resource allocation theory to generate predictions regarding dynamic relationships between self-efficacy and task performance from 2 levels of analysis and specificity. Participants were given multiple trials of practice on an air traffic control task.</excerpt>']"
42,13,42_antarctic research adaptation,['antarctic research adaptation'],"['<title>Individual traits, personal values, and conflict resolution in an isolated, confined, extreme environment</title> <excerpt>BACKGROUND: The study of personality traits, personal values, and the emergence of conflicts within groups performing in an isolated, confined, and extreme environment (ICE) may provide insights helpful for the composition and support of space crews for long duration missions. METHODS: Studied pre/post and over the 2-yr period of the investigation were 10 Danish military personnel deployed to stations in Greenland on a 26-mo staggered rotation.</excerpt>', '<title>Cross-cultural differences in psychosocial adaptation to isolated and confined environments</title> <excerpt>Introduction: Differences in patterns of psychosocial adaptation under conditions of prolonged isolation and confinement in Antarctica were examined to determine the extent to which they were influenced by national culture in general and the individualist-collectivist orientation of national cultures in particular. Methods: The Profile of Mood States and measures of structural and functional social support were administered over an 8-mo period (March through October) to 13 winter-over crews from 5 nations operating research stations in the Antarctic: United States (3 crews, n = 77), Poland (3 crews, n = 40), Russia (3 crews, n = 34), China (3 crews, n = 40), and India (1 crew, n = 26).</excerpt>', '<title>Predictors of behavior and performance in extreme environments: The antarctic space analogue program</title> <excerpt>Background: To determine which, if any, characteristics should be incorporated into a select-in approach to screening personnel for long- duration spaceflight, we examined the influence of crewmember social/demographic characteristics, personality traits, interpersonal needs, and characteristics of station physical environments on performance measures in 657 American men who spent an austral winter in Antarctica between 1963 and 1974. Methods: During screening, subjects completed a Personal History Questionnaire which obtained information on social and demographic characteristics, the Deep Freeze Opinion Survey which assessed 5 different personality traits, and the Fundamental Interpersonal Relations Orientation- Behavior (FIRO-B) Scale which measured 6 dimensions of interpersonal needs.</excerpt>']"
43,13,43_team performance dynamics,['team performance dynamics'],"['<title>The Effects of leadership style and primary task workload on team performance and Follower satisfaction</title> <excerpt>Previous research has indicated that the majority of errors made in aircraft cockpits are the result of faulty information transfer among members of the flight crew. This study examined the problem by manipulating leadership style and studying its effects on performance and satisfaction under conditions of high and low workload.</excerpt>', ""<title>Dyads and triads at 35,000 feet: Factors affecting group process and aircrew performance</title> <excerpt>Discusses the small-group performance situation involved in the task of flying a multipilot transport aircraft and research psychology's problems in defining the nature of the group process. Input variables (eg, task characteristics, reward structure, position power, stress levels) have been identified and related to the flightcrew process.</excerpt>"", '<title>Communication as group process mediator of aircrew performance</title> <excerpt>This study of group process was motivated by a high-fidelity flight simulator project in which aircrew performance was found to be better when the crew had recently flown together. Considering recent operating experience as a group-level input factor, aspects of the communication process between crewmembers (Captain and First Officer), were explored as a possible mediator to performance.</excerpt>']"
44,13,44_non-technical skills in aviation,['non-technical skills in aviation'],"['<title>An analysis of crew co-ordination problems in commercial transport aircraft</title> <excerpt>This paper describes a survey of co-ordination problems and attitudes amongst a sample of 250 commercial airline pilots. The results indicate that co-ordination problems are most likely when the workload is high.</excerpt>', '<title>Is It All about the Mission? Comparing Non-technical Skills across Offshore Transport and Search and Rescue Helicopter Pilots</title> <excerpt>Objective: The research objective of the current study was to examine and compare the non-technical skills utilized by search and rescue and offshore transport helicopter pilots. Background: Non-technical skills encompass the interpersonal and cognitive skills necessary for safe and efficient team performance in high-risk environments.</excerpt>', '<title>Investigating Non-Technical Skills in Scottish and English Aircraft Maintenance Teams Using a Mixed Methodology of Interviews and a Questionnaire</title> <excerpt>Objective: The aim of this study was to identify the non-technical skills used by aircraft maintenance crews. Background: Aircraft maintenance is a vital aspect of aviation, with failures in aircraft maintenance linked to one third of aircraft malfunctions.</excerpt>']"
45,12,45_astronaut effectiveness evaluation,['astronaut effectiveness evaluation'],"['<title>Assessments of astronaut effectiveness</title> <excerpt>This study examined the reliability and convergent validity of three methods of peer and supervisory ratings of the effectiveness of individual NASA astronauts and their relationships with flight assignments. These two techniques were found to be reliable and relatively convergent.</excerpt>', ""<title>Psychological evaluation of European astronaut applications: Results of the 1991 selection campaign</title> <excerpt>In the summer of 1991, the European Space Agency (ESA) performed its second selection campaign since 1977 in order to find 10 astronaut candidates (laboratory specialists and space plane specialists). An integral part of this selection process was the psychological evaluation, according to the principles laid down in the study report 'Definition of Psychological Testing of Astronaut Candidates.' After national preselection, 59 applicants underwent the psychological evaluation, which consisted of the assessment of operational aptitudes (basic cognitive and psychomotor functions) and personality traits (motivation, social capability, stress resistance).</excerpt>"", '<title>Astronaut Candidate, Candidate-Like, and Undergraduate Subjects Compared on Retention and Transfer</title> <excerpt>INTRODUCTION: The present study examined long-term retention and transfer of knowledge and skills, as well as the effect of cognitive load on retention and transfer, using a sample of astronaut candidates and two comparison groups. The first comparison group, recruited from Johnson Space Center, was similar in age, education, and general health to the astronaut candidate group; the second comparison group included university undergraduate students.</excerpt>']"
46,12,46_gender attitudes in aviation,['gender attitudes in aviation'],"[""<title>Development and validation of a measure to assess perceptions regarding gender-related pilot behavior</title> <excerpt>There are several stereotypes, prejudices and preconceptions regarding female aviators' abilities and the suitability of women for a career as professional aircraft pilots. This study reports on the development and validation of the Aviation Gender Attitude Questionnaire (AGAQ), which was designed to assess aviators' perceptions about gender-related pilot behavior.</excerpt>"", ""<title>Female United States Air Force (USAF) pilots: Themes, challenges, and possible solutions</title> <excerpt>Background: Identification of stresses of mixed-gender squadrons, attention to the psychological concerns of pilots in combat, and recognition of the difficulties of balancing a career and family are important in today's United States Air Force (USAF). What qualities are desirable in male and female pilots in combat situations, how do men and women view their career and family goals, and how do men and women work together in day-to-day squadron activities versus deployment and combat situations? Methods: A semi- structured clinical interview sought information about personal/family health, squadron relationships, and career/deployment stresses.</excerpt>"", ""<title>Female United States air force pilot personality: The new right stuff</title> <excerpt>With increasing numbers of female military pilots, it is important to understand the psychological and psychiatric gender differences of pilots. Using the 'big five' personality structure (neuroticism, extraversion, openness to new experiences, agreeableness, and conscientiousness), female United States Air Force pilots were compared with both male Air Force pilots and to a female comparison group.</excerpt>""]"
47,12,47_air traffic control performance,['air traffic control performance'],"['<title>Self-estimates of distractibility as related to performance decrement on a task requiring sustained attention</title> <excerpt>Increasing automation of air traffic control tasks may have the undesirable side effect of increased monotony as a result of the anticipated reduction in task demands. Since individuals who are unable to sustain attention under low task-load conditions would appear to be more likely to commit errors and be less able to handle a sudden emergency situation, it would seem desirable to examine the characteristics of individuals unable to sustain attention under these conditions.</excerpt>', '<title>Comparison of the vigilance performance of men and women using a simulated radar task</title> <excerpt>The present study examined the question of possible sex differences in the ability to sustain attention to a complex monitoring task requiring only a detection response to critical stimulus changes. The visual display was designed to approximate a futuristic, highly automated air traffic control radar display containing computer-generated alphanumeric symbols.</excerpt>', '<title>The Sustained Attention to Response Task (SART) does not promote mindlessness during vigilance performance</title> <excerpt>Objective: In this study, we evaluated the validity of the Sustained Attention to Response Task (SART) as a means for promoting mindlessness in vigilance performance.Background: Vigilance tasks typically require observers to respond to critical signals and to withhold responding to neutral events. The SART features the opposite response requirements, which supposedly leads it to promote a mindless, non-thoughtful approach to the vigilance task To test that notion, we compared the SART to the traditional vigilance format (TVF) in terms of diagnostic accuracy assessed through decision theory measures of positive and negative predictive power (PPP and NPP), perceived mental workload indexed by the Multiple Resource Questionnaire, and oculomotor activity reflected in the Nearest Neighbor Index and fixation dwell times.Method: Observers in TVF and SART conditions monitored a video display for collision flight paths in a simulated air traffic control task.Results: Diagnostic accuracy in terms of NPP was high in both format conditions.</excerpt>']"
48,12,48_health impacts on aviators,['health impacts on aviators'],"['<title>Cardiovascular reactivity to work stress predicts subsequent onset of hypertension: The air traffic controller health change study</title> <excerpt>Objective: The hypothesis that increased blood pressure reactivity to stress is an early risk marker of hypertension was tested in a 1994 follow-up of the 1974 to 1978 Air Traffic Controller Health Change Study sample. Methods: Assessments in 1974 to 1978 included physical examinations and recordings (every 20 minutes for 5 hours) of both workload (planes within controller airspace) and blood pressure reactivity.</excerpt>', '<title>Serum cholesterol levels in selected air force cadets compared with levels in the West Point study</title> <excerpt>In the USAFSAM Cardiovascular Disease Followup Study, the surprising rise in average cholesterol levels in West Point cadets during the 6 years following their entry into the U.S. Military Academy in 1952 implied a significant increase in risk of heart disease in later years.</excerpt>', '<title>Hypertension, Peptic Ulcer, and Diabetes in Air Traffic Controllers</title> <excerpt>The hypothesis that certain diseases might be unduly frequent in journeyman air traffic controllers working in towers and centers has been tested by reviewing the aeromedical certification examinations on 4,325 traffic controllers and 8,435 second class airmen. The subjects were all men who had an examination in 1969 to 1970 and at least one previous examination not more than two years before that.</excerpt>']"
49,12,49_aeromedical evacuation nursing,['aeromedical evacuation nursing'],"['<title>Experiences and perceptions of nurses and air ambulance service providers in carrying out aeromedical evacuations in Indonesia: A qualitative research</title> <excerpt>Background: Basic non-military flight nurse training is essential for enhancing nurses’ competency in conducting aeromedical evacuations. Trained nurses possessing flight nurse proficiency are indispensable for ensuring stable patient conditions amidst the unique physical, physiological, and psychological challenges encountered during flights.</excerpt>', '<title>Understanding post-deployment reintegration concerns among en route care nurses: A mixed-methods approach</title> <excerpt>The objective of this study was to better understand the post-deployment behavior health symptoms and readjustment/reintegration experienced by military nurses who provided en route care while serving in Operation Enduring Freedom/Operation Iraqi Freedom. Employing an exploratory, concurrent, mixed-methods design with an electronic survey consisting of several valid instruments and single, face-to-face interviews; data were gathered from 119 surveys and 22 interviews.</excerpt>', '<title>Care in the air: Bringing the wounded closer to home</title> <excerpt>Aeromedical evacuation (AE) is a system within the Air Force to provide patient care in the air during transport between levels of care. The system predominantly uses guard and reserve flight crew members who are arranged into rotations.</excerpt>']"
50,12,50_new missions and tests,['new missions and tests'],"['<title>A far from routine mission.</title>', '<title>Pilot beware!</title>', '<title>New Zealand, new life.</title>']"
51,12,51_cockpit display design,['cockpit display design'],"['<title>An information-centered analysis of the tunnel-in-the-sky display, Part one: Straight tunnel trajectories</title> <excerpt>The tunnel-in-the-sky display has the potential to become the primary flight display of future aircraft. To understand pilot interaction with a perspective tunnel display and to benefit from this understanding in display design, it is essential to investigate the manner in which pilots use the presented information.</excerpt>', '<title>Comparing text and graphics in navigation display design</title> <excerpt>Thirty-six pilots were tested in a flight simulator on their ability to decide which of 2 airports was furthest from a storm front, based on the manner in which information was presented on a navigational display. The results support the superiority of graphical over textual information display.</excerpt>', '<title>An Exploratory Study of Plan-View Terrain Displays for Air Carrier Operations</title> <excerpt>Two prototypical terrain situational awareness (TSA) displays were examined in a preliminary part-task simulation study using the MIT Aeronautical Systems Laboratory Advanced Cockpit Simulator. Pilots, qualified on auto flight aircraft, flew simulated approaches while using a moving-map terrain display in addition to typical glass-cockpit navigation displays.</excerpt>']"
52,11,52_cognitive load and performance,['cognitive load and performance'],"['<title>Cognitive workload and psychophysiological parameters during multitask activity in helicopter pilots</title> <excerpt>Background: Helicopter pilots are involved in a complex multitask activity, implying overuse of cognitive resources, which may result in piloting task impairment or in decision-making failure. Studies usually investigate this phenomenon in well-controlled, poorly ecological situations by focusing on the correlation between physiological values and either cognitive workload or emotional state.</excerpt>', '<title>EEG Dataset Collection for Mental Workload Predictions in Flight-Deck Environment</title> <excerpt>High mental workload reduces human performance and the ability to correctly carry out complex tasks. In particular, aircraft pilots enduring high mental workloads are at high risk of failure, even with catastrophic outcomes.</excerpt>', '<title>Investigating Offshore Helicopter Pilots’ Cognitive Load and Physiological Responses during Simulated In-Flight Emergencies</title> <excerpt>Objectives: This study was designed to explore pilots’ emergency response performance by collecting real-time physiological and cognitive workload data during pre-defined offshore helicopter scenarios in a flight simulator. Background: Qualification processes require helicopter pilots to complete scheduled simulation training to ensure competency in areas that would otherwise be too dangerous to practice while flying the actual helicopter.</excerpt>']"
53,11,53_rotary acceleration effects,['rotary acceleration effects'],"['<title>EFFECTS OF EXPOSURE TO A ROTATING ENVIRONMENT (10 RPM) ON FOUR AVIATORS FOR A PERIOD OF TWELVE DAYS</title>', ""<title>Rotary acceleration of a subject inhibits choice reaction time to motion in peripheral vision</title> <excerpt>Studied the effect of S's rotary acceleration upon choice reaction time (RT) to an accelerating target in peripheral vision, with the level of acceleration and the viewing angle of the visual target as variables. 12 commercial airline pilots were tested in a rotation device under conditions of visual stimulation alone and visual-plus-rotary stimulation.</excerpt>"", '<title>Visual reaction times during prolonged angular acceleration parallel the subjective perception of rotation</title> <excerpt>Investigated the effect of prolonged angular acceleration on choice reaction time to an accelerating visual stimulus, using 10 commercial airline pilots as Ss. The pattern of reaction times during and following acceleration was compared with the pattern of velocity estimates reported during identical trials.</excerpt>']"
54,11,54_air traffic control selection,['air traffic control selection'],"[""<title>Objective assessment of prior air traffic control-related experience through the use of an occupational knowledge test</title> <excerpt>The Occupational Knowledge Test (OKT) 101-B was administered to 784 air traffic control trainees who entered the FAA Academy's 16-week training course in 1976. All trainees completed the nonradar laboratory portion of the training and, in addition, completed a preemployment questionnaire.</excerpt>"", '<title>Imagery ability and air traffic personnel</title> <excerpt>The reliability and validity of procedures for selecting air traffic service personnel is a worldwide problem. There are practically no published research papers on standards, instruments, and procedures used to screen applicants for employment or training as air traffic control (ATC) personnel in New Zealand.</excerpt>', '<title>Toward the development of a new aptitude selection test battery for air traffic control specialists</title> <excerpt>In an effort to update and refine the selection battery for air traffic controllers, five experimental tests measuring aptitudes and skills considered important in air traffic work were administered to 1,828 newly selected air traffic control specialist (ATCS) trainees on their first day of training at the FAA Academy in Oklahoma City. The five experimental tests and the five tests presently used by the Office of Personnel Management (OPM) for selecting ATCS trainees were employed in an iterative stepwise regression (stepdown procedure).</excerpt>']"
55,11,55_pilot stress responses,['pilot stress responses'],"['<title>Catecholamine excretion in A-10 pilots</title> <excerpt>Catecholamine excretion was determined for 15 USAF pilots during surface attack training in the A-10 aircraft. Timed urine samples were used to determine excretion rates of epinephrine and norepinephrine during basal conditions, during five sorties performed in high-realism simulators, and during six actual flights.</excerpt>', '<title>Urinary catecholamine responses in F-15 pilots: Evaluation of the stress induced by long-distance flights</title> <excerpt>Included in the Cooperative Cope Thunder exercises from Japan to Alaska is one of the longest distance flight missions carried out by Japan Air-Self Defense Force F-15 pilots. The magnitude of the flight stress of these pilots is considered to be quite high.</excerpt>', '<title>Effects of flight workload on urinary catecholamine responses in experienced military pilots</title> <excerpt>Summary.-This study investigated the flight responses induced by strenuous acrobatic demonstration flight and an air-to-air combat maneuvering flight in experienced pilots. Subjects were 54 military male pilots on a volunteer basis: 8 T-4 pilots (M = 35.8 yr., SD = 4.9), 15 F-4 pilots (M = 32.6 yr., SD = 5.1), 13 F-15 pilots (M = 33.8 yr., SD=1.0), and 18 F-2 pilots (M = 33.7 yr., SD = 3.9).</excerpt>']"
56,10,56_aviation medicine development,['aviation medicine development'],"['<title>Unearthing airspace: the historical phenomenology of aviation artefacts</title> <excerpt>From wreck sites to former airfields, aviation archaeology has traditionally focused on the materiality of aircraft construction, modification and logistics. Rarely invoked, however, are the sensations of flight and the ways in which technology governs human interaction with the skies.</excerpt>', '<title>The early development of aviation medicine in the United States.</title>', ""<title>The highlights, and the lows, of aviation medicine in the 1940's: the human element.</title> <excerpt>This article describes the experience and knowledge gained by the author during an extensive study tour of the majority of aviation medicine centres in the United Kingdom, Canada, and the United States in 1942. The emphasis is upon the human element rather than the technical, and the contribution of thousands of scientists from medical, psychological, and allied disciplines whose dedication was vital to air supremacy.</excerpt>""]"
57,10,57_aviation psychology research,['aviation psychology research'],"['<title>Dichotic Listening and Psychomotor Task Performance as Predictors of Naval Primary Flight-Training Criteria</title> <excerpt>A statistical evaluation of the automated dichotic listening task (DLT) and psychomotor tasks (PMTs) indicated that both contributed to the prediction of primary flight-training criteria. Before the main analyses, the extreme skewness of the DLT and PMT error measures was corrected by log transformations, and between-squadrons differences in flight grades were removed by transformations based on z scores.</excerpt>', '<title>Psychological work in the United States Navy</title> <excerpt>""The Navy\'s recognition of the value of professional psychology is shown by the plans made for the use of psychologists as members of psychiatric selection boards, at aviation bases, and as selection officers. At the present time the billets available approximate fifty and there is encouraging progress in filling these."" (PsycINFO Database Record (c) 2006 APA, all rights reserved).</excerpt>', '<title>History, organization and research activities, Psychological Research Project (Navigator), Army Air Forces</title> <excerpt>The ninth in a series of reports describing the Aviation Psychology Program of the Army Air Forces, this article covers the work of the application of psychological and statistical techniques to research in navigation. It deals with the following points: (1) objective measures of skill in navigation; (2) research in training; (3) research on the selection of instructors; and (4) work in the Navigation Schools.</excerpt>']"
58,10,58_pilot health assessments,['pilot health assessments'],"['<title>Respiratory illness and allergy related to work and home environment among commercial pilots</title> <excerpt>The aim was to study associations between work and home environment and prevalence and incidence of respiratory health and a history of atopy in a 3-y cohort of commercial pilots. A questionnaire was mailed in 1997 to all pilots in a Scandinavian airline company (N = 622); 577 (93%) participated.</excerpt>', '<title>Acute effects of nicotine withdrawal syndrome in pilots during flight</title> <excerpt>Background: Pilots who smoke are occasionally obliged to abstain from nicotine intake during flight and may during this period exhibit certain symptoms leading to performance decrement. Methods: We studied 20 healthy male aviators, who were regular smokers, (mean age 33.7 ± 1.4 yr) operating military fixed- and rotary-wing aircraft (C-47 Dakota, F-16, A.</excerpt>', '<title>Sinusitis in pilots of different aircraft types: Is allergic rhinitis a predisposing factor?</title> <excerpt>Background: Despite the high association of allergic rhinitis and acute sinusitis, their exact relationship remains unclear, especially in pilots. The purpose of this study was to analyze the possible relationship of a history of allergic rhinitis with the occurrence of acute sinusitis in Israeli air force pilots.</excerpt>']"
59,10,59_high-g cognitive performance,['high-g cognitive performance'],"[""<title>AGSM proficiency and depression are associated with success of high-G training in trainee pilots</title> <excerpt>INTRODUCTION: High-gravity (G) training is used to educate trainee pilots about anti-G straining maneuvers (AGSM) in an environment similar to that of a real fighter aircraft, and to enhance their G tolerance. The success or failure of high-G training could be multifactorial, but most previous studies have only focused on the effect of pilots' physical condition.</excerpt>"", '<title>Effect of G suit type on cognitive performance</title> <excerpt>Background: Sustained acceleration protection ensembles are being developed to help pilots of high performance aircraft endure high G exposures for longer periods of time. It has been assumed that better G endurance confers better pilot task performance.</excerpt>', ""<title>Assessment of the anti-G straining maneuver (AGSM) skill performance and reinforcement program</title> <excerpt>Initial high-G centrifuge training of USAF fast jet pilots was instituted in 1985. Also, since the mid-1980's, pilot awareness of G-induced loss of consciousness (G-LOC) has been enhanced by briefings, videotapes, and safety articles.</excerpt>""]"
60,10,60_microgravity adaptation studies,['microgravity adaptation studies'],"[""<title>Synthesis of ethological studies on behavioural adaptation of the astronaut to space flight conditions</title> <excerpt>The motor behaviour of the astronaut as revealed in his movement, posture and orientation is treated as observable evidence of the subject's adaptation to space flight conditions. In addition to the conservative physiological homeostasies, the quantitative description of the astronaut's motor activity in microgravity is postulated in terms of an innovative regulation, within a temporal dynamic.</excerpt>"", '<title>Psychophysiological monitoring under conditions of real and simulated microgravity.</title> <excerpt>Dynamics of indices characterizing the process of adaptation of operators to complicated conditions of vital activity was studied with psychophysiological monitoring. This technique is based on the complex analysis of subjective and objective estimations of the current psychoemotional state and physiological and biochemical indices.</excerpt>', '<title>Self-motion perception: Assessment by computer-generated animations</title> <excerpt>The goal of this research is more precise description of adaptation to sensory rearrangements, including microgravity, by development of improved procedures for assessing spatial orientation perception. Thirty-six subjects reported perceived self-motion following exposure to complex inertial-visual motion.</excerpt>']"
61,10,61_cognitive effects of altitude,['cognitive effects of altitude'],"['<title>The effect of moderate levels of simulated altitude on sustained cognitive performance</title> <excerpt>Previous work has documented cognitive deficits at high altitudes (15,000-25,000 ft), but there is controversy for lower altitudes. This study looked at the effects of moderate altitudes - 12,500 ft and 15,000 ft - on short-term memory in comparison to 2,000 ft.</excerpt>', '<title>Cognitive performance deficits in a simulated climb of Mount Everest: Operation Everest II</title> <excerpt>Cognitive function as stimulated altitude was investigated in a repeated-measures, within-subject study of performance by seven volunteers in a hypobaric chamber, in which atmospheric pressure was systematically lowered over a period of 40 d to finally reach a pressure equivalent to 8,845 m, the approximate height of Mount Everest. The portable cognitive test battery used, Automated Performance Test System (APTS), was specifically designed for field research under adverse environmental conditions as evidenced by compact computer design; automated test administrations, data storage, and retrieval; psychometric properties of stability and reliability; and factorial richness.</excerpt>', '<title>Conscientiousness and work performance while suffering from acute mountain sickness: A case report</title> <excerpt>A 52-yr-old male scientist who participated in a geophysical survey in Antarctica from a field camp located at 3538 m (11,600 ft) experienced specific symptoms of acute mountain sickness (AMS) by Mission Day 9, and full syndrome AMS by Mission Day 12. He was treated at the field camp and evacuated to sea level on the next available flight (Mission Day 15).</excerpt>']"
62,10,62_crew interactions in space,['crew interactions in space'],"['<title>Ethical problems of interaction between ground-based personnel and orbital station crewmembers</title> <excerpt>Manned missions onboard orbital stations Salyut-6 and Salyut-7 have led us to the conclusion that a long-term space mission can be viewed as a complex socio-man-machine system whose effectiveness largely depends on the quality of interaction between its subsystems. When analyzing and assessing the reliability of this system, it is important to consider ethical aspects, because they concern human relations, permeating its very component and in the long run determining its efficiency.</excerpt>', '<title>Crewmember and mission control personnel interactions during international space station missions</title> <excerpt>Introduction: Reports from astronauts and cosmonauts, studies from space analogue environments on Earth, and our previous research on the Mir Space Station have identified a number of psychosocial issues that can lead to problems during long-duration space missions. Three of these issues (time effects, displacement, leader role) were studied during a series of long-duration missions to the International Space Station (ISS).</excerpt>', ""<title>Time effects, displacement, and leadership roles on a lunar space station analogue</title> <excerpt>INTRODUCTION: A space mission ' s crewmembers are the most important group of people involved and, thus, their emotions and interpersonal interactions have gained significant attention. Because crewmembers are confined in an isolated environment, the aim of this study was to identify possible changes in the emotional states, group dynamics, displacement, and leadership of crewmembers during an 80-d isolation period.</excerpt>""]"
63,10,63_future air traffic management,['future air traffic management'],"['<title>A Novel Approach Using Non-Experts and Transformation Models to Predict the Performance of Experts in A/B Tests</title> <excerpt>The European Union is committed to modernising and improving air traffic management systems to promote environmentally friendly air transport. However, the safety-critical nature of ATM systems requires rigorous user testing, which is hampered by the scarcity and high cost of air traffic controllers.</excerpt>', '<title>The Influence of Automation Support on Performance, Workload, and Situation Awareness of Air Traffic Controllers</title> <excerpt>A decision support tool, called Speed and Route Advisor (SARA), was developed at Schiphol Airport to help air traffic controllers achieve increased accuracy in traffic delivery. Its influence on controller performance, workload, and situation awareness was evaluated in a real-time simulation and in an operational trial.</excerpt>', ""<title>Air traffic controllers' performance in advance air traffic management system: Part I-performance results</title> <excerpt>The current air traffic management (ATM) system will soon reach its capacity limits, so new concepts for the future are being developed. Many proposed schemes include shifting the task of maintaining safe distances between aircraft to ground-based automation and assigning air traffic controllers a supervisory role.</excerpt>""]"
64,10,64_air force personnel mental health,['air force personnel mental health'],"[""<title>Reflexion about medical and psychological preparation of air force personnel; Considérations sur la préparation médico-psychologique des personnels de l'armée de l'Air</title> <excerpt>The medical and psychological preparation of personnel in the armed forces is designed to facilitate the adaptation of an individual, with all their singularities, to an environment with specific constraints. In an idealized flight operation that has become real thanks to the implementation of more and more sophisticated tools, Air Force personnel must deal with the dangers inherent in an aeronautical environment.</excerpt>"", '<title>Mood as a predictor of discharge from air force basic training</title> <excerpt>In order to determine the predictive validity of the Total Mood score, the Negative Mood Scale, and the Positive Mood Scale of the ST-Depression Adjective Check Lists (ST-DACL), the state version of lists C and D of the ST-DACL was administered on the second day of the Air Force basic training program to 229 newly enlisted Air Force recruits (men = 113; women = 116). Findings were that DACL total score yielded the best overall classification rate, the Positive Mood Scale was most related to predicting eventual discharge, and the Negative Mood Scale was best at predicting graduation..</excerpt>', ""<title>Influence of attitude and expectation on moods and symptoms during cold weather military training</title> <excerpt>The present study examined the influence of the following: 1) air temperature, 2) day into training, 3) self rating of life stress, 4) rating of relative warmth in cold weather, and 5) expectation for liking cold weather training, on 59 soldiers' self-reports of illness and mood during 3 days of training in the cold (-18° to 0°C range). Mood was assessed on six domains of the Profile of Mood States rating scale, and symptoms of illness were assessed on 5 domains of the Environmental Symptoms Questionnaire.</excerpt>""]"
65,10,65_performance and alertness in pilots,['performance and alertness in pilots'],"['<title>The effects of sleep deprivation on flight performance, instrument scanning, and physiological arousal in pilots</title> <excerpt>The effects of 34 hr of continuous wakefulness on flight performance, instrument scanning, subjective fatigue, and EEG activity were measured. Ten fixed-wing military pilots flew a series of 10 simulator profiles, and root mean squared error was calculated for various flight parameters.</excerpt>', '<title>The Effect of Caffeine and Sleep Quality on Military Pilot Students’ Flight Performance-Related Cognitive Function</title> <excerpt>Objective: To assess the effect of caffeine and sleep quality on the flight performance-related cognitive function. Background: High levels of cognitive performance in pilots is required for flight safety.</excerpt>', '<title>Sustaining female helicopter pilot performance with Dexedrine® during sleep deprivation</title> <excerpt>To investigate the efficacy of Dexedrine® for maintaining the performance of sleep deprived female aviators, 6 female UH-60 pilots were exposed to 2 40-hr sleep deprivation periods during which they alternately received Dexedrine® (3 10-mg doses) or placebo. Dexedrine improved 6 of 9 flight simulator maneuvers and enhanced general levels of alertness as measured by EEG and Profile of Mood States assessments.</excerpt>']"
66,10,66_sleep health in pilots,['sleep health in pilots'],"['<title>Restricted sleep and negative affective states in commercial pilots during short haul operations</title> <excerpt>This study aims to investigate (1) the relationship between restricted sleep and Heightened Emotional Activity (HEA) during normal flight operations, and (2) whether sleep patterns influence the strength of the HEA as a response to threats. Accident investigation reports continue to highlight the relationship between restricted sleep and poor safety outcomes.</excerpt>', '<title>Trends and individual differences in response to short-haul flight operations</title> <excerpt>A survey of airline pilots was undertaken to determine normative patterns and individual differences in mood and sleep during short-haul flight operations. The results revealed that over the course of a typical 2-d trip, pilots experience a decline in positive mood, or activity, and an increase in negative mood, or tension.</excerpt>', '<title>Sleep quality and stress: An investigation of collegiate aviation pilots</title> <excerpt>Objective: To investigate collegiate aviation pilots’ quality of sleep and psychological distress levels. Participants: Collegiate aviation pilots from a Code of Federal Regulations Part 141 four-year degree-awarding university in central Florida (N = 192).</excerpt>']"
67,10,67_prospective memory in aviation,['prospective memory in aviation'],"['<title>Applying Psychological Science to Examine Prospective Memory in Simulated Air Traffic Control</title> <excerpt>Failures to remember to perform deferred task actions in work settings such as air traffic control can have serious consequences. Most research examining the cognitive mechanisms underlying prospective memory has used simple, static tasks, which may make it difficult to generalize results to work settings.</excerpt>', '<title>Prospective Memory and Task Interference in a Continuous Monitoring Dynamic Display Task</title> <excerpt>Theories and methods from the prospective memory literature were used to anticipate how individuals would maintain and retrieve intentions in a continuous monitoring dynamic display task. Participants accepted aircraft into sectors and detected aircraft conflicts during an air traffic control simulation.</excerpt>', '<title>Using memory for prior aircraft events to detect conflicts under conditions of proactive air traffic control and with concurrent task requirements</title> <excerpt>In 2 experiments we examined the impact of memory for prior events on conflict detection in simulated air traffic control under conditions where individuals proactively controlled aircraft and completed concurrent tasks. Individuals were faster to detect conflicts that had repeatedly been presented during training (positive transfer).</excerpt>']"
68,9,68_space physiology assessment,['space physiology assessment'],"['<title>Psychomotor performance during a 28 day head-down tilt with and without lower body negative pressure</title> <excerpt>Several factors may affect psychomotor performance in space: sensory-motor changes, sleep disturbances, psychological modifications induced by the social isolation and confinement. However, psychomotor performance is difficult to assess.</excerpt>', '<title>Changes in Risky Behavior in Long-Term Head-Down Bed Rest and Relation to Psychological Status</title> <excerpt>INTRODUCTION: the present study aimed to investigate changes in risky behavior in a sample of 36 healthy men during a 90-d head-down bed rest (hDBR) experiment and examined whether psychological factors—general self-efficacy, stress, and recovery—could influence these changes. METHODS: subjects completed the Balloon analog Risk task (BaRt) and two psychological scales once during the acclimation period, six times during the hDBR period, and twice during the recovery period.</excerpt>', '<title>Outcome measure to assess head-down bed rest subject performance</title> <excerpt>Background: The purpose of the present study was to develop an objective outcome measure to assess the performance of head-down bed rest subjects. The rationale behind the development was that the current outcome measure is subjective and dependent upon how much the clinical psychologist knows about subject behaviors during the study to rate them accurately.</excerpt>']"
69,9,69_combat effectiveness assessment,['combat effectiveness assessment'],"[""<title>An adaptive private pilot certification exam</title> <excerpt>Adapting aviation certification exams to each examinee's ability may reduce administration costs and increase the accuracy of certification decisions. Several means of adapting exams are based upon item response theory.</excerpt>"", ""<title>Current trends in the usage of the Adaptability Rating for Military Aviation (ARMA) among USAF flight surgeons</title> <excerpt>The Adaptability Rating for Military Aviation (ARMA) is that portion of the initial flight physical that assesses an aviator candidate's motivation for and potential adaptability toward an aviation career. A survey was mailed to all USAF operational flight surgeons in the continental U.S.</excerpt>"", '<title>A comparison of three criteria of aircrew effectiveness in combat over Korea</title> <excerpt>This paper reports a study of three criteria of the performance of 94 B-29 aircrews which flew combat missions over Korea during the period March-September, 1951. The criteria were: (1) ratings by superiors of the performance of crews as units; (2) sociometric nominations from crew members; and (3) objective records of combat bombing accuracy.</excerpt>']"
70,9,70_virtual reality for flying phobia,['virtual reality for flying phobia'],"['<title>A novel treatment of fear of flying using a large virtual reality system</title> <excerpt>Background: Fear of flying (FoF), a common phobia in the developed world, is usually treated with cognitive behavioral therapy, most efficiently when combined with exposure methods, eg, virtual reality exposure therapy (VRET). We evaluated FoF treatment using VRET in a large motion-based VR system.</excerpt>', '<title>Relaxation with immersive natural scenes presented using virtual reality</title> <excerpt>INTRODUCTION: Virtual reality (VR) can provide exposure to nature for those living in isolated confined environments. We evaluated VR-presented natural settings for reducing stress and improving mood.</excerpt>', '<title>The treatment of fear of flying: A controlled study of imaginal and virtual reality graded exposure therapy</title> <excerpt>The goal of this study was to determine if virtual reality graded exposure therapy (VRGET) was equally efficacious, more efficacious, or less efficacious, than imaginal exposure therapy in the treatment of fear of flying. Thirty participants (Age = 39.8 ± 9.7) with confirmed DSM-IV diagnosis of specific phobia fear of flying were randomly assigned to one of three groups: VRGET with no physiological feedback (VRGETno), VRGET with physiological feedback (VRGETpm), or systematic desensitization with imaginal exposure therapy (IET).</excerpt>']"
71,9,71_heat stress and performance,['heat stress and performance'],"['<title>The effects of core temperature elevation and thermal sensation on performance</title> <excerpt>A liquid-condition suit was used to obtain a state of raised body temperature in conjunction with skin temperatures compatible with sensations of thermal comfort. This condition produced a similar increase in speed of performance on a high-level reasoning test which has been found in previous experiments, but no decrement in score.</excerpt>', '<title>Physiological and psychological effects of heat stress simulating cockpit conditions</title> <excerpt>It is generally accepted that physiologically tolerable heat stress can adversely affect human performance, but it is difficult to predict the impact of a specific environment. Experiments were designed to determine the effects of thermal conditions similar to those occurring in aircraft cockpits in warm climates, where both high air temperatures and radiant heat play important roles.</excerpt>', '<title>Effects of wearing aircrew protective clothing on physiological and cognitive responses under various ambient conditions</title> <excerpt>Heat stress can be a significant problem for pilots wearing protective clothing during flights, because they provide extra insulation which prevents evaporative heat loss. Heat stress can influence human cognitive activity, which might be critical in the flying situation, requiring efficient and error-free performance.</excerpt>']"
72,9,72_ethical dilemmas in psychology,['ethical dilemmas in psychology'],"['<title>Common sense reasoning for detection, prevention, and mitigation of cyberbullying</title> <excerpt>Cyberbullying (harassment on social networks) is widely recognized as a serious social problem, especially for adolescents. It is as much a threat to the viability of online social networks for youth today as spam once was to email in the early days of the Internet.</excerpt>', ""<title>The ethics of psychology's role in politics and the development and institution of social policy</title> <excerpt>The relationship between psychological research and the development of social policy is controversial, as is any discussion of the role of values and morals within science. Three particular instances of this controversy are evident in psychological research conducted on affirmative action, child abuse, and abortion.</excerpt>"", '<title>""MySpace"" or yours? The ethical dilemma of graduate students\' personal lives on the internet</title> <excerpt>The booming popularity of the Internet, and particularly increasing use of personal Web sites, social networking sites, and blogging, raises questions regarding the ethical use of psychology graduate students\' personal online information for academic purposes. Given rising controversies such as use of such information to screen applicants, I refer to the principles and standards of the Ethics Code of the American Psychological Association (2002) to examine ethical concerns associated with graduate students\' personal information on the Internet, namely, the protection of privacy, use of informed consent, consideration of autonomy, and implications for students\' clinical work.</excerpt>']"
73,9,73_pilot safety behavior,['pilot safety behavior'],"['<title>Assessing Locus of Control in Pilots: Psychometric Evaluation of a Self-Report Measure</title> <excerpt>The present study systematically assessed the factor structure, internal consistency, and construct validity of the Aviation Safety Locus of Control scale (ASLOC) on 476 European pilots (4.6% female). Independent confirmatory factor analyses showed a strong correlation between the latent factors of Internal and External LOC, justifying proceeding with a one-factor solution (assessing internal LOC after reversescoring items).</excerpt>', ""<title>More experience might not bring more safety: Negative moderating effect of pilots’ flight experience on their safety performance</title> <excerpt>Objective: This study aimed to improve our understanding of the relationship between pilots' total flight hours (TFH), levels of hazardous attitude (HA), and flight safety performance. Background: The negative effect of airline pilots' flight experience on safety performance has received attention but has not been extensively investigated.</excerpt>"", ""<title>Threat anticipation and proactive response: The effect of defensive pessimism strategy on pilots' safety behavior</title> <excerpt>Human error is a significant cause of aviation accidents, and numerous individual psychological factors strongly influence pilots' safety behavior. Therefore, it is crucial to identify factors that may enhance pilots' safety behavior and explore their underlying mechanisms.</excerpt>""]"
74,9,74_medical certification of pilots,['medical certification of pilots'],"['<title>Medical Reporting Behavior of Military, Commercial, and General Aviation Pilots</title> <excerpt>INTRODUCTION: Pilots are undoubtedly among employees who undergo rigorous medical evaluations to ensure they are fit to fly. However, accidents like the Germanwings Flight 9525 highlight that medically unfit individuals can still end up in the cockpit.</excerpt>', '<title>Medical disqualification of 275 commercial pilots: Changing patterns over 20 years</title> <excerpt>Introduction: The medical requirements for commercial pilots are issued by the ICAO and the European aviation safety organization JAA. In Norway, the Aeromedical Section of the Civil Aviation Authority assesses whether pilots are medically fit to fly.</excerpt>', '<title>Grounding of Pilots: Medical Reasons and Recommendations for Prevention</title> <excerpt>BACKGROUND: this article presents the results of an EASA-commissioned study aimed at analyzing the medical causes of grounding of a broad European pilot population and recommending measures to reduce the risk of in-flight incapacitation in commercial air transport pilots. method: European National Aviation Authorities (NAAs) were requested to provide data concerning the total number of pilots that were examined, their age and license category, number of unfit pilots, and the medical causes of each case of grounding.</excerpt>']"
75,9,75_stress detection in aviation,['stress detection in aviation'],"['<title>Emotion Transition Recognition Using Multimodal Physiological Signal Fusion</title> <excerpt>Most existing emotion recognition studies rely on discrete stimulus paradigms under controlled laboratory conditions, failing to capture the inherently dynamic and transitional nature of emotional states encountered in real-world operational environments. To address this gap, we propose a novel approach for emotion transition recognition using multimodal physiological signal fusion.</excerpt>', ""<title>Non-Contact Negative Mood State Detection Using Reliability-Focused Multi-Modal Fusion Model</title> <excerpt>Negative mood states include tension, depression, anger, fatigue, and confusion, which represent the weak internal emotions of a human. Negative mood states exert adverse impact on individuals' ability to make rational decisions, which entails the practicable method of negative mood state detection.</excerpt>"", '<title>Analysis of the human voice as a method of controlling emotional state: Achievements and goals</title> <excerpt>Background factors and those of formant structure, spectral and spectro temporal characteristics of rapid and slow speech components, temporal peculiarities, and intensity of speech turned out to be informative indices of the human emotional state. Application of mathematical methods, in particular methods of recognition theory, to these factors helped to assess the degree and the psychological sign of emotion, to diagnose the status of attention and fatigue, and to differentiate emotional and physical stress.</excerpt>']"
76,9,76_spatial disorientation indicators,['spatial disorientation indicators'],"['<title>Pilot Performance on Original and Modified Attitude Indicators with and without Acute Stress</title> <excerpt>INTRODUCTION: S patial disorientation and stress pose significant threats to flight safety. The attitude indicator (AI) is crucial for pilots to maintain spatial orientation.</excerpt>', '<title>Attitude Indicator Design in Primary Flight Display: Revisiting an Old Issue With Current Technology</title> <excerpt>Objective: The experiments investigated the “old issue” of the attitude indicator’s moving-horizon versus moving-aircraft format with current primary flight display technology. Of interest was whether the effects found in earlier studies, favoring the moving-aircraft format, could be replicated with most recent technology including extended horizon displays, which depict the artificial horizon extended over the whole screen with overlaying speed and altitude scales (eg, B787).</excerpt>', '<title>Unknown-attitude recoveries using conventional and terrain-depicting attitude indicators: Difference testing, equivalence testing, and equivalent level of safety</title> <excerpt>The objectives of this study were to assess the effects of differing formats of forward-looking primary flight display (PFD; electronic attitude-direction indicator, full-color terrain, uniformly brown terrain) on general aviation (GA) pilot recoveries from unknown attitudes and to determine if recovery assistance embodied in the display could be useful. Total recovery times and control reversals were examined as indexes of performance for 40 GA pilots, and the recovery times were subjected to a comparative analysis using both a parametric difference analysis and an equivalence testing technique.</excerpt>']"
77,9,77_job satisfaction during covid,['job satisfaction during covid'],"['<title>The Effect of Psychological Anxiety Caused by COVID-19 on Job Self-Esteem and Job Satisfaction of Airline Flight Attendants</title> <excerpt>This study aimed to investigate how psychological anxiety caused by COVID-19 has influenced airline cabin crew job self-esteem and job satisfaction. A questionnaire based on prior research was developed to identify factors of psychological anxiety among cabin crews as a result of COVID-19.</excerpt>', ""<title>A comparative analysis of job satisfaction among military and airline pilots: During, and post COVID-19</title> <excerpt>This research aimed to examine the impact of the COVID-19 pandemic on the Job Satisfaction of military and airline pilots, in order to identify factors that influence the sustainability of aviation operations during global economic shocks, through the prism of industrial and organizational (I/O) psychology. The primary focus was on identifying factors linked to pilots' Job Satisfaction differentiations over the time course of the pandemic, and proposing measures to mitigate their negative effects.</excerpt>"", '<title>Impact of COVID-19 on Job Satisfaction: The Case of Military and Airline Pilots</title> <excerpt>Objective: To investigate how the COVID-19 pandemic has affected the military and airline pilots’ Job Satisfaction (JS), and identify important contributory factors to support the development of future mitigating strategies. Background: The aviation industry has undergone a series of devastating changes since the onset of the COVID-19 pandemic.</excerpt>']"
78,8,78_cognitive assessment in pilots,['cognitive assessment in pilots'],"['<title>Consistency of the Relations of Cognitive Ability and Personality Traits to Pilot Training Performance</title> <excerpt>The predictive validity of cognitive ability and personality traits was examined in large samples of U.S. Air Force pilot trainees.</excerpt>', '<title>Cognitive evaluation of Israeli air force pilot cadets</title> <excerpt>OBJECTIVE: In aviation psychology, there is a constant need for the cognitive evaluation of pilots as part of operational fitness and safety criteria. METHODS: A cross-sectional study with comparison between the performance of Israeli Air Force pilot cadets (N = 318) and U.S.</excerpt>', '<title>Investigating the Validity of Previous Flying Experience, Both Actual and Simulated, in Predicting Initial and Advanced Military Pilot Training Performance</title> <excerpt>This study examined the validity of cognitive ability, previous flying experience, and a simulation in predicting the job knowledge and flying performance of military pilots undergoing training. Archival data were analyzed for 300 Canadian pilot candidates who attempted entry-level military pilot training and 150 candidates who completed intermediate-level training on fixed-wing aircraft.</excerpt>']"
79,8,79_ejection-related psychological impacts,['ejection-related psychological impacts'],"['<title>The emotional consequences of ejection, rescue and rehabilitation in Royal Air Force aircrew</title> <excerpt>Retrospective questionnaire information was sought from 175 Royal Air Force officers who had survived ejection from an aircraft and 88% replied. A profile of risk factors, both objective and subjective, was found in the 40% who subsequently experienced prolonged emotional disturbances.</excerpt>', '<title>Ejection in hostile environments: Medico-psychological aspects for the fighter pilot</title> <excerpt>Introduction: In the French Air Force, commitment of fighter squadrons in Afghanistan revives the fear among pilots of being ejected in a hostile environment, along with the prospect of being captured. Clinical Observations: Although ejection in a hostile environment is an exceptional event, it is what flight crews fear most strongly over enemy territory.</excerpt>', '<title>Psychological aspects of aircrews involved in escape and evasion activities</title> <excerpt>The experiences of 200 Air Force aircrewmen who were forced to abandon the safety of their aircraft and survive until rescue in the Southeast Asia area were evaluated. Primary emphasis was upon the emotional reactions of these individuals to the experiences, rather than to a specific summary of equipment breakdown or procedural failures.</excerpt>']"
80,8,80_aircrew neck and back pain,['aircrew neck and back pain'],"[""<title>Back pain and its consequences among Polish Air Force pilots flying high performance aircraft</title> <excerpt>Objectives: Back pain in Air Force fast jet pilots has been studied by several air forces and found to be relatively common. The objective of the study was to determine the prevalence and degree of the pain intensity in the cervical, thoracic and lumbar spine, subjective risk factors and their effect on the pilots' performance while flying high maneuver aircrafts and the consequences for cognitive deficiencies.</excerpt>"", '<title>Performance Optimization and Injury Mitigation for Air Force Student Fighter Pilots</title> <excerpt>Introduction: Military fighter aircrew report high rates of cervical pain and injury. There is currently no consensus regarding the best training methods for this population.</excerpt>', '<title>Evaluating the Impact of a Spine Training Program on Air Force Student Fighter Pilots</title> <excerpt>Introduction: A 2022 survey conducted by Headquarters Air Combat Command Aircrew Performance Branch found that 98% of fighter aircrew reported flight-related neck pain during their career. Despite the high prevalence of neck pain and growing operational demands, there remains no consensus regarding best practices for mitigating aircrew pain and injury.</excerpt>']"
81,8,81_fatigue in pilots,['fatigue in pilots'],"[""<title>Posturographic balance's validity in mental and physical fatigue assessment among cadet pilots</title> <excerpt>BACKGROUND: Postural control is adversely affected by mental and physical fatigue, but its validity in fatigue assessment has not been investigated systemically among pilots. We explored the correlations of posturographic balance with physiological and psychological signals among cadet pilots.</excerpt>"", ""<title>The Feeling of Fatigue Scale for Brazilian Fighter Pilots</title> <excerpt>INTRODUCTION: Fighter pilots are a population particularly vulnerable to developing mental fatigue, which puts the safety of military operations at risk. Although there is no gold standard tool for its assessment, Yoshitake's Feeling of Fatigue Scale (FFS) appears promising for application to fighter pilots as it has already been validated for Brazilian commercial airline pilots.</excerpt>"", '<title>Detecting fatigue in car drivers and aircraft pilots by using non-invasive measures: The value of differentiation of sleepiness and mental fatigue</title> <excerpt>Introduction: Fatigue is one of the most crucial factors that contribute to a decrease of the operating performance of aircraft pilots and car drivers and, as such, plays a dangerous role in transport safety. To reduce fatigue-related tragedies and to increase the quality of a healthy life, many studies have focused on exploring effective methods and psychophysiological indicators for detecting and monitoring fatigue.</excerpt>']"
82,8,82_physiological responses to environments,['physiological responses to environments'],"['<title>In-flight urine collection device: Effi cacy, maintenance, and complications in U-2 pilots</title> <excerpt>Introduction: Urine collection systems for in-flight use have gradually improved over the past 50 yr; however, current management of urine evacuation remains suboptimal. This is a cross-sectional survey-based study on the current urine collection device employed in the U.S.</excerpt>', '<title>Sensory-Based Alterations and Countermeasures in Spaceflight and Spaceflight Analogs</title> <excerpt>INTRODUCTION: long-duration spaceflight and isolated, confined, and extreme environments present various challenges to crewmembers. One less-frequently discussed challenge is altered sensory inputs and how they can adversely affect cognition and performance.</excerpt>', ""<title>Human whole body exposure to infrasound</title> <excerpt>Four male subjects were exposed to infrasound ranging from 1 through 20 Hz for a period of 8 min up to levels of 144 dB re 20 micropascal. There was no objective evidence (including audiograms) of any detrimental effect due to infrasound; however, all subjects experienced painless 'pressure build up' in the middle ear that was relieved by valsalva maneuver or by cessation of infrasound, and voice modulation and body vibration consistently occurred.</excerpt>""]"
83,8,83_pilot health interventions,['pilot health interventions'],"['<title>A Contactless App-Based Intervention to Improve Health Behaviors in Airline Pilots: A Randomized Trial</title> <excerpt>Introduction: There is a need for enhanced preventive health care among airline pilots to mitigate the prevalence of cardiometabolic health risk factors. Study design: A randomized, waitlist-controlled trial was utilized to evaluate the effectiveness of a smartphone-based app intervention for improving health behaviors and cardiometabolic health parameters.</excerpt>', '<title>Quick coherence technique facilitating commercial pilots’ psychophysiological resilience to the impact of COVID-19</title> <excerpt>This study investigates the effect of quick coherence technique (QCT) on commercial pilots’ resilience to the unprecedented impact of a pandemic. Eighteen commercial pilots voluntarily participated in a 2-day training course on QCT followed by 2 months of self-regulated QCT practicing during controlled rest in the flight deck and day-to day life.</excerpt>', '<title>The effectiveness of a 17-week lifestyle intervention on health behaviors among airline pilots during COVID-19</title> <excerpt>Purpose: The aim of this study was to evaluate the efficacy of a 17-week, 3-component lifestyle intervention for enhancing health behaviors during the coronavirus disease 2019 (COVID-19) pandemic. Methods: A parallel-group (intervention and control) study was conducted amongst 79 airline pilots over a 17-week period during the COVID-19 pandemic.</excerpt>']"
84,8,84_helicopter flight dynamics,['helicopter flight dynamics'],"['<title>The Role of the Helicopter Pilot in Terms of Relevant Requirements for Helicopter Takeoff</title> <excerpt>Currently, the German Aerospace Center performs research on assistance systems for helicopters that help pilots to perform their missions even in bad weather conditions. One part of the assistance system is the navigation system with automatic flight path planning.</excerpt>', '<title>Helicopter pilots’ views of air traffic controller responsibilities: a mismatch</title> <excerpt>Controllers and pilots must work together to ensure safe and efficient helicopter flight within the London control zone. Subjective ratings of pilot perception of controller responsibility for five key flight tasks were obtained from thirty helicopter pilots.</excerpt>', '<title>The differential effect of sustained operations on psychomotor skills of helicopter pilots</title> <excerpt>INTRODUCTION: Flying a helicopter is a complex psychomotor skill requiring constant control inputs from pilots. A deterioration in psychomotor performance of a helicopter pilot may be detrimental to operational safety.</excerpt>']"
85,8,85_underwater stress response,['underwater stress response'],"['<title>Stress and coping in a week-long disabled submarine exercise</title> <excerpt>Background: Emotional stress could impair cognitive performance and decision-making in the initial period within a disabled submarine (SUBSUNK). The aim of the present study was to explore stress reactions over time in submarine crewmembers exposed to a simulated SUBSUNK trial.</excerpt>', '<title>Acute exposure to low-to-moderate carbon dioxide levels and submariner decision making</title> <excerpt>BACKGROUND: Submarines routinely operate with higher levels of ambient carbon dioxide (CO<inf>2</inf>) (ie, 2000 - 5000 ppm) than what is typically considered normal (ie, 400 - 600 ppm). Although significant cognitive impairments are rarely reported at these elevated CO<inf>2</inf> levels, recent studies using the Strategic Management Simulation (SMS) test have found impairments in decision-making performance during acute CO<inf>2</inf> exposure at levels as low as 1000 ppm.</excerpt>', '<title>Psychophysiological stress response in an underwater evacuation training</title> <excerpt>Background: This research aimed to analyze the psychophysiological stress response of air crews in an underwater evacuation training. Materials and Methods: We analyzed in 36 participants (39.06 ± 9.01 years) modifications in the rating of perceived exertion (RPE), subjective stress perception (SSP), heart rate (HR), blood oxygen saturation (BOS), cortical arousal (critical flicker fusion threshold, CFFT), heart rate variability (HRV), spirometry, isometric hand strength (IHS), and short-term memory (ST-M) before and after an underwater evacuation training.</excerpt>']"
86,8,86_high-stakes pilot training,['high-stakes pilot training'],"['<title>Pilot training in our time - use of flight training devices and simulators</title> <excerpt>The challenge of pilot training include adapting to an industry in which the environment is formed by steep upturns and downturns, cut-throat competition, and advanced technology that continues to change the role of the pilot and in which safety always must match the continuously increasing demands of efficiency. The pilot training performed at flight training organisations (FTOs) is the fundament in the education of captains and first officers who will be able to manage the operational “sharp end” of this environment.</excerpt>', '<title>Selection and training of aircraft pilots</title> <excerpt>The airplane used in modern war has reached, or will soon reach, a performance ""beyond the capacity of the human being who must fly it."" Climbing, crusing, and diving speeds bring problems of aero-embolism (bends), anoxia, ""blackout,"" loss of effectiveness through low temperatures, etc. The necessity arises for choosing only those candidates for training who show marked aptitude for flying.</excerpt>', ""<title>The Development of a Measure to Assess Perceptions of the Advanced Aircraft Training Climate</title> <excerpt>Training attitudes and airline pilots' specific learning experiences are antecedents, which affect human behavior on the flight deck in various ways. This article reports on the development and psychometric evaluation of a scale to assess aviators' perceptions of the training environment associated with technologically complex advanced aircraft.</excerpt>""]"
87,8,87_pilot performance assessment,['pilot performance assessment'],"['<title>Interrater Reliability at the Top End: Measures of Pilots’ Nontechnical Performance</title> <excerpt>Objective: The aim of this study was to analyze influences on interrater reliability and within-group agreement within a highly experienced rater group when assessing pilots’ nontechnical skills. Background: Nontechnical skills of pilots are crucial for the conduct of safe flight operations.</excerpt>', '<title>Assessing and Improving Evaluation of Aircrew Performance</title> <excerpt>Evaluation of aircrew performance serves the critical functions of assessing the qualifications of individual pilots and, under newer proficiency-based training programs, providing data for modifying training programs. We apply psychometric methods to assessing and improving the quality of evaluation of aircrew performance.</excerpt>', '<title>Flight Examiners’ Methods of Ascertaining Pilot Proficiency</title> <excerpt>Objective: To determine how flight examiners reason and which methods they use when assessing the competencies of pilots for continued accreditation purposes and type-rating training. Background: Early work on pilot performance assessment focused on measurement models, including the accuracy and reliability of the scores attributed to the human factors variables included.</excerpt>']"
88,7,88_human health in flight,['human health in flight'],"['<title>Immunosuppression during spaceflight deconditioning</title> <excerpt>Spaceflight results in immunosuppression which is likely due mainly to neurohumoral factors released in response to intermittent stress effects during flight. However, no major non-physiological health problems have been reported during or following spaceflight, but diseases resulting from immunosuppression could occur on long-duration missions and would include bacterial, fungal, and vital infections in addition to increased incidence of neoplasia and autoimmunity.</excerpt>', '<title>SYNBIO® Probiotic and Antioxidant Dietary Supplementation: Clinical Trial Evaluation of Potential Effects on Airline Flight Crew Members’ Well-Being</title> <excerpt>The irregular lifestyle of airline crew members, wide/adverse job-related exposures, and the impact of temporary hypoxia on gut microbiota well-being have increased concern about the daily recommended dose of certain nutrients among flight crew. The aim of this study was to determine if daily consumption of a SYNBIO® probiotics–elderberry extract supplement (ACTIVE) may contribute to the well-being of flight attendants.</excerpt>', '<title>Energy drink and nutritional supplement beliefs among naval aviation candidates</title> <excerpt>INTRODUCTION: The National Academy of Medicine called for increased research on nutritional supplement use among military members. Current research has suggested potential health risks posed by energy drink consumption.</excerpt>']"
89,7,89_human factors in flight operations,['human factors in flight operations'],"['<title>Analysing human activity development through (work)spaces in a human-centered design project for commercial airline pilots</title> <excerpt>Purpose: The purpose of this paper conducts a co-design framework, thanks to different kinds of interviews with expert pilots in different space contexts for each stage of the technical development of the system. Design/methodology/approach: To speak about the question of “spaces” and especially spaces in the design process, this paper is focussed on the transdisciplinary design research for commercial airline pilots.</excerpt>', '<title>USING FULL-MISSION SIMULATION FOR HUMAN FACTORS RESEARCH IN AIR TRANSPORT OPERATIONS.</title> <excerpt>This study examined state-of-the-art mission-oriented simulation and its use in human factors research. Guidelines were developed for doing full-mission human factors research on crew member behavior during simulated air transport operations.</excerpt>', ""<title>Human factors in multi-crew flight operations</title> <excerpt>This paper discusses selected aviation human factors challenges in the air transport environment. Because of the authors' background, much of this paper will be based upon the growth of human factors and airline training in transport aviation in the United States.</excerpt>""]"
90,7,90_remotely piloted aircraft personnel,['remotely piloted aircraft personnel'],"['<title>Predictive Validity of UAS/RPA Sensor Operator Training Qualification Measures</title> <excerpt>U.S. Air Force sensor operators (SOs) are enlisted aviators who work side-by-side with unmanned aerial systems/remotely piloted aircraft (UAS/RPA) pilots, providing assistance with all aspects of aircraft employment and sensor management.</excerpt>', '<title>Predictors and protective factors for suicide ideation across remotely piloted aircraft career fields</title> <excerpt>The US Air Force remote warrior community comprises several career fields including remotely piloted aircraft pilots and intelligence, cyber, and sensor operators. The crews are responsible for working seamlessly together to provide 24/7 real-time intelligence, surveillance, and reconnaissance and precision-strike weapons capabilities for a wide range of global combat operations.</excerpt>', '<title>Time for a break? Perceptions and impacts of reconstitution among United States Air Force remotely piloted aircraft personnel</title> <excerpt>United States Air Force remotely piloted aircraft (RPA) aircrew and support personnel perform critical missions in support of military operations around the world. The high value placed on the work of these individuals has resulted in increased workload and heightened risk of adverse psychological health outcomes.</excerpt>']"
91,7,91_military psychiatric screening,['military psychiatric screening'],"['<title>Psychiatric screening of ground-crew in the Royal Canadian Air Force.</title>', '<title>Alcohol screening instruments and psychiatric evaluation outcomes in military aviation personnel</title> <excerpt>Introduction: Alcohol-related disorders are the most prevalent psychiatric conditions in the aviation population. Efforts to effectively screen aviators for these disorders are continually sought, as under-diagnosis may negatively impact aviation safety.</excerpt>', '<title>Predictors of successful alcohol rehabilitation in an air force population</title> <excerpt>In order to find predictors of success in alcohol treatment, the authors conducted a 1-year follow-up of 71 active duty military personnel treated in a 28-day inpatient program. Success at 1 year follow-up was then compared with variables collected on apatient questionnaire completed at the beginning of rehabilitation.</excerpt>']"
92,7,92_pilot performance anxieties,['pilot performance anxieties'],"[""<title>Motion sickness and anxiety</title> <excerpt>Ninety-four Israeli pilot traineses completed a battery of anxiety related questionnaires: Taylor Manifest Anxiety Scale, EPQ, 16PF, and Spielberger's State and Trait Anxiety Scores. Self reports and flight instructor observations of motion sickness symptoms were collected after initial flights.</excerpt>"", '<title>Psychologic and psychopathologic aspects of behavior during airline pilot transition training</title> <excerpt>Methods of retraining airline pilots in the transition from one type of aircraft to another are described. The anxieties produced in training are reported to be similar to those of physiological stress and gravitational stress.</excerpt>', '<title>Non-native English Communication and Anxiety in Military ATC: Insights from Korean Air Traffic Controllers</title> <excerpt>This mixed-methods study investigated language anxiety among Korean military air traffic controllers (ATCOs) when communicating with native English-speaking pilots. The quantitative phase (N = 81) used hierarchical regression analysis examining relationships between individual characteristics and anxiety levels.</excerpt>']"
93,7,93_human health in space,['human health in space'],"['<title>Soviet space flight: The human element</title> <excerpt>Building on past experience and knowledge, the Soviet manned space flight effort has become broad, comprehensive, and forward-looking. Their long-running space station program has provided the capabilities to investigate long-term effects of microgravity on human physiology and behavior, and test various countermeasures against microgravity-induced physiological deconditioning.</excerpt>', '<title>Effects of sex and gender on adaptation to space: Behavioral health</title> <excerpt>This article is part of a larger body of work entitled, ""The Impact of Sex and Gender on Adaptation to Space."" It was developed in response to a recommendation from the 2011 National Academy of Sciences Decadal Survey, ""Recapturing a Future for Space Exploration: Life and Physical Sciences for a New Era,"" which emphasized the need to fully understand sex and gender differences. In this article, our workgroup - consisting of expert scientists and clinicians from academia and the private sector - investigated and summarized the current body of published and unpublished human research performed to date related to sex- and gender-based differences in behavioral adaptations to human spaceflight.</excerpt>', ""<title>NASA's life sciences and space radiation biology</title> <excerpt>Plans for the various missions in which men and women are expected to participate during the next 10 years are outlined. Such missions include flights of up to three months duration in low earth orbit as well as possible short excursions to geosynchronous orbit.</excerpt>""]"
94,7,94_psychosocial work conditions,['psychosocial work conditions'],"['<title>A psychosocial and biomedical comparison between men in six contrasting service occupations</title> <excerpt>A study of psychosocial job factors and physiological states was conducted using 150 men, aged between 25 and 60, working in six widely different occupations—freight handlers, aircraft mechanics, air traffic controllers, physicians, waiters and symphony musicians. The aim of the study was to characterize any differences in physiological parameters in relation to differences in psychosocial job characteristics.</excerpt>', '<title>Sleep problems and psychosocial work environment among Swedish commercial pilots</title> <excerpt>Background: The aim of this study was to assess relationships between sleeping problems and the psychosocial work situation based on the job-strain and iso-strain models among Swedish commercial pilots. Methods: Three hundred fifty-four pilots participated (61%), who are in 2008 responded to a questionnaire concerning sleep problems, the psychosocial work situation, personal factors, and flight length.</excerpt>', '<title>Musculoskeletal symptoms and psychosocial work environment, among Swedish commercial pilots</title> <excerpt>Purpose: The associations between psychosocial work conditions and health in pilots are understudied, and therefore, the associations between the psychosocial work conditions and musculoskeletal problems among Swedish commercial pilots were investigated.Methods: In 2010, a self-administered questionnaire study was performed among pilots in one Swedish commercial airline: 354 pilots participated (61\xa0%). Musculoskeletal symptoms and the psychosocial work conditions measured by the demand control social support model were investigated.</excerpt>']"
95,7,95_mental health in aviation,['mental health in aviation'],"['<title>Prevalence of Depression Over a 12-Month Period in a Nonpatient Population</title> <excerpt>A nonpatient population of air traffic controllers, all of whom remained employed during the observation period, was examined monthly for one year for level of depression using the Zung Self-Rating Depression Scale. The average monthly prevalence of depression was 9.1%, with 7.0% at the symptom level, 1.9% at a level comparable to outpatients, and 0.2% with moderately severe levels.</excerpt>', '<title>Psychological distress in Spanish airline pilots during the aviation crisis caused by the COVID-19 pandemic and psychometric analysis of the 12-item general health questionnaire</title> <excerpt>The aim of this study was to evaluate the psychological distress of Spanish airline pilots, a group of professionals undergoing an unprecedented work situation as a result of the Covid-19 pandemic. To do so, we administered the General Health Questionnaire-12 (GHQ-12).</excerpt>', ""<title>Proactive Coping and Mental Health Among Airline Pilots During China's Regular Prevention and Control of COVID-19: The Role of Perceived Stress and Social Support</title> <excerpt>Mental health has always been a prominent public health concern, and it has become more important in the wake of the COVID-19 pandemic. The mental health of airline pilots plays a significant role in their occupational health and overall performance.</excerpt>""]"
96,7,96_decompression physiology effects,['decompression physiology effects'],"['<title>PSYCHOPHYSIOLOGICAL TRAINING OF PILOTS FOR CASES OF EMERGENCY COCKPIT DECOMPRESSION; ПСИХОФИЗИОЛОГИЧЕСКАЯ ПОДГОТОВКА ЛЕТЧИКОВ К ДЕЯТЕЛЬНОСТИ В УСЛОВИЯХ АВАРИЙНОЙ РАЗГЕРМЕТИЗАЦИИ КАБИНЫ САМОЛЕТА</title> <excerpt>Introduction. In the stratosphere, when the aircraft cockpit is depressurized, the pilot switches to breathing pressurized oxygen.</excerpt>', '<title>Recurrence of neurological deficits in an F/A-18D pilot following loss of cabin pressure at altitude</title> <excerpt>Introduction: Supersonic, high altitude aviation places its pilots and aircrew in complex environments, which may lead to injury that is not easily diagnosed or simply treated. Decompression illness (either venous or arterial) and environmental conditions (eg, abnormal gases and pressure) are the most likely adverse effects aircrew often face.</excerpt>', '<title>Behavior of naive subjects during decompression: an evaluation of automatically presented passenger oxygen equipment</title> <excerpt>In a study designed to provide data on the behavior of airline passengers confronted with a rapid decompression, 20 male and 20 female subjects without previous high altitude experience were given a standard airline oxygen equipment briefing. Following the briefing, the subjects were slowly decompressed to 5,000 ft in an altitude chamber.</excerpt>']"
97,7,97_travel health and assistance,['travel health and assistance'],"['<title>Medical assistance to travellers: a new concept in insurance-cooperation with an airline</title> <excerpt>Medical assistance to travellers is a new concept in insurance. Payment of a premium makes it possible in an emergency for a traveller, by means of a phone call, to obtain free medical support, ie, on-the-spot treatment, repatriation, hospitalization, etc.</excerpt>', '<title>AsMA medical guidelines for air travel: Stresses of flight</title> <excerpt>INTRODUCTION: Medical Guidelines for Airline Travel provide information that enables healthcare providers to properly advise patients who plan to travel by air. Modern commercial aircraft are very safe and, in most cases, reasonably comfortable.</excerpt>', ""<title>Air medical transport: What the family wants to know</title> <excerpt>Introduction: The needs of family members of intensive care unit patients are well-documented, but there is little published about the specific needs of family members of air medical patients. Purpose: This study was devised to identify family member's information needs regarding air medical transport.</excerpt>""]"
98,7,98_pilot performance and safety,['pilot performance and safety'],"['<title>Clinical aspects of inflight incapacitations in commercial aviation</title> <excerpt>Sudden incapacitations can affect a pilot and even a whole crew during a flight, preventing them from performing their task in complete safety. In some cases, they could even cause an accident.</excerpt>', '<title>Aviation safety - physical and mental incapacitation</title> <excerpt>There is a trend of continual improvement in flight safety and the best airlines flying the best aircraft are now achieving fatal accident rates of less than one in one million flying hours or flights. In this paper an overview is presented of the relationship of pilot age, physical incapacitation and mental disorders to accidents..</excerpt>', '<title>Stall Recovery in a Centrifuge-Based Flight Simulator With an Extended Aerodynamic Model</title> <excerpt>We investigated the performance of 12 airline pilots in recovering from an asymmetrical stall in a flight simulator featuring an extended aerodynamic model of a transport-category aircraft, and a centrifuge-based motion platform capable of generating enhanced buffet motion and g-cueing. All pilots had difficulties in applying the correct recovery template, as their initial response was to counter the wing drop rather than to unload the aircraft.</excerpt>']"
99,7,99_flight-deck information management,['flight-deck information management'],"[""<title>Information seeking in documents by pilots: Assessment of the reliability problems caused by the transition from paper to electronic</title> <excerpt>Information seeking is completely ignored in research on aviation psychology and more generally in issues of air transport safety. But information seeking occupies a central place in the pilots' work.</excerpt>"", '<title>An Examination of Pilot-Reported Trust and Response to Information Conflicts Experienced on the Flight Deck</title> <excerpt>The purpose of this study was to examine how pilots respond to conflicting information on the flight deck. In this study, 108 airline, corporate, and general aviation pilots completed an online questionnaire reporting weather, traffic, and navigation information conflicts experienced on the flight deck, including which information sources they trusted and acted on.</excerpt>', '<title>Review of Aviation Safety Databases to Identify Information Discrepancies Experienced on the Flight Deck: Implications for NextGen</title> <excerpt>Aeronautical decision-making on the flight deck requires pilots to reconcile and make decisions using information from a range of different sources, sometimes with limited knowledge of associated levels of accuracy, integrity, and reliability. A review of four aviation safety databases identified information discrepancies experienced by general aviation and airline pilots.</excerpt>']"
100,6,100_radiation exposure in aircrew,['radiation exposure in aircrew'],"['<title>Review of extensive workups of 34 patients overexposed to radiofrequency radiation</title> <excerpt>Background: The medical records of 34 patients seen at the Aerospace Medicine Directorate, U.S. Air Force Research Laboratory for confirmed exposure to radiofrequency radiation (RFR) exceeding the permitted exposure limits were reviewed to see if RFR overexposure created any detectable clinical or laboratory alterations that could be correlated with power density or the product of power density and time exposed.</excerpt>', '<title>Behavioral and psychological effects of microwave radiation</title> <excerpt>The first category of behavioral reaction to microwaves and other radiofrequency electromagnetic radiations involves responses confirmed in laboratory experiments from which a dose-response picture indicates absence of damaging effects of acute exposures (typically less than 60 minutes) at whole-body energy-dose rates below 3 mW/g. To result in this dose rate, the power density of incident radiation could be as low as 2 to 3 mW/cm2 for a small animal but would be on the order of 15 to 20 mW/cm2 for a human being.</excerpt>', '<title>Radiation environment at aviation altitudes and in space</title> <excerpt>On the Earth, protection from cosmic radiation is provided by the magnetosphere and the atmosphere, but the radiation exposure increases with increasing altitude. Aircrew and especially space crew members are therefore exposed to an increased level of ionising radiation.</excerpt>']"
101,6,101_in-flight psychiatric incidents,['in-flight psychiatric incidents'],"['<title>Psychiatric interventions with amnesic aircraft accident survivors</title> <excerpt>Aircraft accident survivors who later develop retrograde amnesia for the circumstances of their crashes present unique problems in terms of psychiatric treatment and valid accident investigation. The authors explore the complexities of treating such patients within the limitations of the present understanding of amnesic disorders and raise questions concerning medicolegal issues of informed consent, confidentiality, and validity of information recalled during the treatment process..</excerpt>', '<title>Assaults in the air: Concerning attacks against flight attendants</title> <excerpt>Violence directed at airline personnel by passengers while an aircraft is in flight presents an interesting and uncommon form of deviant behavior that can inform the study of deviance in general. Such behavior has been identified by various observers as a growing social problem.</excerpt>', '<title>Air rage: Implications for forensic psychiatry</title> <excerpt>Abusive airline passengers are a growing hazard that has not received the same attention as other forms of ""rage"" behavior. In this article, a number of interesting and significant cases of air rage are described, including one that almost resulted in the loss of a British Airways 747-400 jumbo jet with all aboard, when a paranoid schizophrenic passenger gained entry to the cockpit.</excerpt>']"
102,6,102_stress and pilot performance,['stress and pilot performance'],"[""<title>Individual reactions to stress predict performance during a critical aviation incident</title> <excerpt>Background: Understanding the influence of stress on human performance is of theoretical and practical importance. An individual's reaction to stress predicts their subsequent performance; with a “challenge” response to stress leading to better performance than a “threat” response.</excerpt>"", '<title>Pilot Performance in Instrument-Based Tasks Under Acute Stress</title> <excerpt>INTRODUCTION: Pilots often experience acute stress during flights, potentially affecting flight safety. The effect of acute stress on instrument-based tasks remains unclear.</excerpt>', '<title>Effects of Stress on Performance during Highly Demanding Tasks in Student Pilots</title> <excerpt>Objective: To study how stress affects the performance of student pilots under highly demanding conditions, during flight simulator sessions. Background: Pilots usually suffer stress under highly demanding conditions.</excerpt>']"
103,6,103_fatigue and stress management,['fatigue and stress management'],"['<title>The Effect of Fatigue on Air Traffic Controllers</title> <excerpt>Fatigue has been on the National Transportation Safety Board’s (NTSB) “most wanted list” since 1990 and remains a topic of active investigation. The focus of this article is summarizing the effect of fatigue on air traffic controllers.</excerpt>', '<title>The Development of a Work Stress Model for Air TrafficControllers in Indonesia</title> <excerpt>The workload complexity experienced by and expected air traffic controllers (ATCs) causes psychological fatigue, engenders stressful conditions, and affectstheir quality of life. This study investigated the development of a model of psychological fatigue in ATCs in Indonesia, which affected their work stress levelsand quality of life.</excerpt>', '<title>Effect of Fatigue in Air Traffic Controllers’ Workload, Situation Awareness, and Control Strategy</title> <excerpt>Objective: To illustrate how fatigue affects the workload, situation awareness, and control strategy of air traffic controllers. Background: As air traffic control becomes more complex and demanding due to the increasing number of aircraft movements in major airport hubs, the need to particularly look into the interplay of performance shaping factors has also intensified.</excerpt>']"
104,6,104_crew behavior and psychology,['crew behavior and psychology'],"['<title>Influence of airline cabin crew members’ rapport-building behaviors and empathy toward colleagues on team performance, organizational atmosphere, and irregularity</title> <excerpt>Expanding on the literature on rapport-building behavior within the airline industry, this study analyzed the influence of rapport-building behaviors (uncommonly attentive behavior, common-grounding behavior, courteous behavior, connecting behavior, and information-sharing behavior) on cabin crew members’ empathy toward their colleagues. We also analyzed the effect of empathy on variables such as team performance, organizational atmosphere, and instances of irregularity.</excerpt>', ""<title>Effects of Flight Attendants' Mental Health Resulting From Emotion Regulation Among Coworkers on Flight Safety Attitudes: Moderating Effects of Behavioral Activation Systems</title> <excerpt>We developed a causal conceptual framework from a social-psychological perspective to investigate whether cabin crews' mental health affects flight safety attitudes via emotion regulation toward coworkers. In addition, the moderating effect of behavioral activation systems (BAS) in linking emotion regulation to mental health is examined.</excerpt>"", '<title>Air rage from the sharp end: cabin crew perspectives on disruptive passenger behaviour in Europe and its impact on occupational safety and well-being</title> <excerpt>Disruptive passenger behaviour (DPB) incidents spiked during the COVID-19 pandemic period, compromising the safety of commercial flights on a daily basis. This qualitative semi-structured interview study examined the perceived triggering factors and motivations for DPB and the subsequent impact of DPB upon cabin crew well-being and safety.</excerpt>']"
105,6,105_pilot performance insights,['pilot performance insights'],"['<title>Outcomes of Crew Resource Management Training</title> <excerpt>Participants self-reports and measures of attitudes regarding flightdeck management indicate that crew resource management training is favorably received and causes highly significant, positive changes in attitudes regarding crew coordination and personal capabilities. However, a subset of participants reacted negatively to the training and showed boomerangs (negative change) in attitudes.</excerpt>', '<title>Crucial Abilities of Pilots and Weapon Systems Officers: An Ability-Based Approach</title> <excerpt>The first objective of our study was to identify the common and specific crucial abilities for fighter pilots, transport pilots, fighter weapon systems officers (WSOs), and transport WSOs. The second aim was to prioritize clusters of abilities.</excerpt>', '<title>Cockpit resource management: Exploring the attitude-performance linkage</title> <excerpt>Measured attitudes regarding cockpit management were contrasted for pilots whose line flying performance was independently evaluated by Check Airmen as above or below average. A highly significant discriminant function was obtained indicating that these attitudes are significant predictors of behavior.</excerpt>']"
106,6,106_pilot mental health factors,['pilot mental health factors'],"['<title>Attempting to Conceal Psychological Disturbance: MMPI Defensive Response Sets and the Rorschach</title> <excerpt>This study examined whether a defensive response set during a psychological evaluation would skew responses on the Rorschach such that subjects could conceal psychological difficulties. Subjects in this study were commercial airline pilots who were required to undergo an independent psychological evaluation after completing a treatment program for alcohol or substance abuse.</excerpt>', ""<title>Assessing pilots with 'the wrong stuff': A call for research on emotional health factors in commercial aviators</title> <excerpt>The responsibility that airline pilots have toward the safety of passengers is immense. Airline pilots are likely to be among the most reliable and psychologically problem-free populations.</excerpt>"", '<title>Anthropomorphic AI: Sociopathic AI Features as Predictors of Career Opportunities and Threats Perceived by Pilots in Commercial Aviation</title> <excerpt>Objective: The study aims to investigate how anthropomorphic, particularly sociopathic, features ascribed to AI affect commercial pilots’ perceptions of career threats, opportunities, and performance benefits of AI integration in the cockpit. Background: Although technology has long been an irreplaceable, valuable ally for airline pilots, artificial intelligence (AI) differs significantly from previously used technologies and pilots perceive AI not only as a tool but as an agent with human-like attributes.</excerpt>']"
107,6,107_burnout and work engagement,['burnout and work engagement'],"['<title>Emotion work in the Arab context: Its relationship to job satisfaction and the moderating role of trust to the employer</title> <excerpt>The research investigated the relationship of emotion work directed towards customers and towards coworkers with job satisfaction in Saudi Arabia. Emotion work means the requirement to display particular emotions as part of the job and includes surface acting where actual emotions differ from displayed emotions and deep acting where displayed and felt emotions are congruent.</excerpt>', '<title>Burnout and Work Engagement Among Cabin Crew: Antecedents and Consequences</title> <excerpt>Flight attendants play an essential role in ensuring cabin safety and offering services on board. This study applied the job demands-resources model to explore burnout and work engagement among cabin crew and investigate the possible antecedents and consequences, using a sample of 305 Taiwanese flight attendants.</excerpt>', '<title>Working in the Sky: A Diary Study on Work Engagement Among Flight Attendants</title> <excerpt>This study aims to gain insight in the motivational process of the Job Demands-Resources (JD-R) model by examining whether daily fluctuations in colleague support (ie, a typical job resource) predict day-levels of job performance through self-efficacy and work engagement. Forty-four flight attendants filled in a questionnaire and a diary booklet before and after consecutive flights to three intercontinental destinations.</excerpt>']"
108,6,108_synthetic vision systems,['synthetic vision systems'],"['<title>Combining enhanced and synthetic vision for autonomous all-weather approach and landing</title> <excerpt>This article is about the design and evaluation of the human-machine interface of an enhanced and synthetic vision system. Several tunnel-in-the-sky and pathway-in-the-sky concepts including scene-linking elements have been evaluated.</excerpt>', '<title>Improved Flight Technical Performance in Flight Decks Equipped with Synthetic Vision Information System Displays</title> <excerpt>Synthetic vision information systems (SVIS) are the next generation of cockpit display systems that will become an integral part of the commercial flight deck in the future. The goal of this study was to evaluate SVIS against conventional glass cockpit displays to assess whether or not SVIS can improve pilot performance, situation awareness (SA), and workload.</excerpt>', '<title>Synthetic vision: Application areas, rationale, implementation, and results</title> <excerpt>Synthetic vision is regarded as a means to increase both safety and operational capabilities. The design of a synthetic vision system presents the designer with questions regarding which data need to be presented, how the data should be represented, and how the representation should be mapped onto the display.</excerpt>']"
109,6,109_night vision and performance,['night vision and performance'],"['<title>Distance estimation in a 3-D imaging display</title> <excerpt>Imaging displays have lacked several characteristics of direct vision such as true stereopsis, and this may in part account for some loss in visual performance when compared with direct vision. One such decrement in performance is in judgments of distance.</excerpt>', ""<title>The effects of the AH-64A pilot's night vision system on the performance of seven simulated maneuver tasks</title> <excerpt>The Pilot's Night Vision System (PNVS) allows the pilot of the AH-64A Apache helicopter to fly and navigate effectively at night. The PNVS restricts field of view (FOV) and degrades visual acuity, two factors that should adversely affect pilot performance during night operations, especially for flight maneuvers that rely on peripheral cues.</excerpt>"", '<title>Effects of a velocity-vector-based command augmentation system and synthetic vision system terrain portrayal and guidance symbology concepts on single-pilot performance</title> <excerpt>This study investigated the effects of synthetic vision system (SVS) concepts and advanced flight controls on the performance of pilots flying a light, single-engine general-aviation airplane. We evaluated the effects and interactions of 2 levels of terrain portrayal, guidance symbology, and flight control response type on pilot performance during the conduct of a relatively complex instrument approach procedure.</excerpt>']"
