Topic,Count,Name,Representation,Representative_Docs
-1,534,-1_Human factors in aviation,['Human factors in aviation'],"['<title>Classification of Air Force aviation accidents: Mishap trends and prevention</title> <excerpt>This article reanalyzed 124 U.S. Air Force aviation mishaps from 1992 through 2005, using the Department of Defense Human Factors Analysis and Classification System. Mishap types included controlled flight into terrain, loss of control, spatial disorientation, and midair collisions.</excerpt>', ""<title>Human factors in multi-crew flight operations</title> <excerpt>This paper discusses selected aviation human factors challenges in the air transport environment. Because of the authors' background, much of this paper will be based upon the growth of human factors and airline training in transport aviation in the United States. However, parallel growth and advancements have been made in other parts of the world from the beginning of air transport and are being made in many parts of the world today.</excerpt>"", '<title>Cultural factors influencing safety need to be addressed in design and operation of technology.</title> <excerpt>Cultural factors which influence aviation safety in aircraft design, air traffic control, and human factors training are examined. Analysis of the Avianca Flight 052 crash in New York in January, 1990, demonstrates the catastrosphic effects cultural factors can play. Cultural factors include attitude toward work and technology, organizational hierarchy, religion, and population stereotyping..</excerpt>']"
0,59,0_Aviation Psychiatry Research,['Aviation Psychiatry Research'],"['<title>Psychiatry and fitness to fly after Germanwings</title> <excerpt>In March 2015, a co-pilot flying Germanwings Flight 9525 deliberately pointed his airplane into a descent, killing himself, five other crew members, and 144 passengers. Subsequent investigation and review teams examined the incident and considered potential lessons to maximize air safety. In this article, aviation industry clinical leaders, including the U.S.</excerpt>', '<title>Early menopause presenting with mood symptoms in a student aviator</title> <excerpt>The clinical presentation of menopause can resemble the symptoms of a mood disorder. We describe the case of a 31-yr-old student helicopter pilot who presented to the Aviation Psychiatry Department with a several-month history of inconsistent training performance, mood lability, tearfulness, anxiety, insomnia, fatigue, and decreased concentration. Symptoms persisted despite stress management training and resolution of family stressors, and further evaluation revealed other symptoms consistent with early menopause.</excerpt>', ""<title>Becoming a flight surgeon</title> <excerpt>This text is the inaugural lesson given by the Professor of Aeronautic Psychiatry and starts the training period for new flight surgeons in the French Air Force. Introducing the French Air Force Medicine Training Session, the author speaks about the psychological aspects in aviation medicine. Three points of pilots' psychology are developed: 1) the pilot's body as the source of intense sensations and as an object of important value; 2) the libidinal, narcissistic, and defensive aspects of the pilot's spirit; and 3) the pilot's environment with its characteristic relationships.</excerpt>""]"
1,54,1_Pilot workload assessment,['Pilot workload assessment'],"[""<title>The role of visual conditions and aircraft type on different aspects of pilot workload</title> <excerpt>Objective: The objective of our work was to assess the impact of flight conditions by aircraft type on the workload estimated using NASA-Task Load Index (NASA-TLX). Background: Learning about subjective workload is important for assessing the impact of a pilot's work environment on their performance in the cockpit. This is an important element of flight safety and includes the prevention of aviation accidents.</excerpt>"", '<title>The effects of dynamic workload and experience on commercially available EEG cognitive state metrics in a high-fidelity air traffic control environment</title> <excerpt>The current study evaluated the validity of commercially available electroencephalography (EEG) cognitive state metrics of workload and engagement in differentially experienced air traffic control (ATC) students. EEG and pupil diameter recordings were collected from 47 ATC students (27 more experienced and 20 less experienced) during a high-fidelity, variable workload approach-control scenario. Scenario workload was manipulated by increasing the number of aircraft released and the presence of a divided attention task.</excerpt>', '<title>Cognitive performance and electroencephalographic variations in air traffic controllers under various mental workload and time of day</title> <excerpt>The aim of this study was to investigate the effects of mental workload (MWL) and time of day on cognitive performance and electroencephalographic (EEG) parameters of air traffic controllers. EEG signals recorded while 20 professional air traffic controllers performed cognitive tasks [A-X Continuous Performance Test (AX-CPT) and 3-back working memory task] after they were exposed to two levels of task difficulty (high and low MWL) in the morning and afternoon. Significant decreases in cognitive performance were found when the levels of task difficulty increased in both tasks.</excerpt>']"
2,51,2_Motion sickness training,['Motion sickness training'],"['<title>Autogenic feedback training exercise: A treatment for airsickness in military pilots</title> <excerpt>In this article, we present physiological data from 2 male pilots who completed a 6-hr training program for control of motion sickness at National Aeronautic and Space Administration Ames Research Center. The program consisted of an Autogenic Feedback Training Exercise in which research participants learn through operant conditioning techniques to regulate several physiological responses to suppress their symptoms. We evaluated training progress during rotating-chair motion sickness tests.</excerpt>', '<title>The effect of autogenic training and biofeedback on motion sickness tolerance</title> <excerpt>Background: Motion sickness is characterized by symptoms of vomiting, drowsiness, fatigue and idiosyncratic changes in autonomic nervous system (ANS) responses such as heart rate (HR) and skin temperature (ST). Previous studies found that symptoms of motion sickness are controllable through self- regulation of ANS responses and the best method to teach such control is autogenic-feedback (biofeedback) training. Recent experiments indicated that biofeedback training is ineffective in reducing symptoms of motion sickness or in increasing tolerance to motion.</excerpt>', '<title>Motion sickness susceptibility in student navigators</title> <excerpt>Identification of individuals highly susceptible to motion sickness could be of significant benefit in managing flying personnel in training. Several studies in the past four decades with this end have been primarily aimed at pilot trainees. The following study is a prospective evaluation of airsickness in Air Force navigation students.</excerpt>']"
3,45,3_Aviation psychology research,['Aviation psychology research'],"[""<title>Need satisfaction in the identification of the DOR</title> <excerpt>The purpose of the present study was to determine whether student pilots who voluntarily drop from the program (DORs) and those who successfully complete training enter the flight program with different 'needs', and whether DORs and 'completers' differ in their evaluation of the program's ability to satisfy their needs. The needs that were explored were those of the Maslow hierarchy, including physiological, safety, and security, social, self esteem, and self actualization needs. Eighty seven aviation officer candidates were given a questionnaire designed to measure optimism, relevance, and importance in terms of the five needs described above.</excerpt>"", '<title>What the Birkman Method© Can Tell Us about the Psychological Profile of Business Aviation Departments, Their Leadership, Strengths, and Challenges</title> <excerpt>Method: The study summarizes a significant amount of Birkman data, validated by one-on-one interviews with business aviation professionals and supported by close observation of the departments and corporations where they work. Objective: Earlier research focused on military, commercial, and trainee pilots; the present study of business aviation examines not only pilots but also maintenance technicians, cabin attendants, schedulers, and directors of aviation who fly, maintain, and manage corporate jets. Results: The findings compare the resulting profile(s) with output from previous studies; throw additional light on the “boomerang effect” in CRM training and other unresolved issues and ambiguities in existing knowledge; and suggest directions for further research, including refined methods and broadened uses for psychological assessments in and beyond the selection process.</excerpt>', '<title>Innovations in training: The New Aviation Scientist--Psychologist and Engineer</title> <excerpt>Notes that meaningful research in applied experimental psychology is often conducted as an interdisciplinary effort. This approach is especially prevalent in aviation because particular consideration must be given to human capabilities and limitations in the aircraft system design process. This article describes the Aviation Research Laboratory at the Institute of Aviation of the University of Illinois, which provides a unique environment for graduate training in aviation research.</excerpt>']"
4,45,4_Pilot training selection,['Pilot training selection'],"['<title>Early Identification of Unmanned Aircraft Pilots Using Measures of Personality and Aptitude</title> <excerpt>This study evaluated the extent to which personality measures (Self-Description Inventory+) could improve prediction of remotely piloted aircraft (RPA) training outcomes, beyond currently used cognitive, psychomotor, and aviation knowledge and experience predictors included in the U.S. Air Force (USAF) Pilot Candidate Selection Method 2.0. Participants were 170 USAF officers with RPA Initial Flight Screening (RFS) outcomes and 110 USAF officers with RPA Instrument Qualification (RIQ) outcomes.</excerpt>', '<title>Understanding the Relations Between Selection Factors and Pilot Training Performance: Does the Criterion Make a Difference?</title> <excerpt>Although several valid predictors of U.S. Air Force pilot training performance have been identified, it was felt that our understanding of the relation between preselection personnel attribute data and training performance was limited by the dichotomous nature of the outcome indicators (ie, graduation or elimination) and by the disproportionate number of people in the outcome categories. A weighted composite of Undergraduate Pilot Training (UPT) flying performance data (ie, daily flying grades, check flight grades, and academic grades) was shown to be related closely to advanced training recommendations (fighter vs nonfighter aircraft).</excerpt>', '<title>Aircrew selection systems</title> <excerpt>Research was conducted to develop and validate a computerized battery of psycomotor and cognitive tests to identify candidates who sould not either complete pilot training or be recommended for a fighter assignment after training. All or part of the battery of 15 tests was given to 1,622 Air Force Pilot candidates prior to training and their test scores were regressed against various flying performance measures. Two psychomotor tests and tests of perceptual speed, decision making speed, and memory function were found to be significant predictors of flying performance.</excerpt>']"
5,45,5_Age Effects in Aviation,['Age Effects in Aviation'],"[""<title>Expertise, Cognitive Ability, and Age Effects on Pilot Communication</title> <excerpt>We investigated whether expertise reduced age-related declines in pilot communication, using multiple expertise measures and laboratory tasks varying in domain relevance. Younger, middle-aged, and older pilots and nonpilots listened to air traffic control messages that described an aircraft's route through an airspace, while they referred to a chart of that airspace. They read back each message, then answered a probe question about the aircraft's route.</excerpt>"", '<title>Age, flight experience, and violation risk in mature commuter and air taxi pilots</title> <excerpt>Violation of Federal Aviation Regulations has been identified as a risk factor for pilot involvement in aviation crashes. However, the associations among violations, flight experience, and pilot age have not been well studied. In this study, we aimed to examine risk of violation in relation to pilot age and other pilot characteristics based on exposure to flight in a fixed birth cohort of 3,306 commuter air carrier and air taxi pilots who in 1987 were aged 45 to 54 years.</excerpt>', ""<title>Preliminary examination of timesharing in United States Air Force rotc cadets</title> <excerpt>Previous research has shown that timesharing ability-the ability to perform multiple tasks simultaneously-is related to various indices of aircraft pilots' proficiency. Superior timesharing has also been demonstrated by experienced pilots. The present study examined timesharing of United States Air Force Reserve Officer Training Corps (AFROTC) cadets, who are relatively inexperienced (some with no flying experience).</excerpt>""]"
6,44,6_Anxiety and flying,['Anxiety and flying'],"['<title>The relief of anxiety: Comparative study - Air plane flying vs anesthesia</title> <excerpt>Background: Airplane Flying and anesthesia are both not entirely safe. Passengers and patients have the right not to be endangered during flight or anesthesia. Flying and anesthesia has always been associated with anxiety in passengers and patients.</excerpt>', '<title>Relationships of anxiety scores to screening and training status of air traffic controllers</title> <excerpt>The present study assessed the relationship between anxiety, as measured by the State-Trait Personality Inventory (STPI), and success of post-strike air traffic control specialist (ATCS) trainees at the FAA Academy and during field training. The STPI was administered to students who entered the FAA Academy between June 1984 and September 1985. Academy test scores were obtained for 1,790 students in the en route option.</excerpt>', '<title>Flying and danger, joy and fear</title> <excerpt>U.S. Air Force fliers are all volunteers who undergo rigorous training for their profession. Their motivation may be deeprooted and emotional, or may arise from a conscious decision made in early adulthood.</excerpt>']"
7,41,7_Personality Assessment in Aviation,['Personality Assessment in Aviation'],"['<title>The Construction of Personality Questionnaires for Selection of Aviation Personnel</title> <excerpt>The Personality Research Form (PRF), a questionnaire for voluntary self-description, was administered to a group of applicants (N = 300) for pilot training with a major European airline. Standard psychometric statistics were computed for the PRF subscales. Comparison with information given in the test manual shows that the reliability of all PRF subscales declines in personnel selection.</excerpt>', '<title>Using binary logistic regression to screen candidates for instructor pilot upgrade</title> <excerpt>Researchers who focus on aircrew performance and its relation to aviation safety have endeavored to understand personality traits and attributes andtheireffecton team coherence and performance. Moreover, corporate aviation departments and commercial air carriers have vested interests in hiring those applicants who have the propensity to perform effectively in a team environment. As a continuation of ongoing research in pilot resource selection, the authors have examined the efficacy of binary logistic regression in screening candidates for instructor pilot upgrade by analyzing psychological surveys of 77 commercial pilots based on the Big Five Personality Inventory, the Leadership Intelligence Quotient (LIQ) Self-Assessment and three select attribute scales (Mach V, locus-of-control, and self-monitoring scales).</excerpt>', '<title>Effectiveness of a forced-choice leadership test under varied experimental conditions</title> <excerpt>A forced-choice personality test developed by PRB, TAGO and validated against leadership ratings on ROTC and West Point Cadets was evaluated under varied conditions in the Naval Air Training Program. The test was administered to three groups of Naval aviation cadets and a group of psychologists on the staff of the Naval Aviation Psychology Laboratory. The test was administered in two forms-the original 4 20 item test and a short form consisting only of the 106 keyed items.</excerpt>']"
8,38,8_Aviation Automation Effects,['Aviation Automation Effects'],"['<title>Formal Papers: Toward a Human-Centered Aircraft Automation Philosophy</title> <excerpt>This article reviews the evolution of aircraft automation over the past century, emphasizing the evolving role automated devices play in assisting the human pilot. Discussions of anticipated and unanticipated effects of automation and speculation on the role of the human operator in future, more highly automated aircraft, are included. Automation: automatic operation or control of a process, equipment, or a system.</excerpt>', '<title>Improved Usability of Aviation Automation Through Direct Manipulation and Graphical User Interface Design</title> <excerpt>Problems in advanced commercial aircraft pilot-flight management system (FMS) interaction through multifunction control display units (MCDUs) have been widely reported. Because this interaction plays an important role in ensuring aircraft safety, the MCDU should be designed to provide intuitive interfaces for ease of learning and use and to support pilot task performance in every aspect possible. Because of the increased complexity of computer-based systems, direct manipulation (DM) and graphical user interfaces (GUIs) have been proposed as vehicles to facilitate user-friendly interface design for improved usability of computer-based systems.</excerpt>', ""<title>The retention of manual flying skills in the automated cockpit</title> <excerpt>Objective: The aim of this study was to understand how the prolonged use of cockpit automation is affecting pilots' manual flying skills.Background: There is an ongoing concern about a potential deterioration of manual flying skills among pilots who assume a supervisory role while cockpit automation systems carry out tasks that were once performed by human pilots.Method: We asked 16 airline pilots to fly routine and nonroutine flight scenarios in a Boeing 747-400 simulator while we systematically varied the level of automation that they used, graded their performance, and probed them about what they were thinking about as they flew.Results: We found pilots' instrument scanning and manual control skills to be mostly intact, even when pilots reported that they were infrequently practiced. However, when pilots were asked to manually perform the cognitive tasks needed for manual flight (eg, tracking the aircraft's position without the use of a map display, deciding which navigational steps come next, recognizing instrument system failures), we observed more frequent and significant problems. Furthermore, performance on these cognitive tasks was associated with measures of how often pilots engaged in task-unrelated thought when cockpit automation was used.Conclusion: We found that while pilots' instrument scanning and aircraft control skills are reasonably well retained when automation is used, the retention of cognitive skills needed for manual flying may depend on the degree to which pilots remain actively engaged in supervising the automation..</excerpt>""]"
9,34,9_Stress in air traffic control,['Stress in air traffic control'],"['<title>Mental Workload in Air Traffic Control: An Index Constructed from Field Tests</title> <excerpt>Background: Mental workload assessment is a recurrent issue in air traffic control (ATC). Studies of ATC have used either objective aspects, ie, numbers and distribution of aircraft, or subjective factors, such as self-imposed performance and stress levels, with mixed results. This is partly due to the difficulty in bringing together comparable data pertaining to both air traffic, with its ever-changing distribution, and judgement or quickly fluctuating psychophysiological variables.</excerpt>', '<title>Review of stress in air traffic control: its measurement and effects</title> <excerpt>A large number of investigations have been conducted into air traffic control stress by researchers from different disciplines. This paper attempts to draw together this work by examining the methodologies and interpretations that have been used. The purpose of this approach is to highlight the research gaps in the area and to emphasize the need for greater interdisciplinary cooperation in the measurement and interpretation of air traffic control stress..</excerpt>', '<title>‘Actions not as planned’ in military air-traffic control</title> <excerpt>Observations were made of the errors made by eight air-traffic controllers over two periods each of 2½ hours. Errors were classified using a recently devised classification of motor-program errors (Reason 1979) and all the controllers were observed under three conditions of workload, and performing two ostensibly similar air-traffic tasks. More errors were found with increasing workload, but only in one of the tasks This was interpreted in terms of the pacing and time stress inherently imposed in that task.</excerpt>']"
10,33,10_Pilot fatigue impacts,['Pilot fatigue impacts'],"[""<title>Prevalence of fatigue among commercial pilots</title> <excerpt>Background: Short-haul pilots have largely been neglected in studies of fatigue, sleep loss and circadian disruption created by flight operations, but anecdotal evidence from pilots suggests that with the increasing amount of low-cost air travel, commercial pilots working short-haul operations may be becoming seriously fatigued. Aims: This study attempted to ascertain how much subjective fatigue short-haul pilots reported, and makes comparisons between low-cost and scheduled airline pilots. Methods: Pilots completed anonymous questionnaires (encompassing aviation factors, flight experience and a fatigue scale) posted on the Professional Pilots' Rumours Network website.</excerpt>"", '<title>How Pilot Fatigue Affects Operational Flight Risk in Scheduled Commercial Aviation</title> <excerpt>Pilot fatigue remains a hazard in scheduled commercial aviation, contributing to 31 aircraft accidents between 2005 and 2022, according to International Air Transport Association statistics (2023). Therefore, this study further investigated fatigue and its impact on operational flight risk in commercial aviation. More than 16,000 safety reports were analyzed using mixed methods.</excerpt>', '<title>The impact of fatigue in air medical and other types of operations: a review of fatigue facts and potential countermeasures.</title> <excerpt>Because of its effects on productivity and safety, fatigue is receiving increasing attention in a variety of settings, including aviation. Fatigue-related problems cost America an estimated $18 billion a year in terms of lost productivity, and fatigue-related drowsiness on the highways contributes to more than 1500 fatalities, 100,000 crashes, and 76,000 injuries annually. Furthermore, evidence is mounting that pilot and aircrew fatigue has been a causative factor in several aviation mishaps.</excerpt>']"
11,33,11_Crew interpersonal dynamics,['Crew interpersonal dynamics'],"['<title>Ethical problems of interaction between ground-based personnel and orbital station crewmembers</title> <excerpt>Manned missions onboard orbital stations Salyut-6 and Salyut-7 have led us to the conclusion that a long-term space mission can be viewed as a complex socio-man-machine system whose effectiveness largely depends on the quality of interaction between its subsystems. When analyzing and assessing the reliability of this system, it is important to consider ethical aspects, because they concern human relations, permeating its very component and in the long run determining its efficiency. Psychological and medical examinations before, during and after manned missions have helped us to identify the major points of interaction of the subsystems which require adequate monitoring and optimization using socio-psychological and organization-technical approaches: arrangement and evaluation of the quality of work, arrangement of proper leisure, psychological comfort in the interpersonality and intergroup relations during prolonged space missions.</excerpt>', '<title>Psychological, emotional studies of Mir space station missions show Russians fared better than Americans.</title> <excerpt>Weekly surveys gathered from crewmembers and mission control personnel during NASA missions to the Mir space station were used to rate mood, work environment, and interactions with the rest of the crew. Analysis of the surveys indicated that Americans were less satisfied with their group interactions and work environments than Russians. Also, mission control workers reported higher levels of tension, fatigue, confusion, and overall negative feelings than the astronauts and cosmonauts..</excerpt>', '<title>Content analysis of the crew communication with external communicants under prolonged isolation</title> <excerpt>Background: The communication between space crews and outside monitoring personnel in Mission Control gives us valuable information about crewmember psychological health. Studying the formal parameters of similar communication during ground-based space simulation missions helps us understand the psychological climate of confined groups over time, and this information can be applied to long-term space missions. Hypotheses: We hypothesized that psychological closing and information filtration will be observed in a confined crew as the mission progresses and will differ by the type of communication (eg, audio vs computer-generated) with the outside monitors in the simulated Mission Control (MC).</excerpt>']"
12,30,12_Pilot health challenges,['Pilot health challenges'],"['<title>Psychological distress in Spanish airline pilots during the aviation crisis caused by the COVID-19 pandemic and psychometric analysis of the 12-item general health questionnaire</title> <excerpt>The aim of this study was to evaluate the psychological distress of Spanish airline pilots, a group of professionals undergoing an unprecedented work situation as a result of the Covid-19 pandemic. To do so, we administered the General Health Questionnaire-12 (GHQ-12). A total of 342 questionnaires were obtained, with the largest respondent age group being 41–50 years.</excerpt>', '<title>Grounding of Pilots: Medical Reasons and Recommendations for Prevention</title> <excerpt>BACKGROUND: this article presents the results of an EASA-commissioned study aimed at analyzing the medical causes of grounding of a broad European pilot population and recommending measures to reduce the risk of in-flight incapacitation in commercial air transport pilots. method: European National Aviation Authorities (NAAs) were requested to provide data concerning the total number of pilots that were examined, their age and license category, number of unfit pilots, and the medical causes of each case of grounding. Diagnoses were classified according to the format and definitions laid down in Commission Regulation (EU) No.</excerpt>', ""<title>Investigation of pilots' mental health and analysis of influencing factors in China: based on structural equation model</title> <excerpt>Background: Pilots' physical and mental health might be significant contributing factors to flight safety. Exploring pilots’ health-related quality of life (HRQoL) is crucial for aviation security, health management, and psychological security. This study aimed to explore HRQoL and mental health of pilots and analyze the health characteristics and influencing factors, such as demographic data, personality traits, social support, and resilience.</excerpt>""]"
13,29,13_Aviation Safety Culture,['Aviation Safety Culture'],"['<title>Aviation on the ground: Safety culture in a ground handling company</title> <excerpt>Ground handling work performance is an important part of the civil aviation flight cycle. Well-functioning safety management for minimizing the risk for accidents is vital and dependent on the safety culture. This article reports on a safety culture assessment of a ground handling company using a multiplex approach method.</excerpt>', '<title>Development and initial validation of an Aviation Safety Climate Scale</title> <excerpt>Problem: A need was identified for a consistent set of safety climate factors to provide a basis for aviation industry benchmarking. Method: Six broad safety climate themes were identified from the literature and consultations with industry safety experts. Items representing each of the themes were prepared and administered to 940 Australian commercial pilots.</excerpt>', '<title>Development and initial validation of a survey for assessing safety culture within commercial flight operations</title> <excerpt>This article describes efforts to validate a safety culture survey for aviation operations based on the 5-factor model suggested by Wiegmann, Zhang, von Thaden, Gibbons, and Sharma (2004). The 5-factor model includes organizational commitment, management involvement, pilot empowerment, reporting systems, and accountability systems as they pertain to safety within an airline. The Commercial Aviation Safety Survey, designed around these 5 factors, was distributed to pilots and managers of a large U.S.</excerpt>']"
14,28,14_Occupational stress in aviation,['Occupational stress in aviation'],"['<title>Psychosocial work environment and medical symptoms among swedish commercial airline cabin crew</title> <excerpt>Background Associations between stress measured by the demands-control model, iso-strain model, and stress-related symptoms among cabin crew were studied. Methods A questionnaire about psychosocial work environment and symptoms was answered by 918 (82%) flight attendants, stewards, and pursers at one airline company in 2005. Adjustment was made for age, gender, smoking, job category, and flight length using multiple logistic regression.</excerpt>', '<title>The stress of work: An overview</title> <excerpt>This paper looks at a number of potential occupational stressors found to predict job dissatisfaction and ill health (both mental and physical) in a variety of different occupational settings. Factors intrinsic to the nature of the job, role ambiguity and conflict, poor relationships at work, lack of career development, inadequate organisation structure/climate, and problems associated with the interface between work and homelife are the focal points of attention. Many of these sources of occupational stress are prevalent in the field of aviation, and may be exacerbated by the move toward deregulation and increasing commercial competition within the industry..</excerpt>', '<title>Subjective health complaints, work-related stress and self-efficacy in Norwegian aircrew</title> <excerpt>Background The European civilian aviation industry has undergone major changes in the last decade. Despite this, there is little knowledge about work-related stress and subjective health complaints (SHCs) affecting Norwegian aircrew. Aims To investigate the relationships between work-related stress, self-efficacy and SHCs in commercial aircrew in Norway and to explore differences between cockpit and cabin crew.</excerpt>']"
15,28,15_Prospective memory cues,['Prospective memory cues'],"['<title>Instructions and information processing in a complex task</title> <excerpt>Designed 2 experiments involving a decision task with a static display analog of a radar display similar to that used in air traffic control. 50 male undergraduates were required to detect potential collision situations in a sequence of independent displays. Ss in both experiments either (a) were trained entirely with pictorial displays and provided with assumptions involved in constructing the air traffic situations, or (b) were initially trained with displays containing verbal descriptions of possible situations and not given underlying assumptions.</excerpt>', '<title>Effects of information load and instructions on performance in a complex task</title> <excerpt>Employed a decision task designed with a static display analogue of a radar display similar to that used in air traffic control. The analogue allowed formal information load to vary independently of numerosity. Ss detected potential collision situations in a sequence of independent displays.</excerpt>', ""<title>Temporal management of flight strips in en route air traffic control: A full-scope simulation test on task analyses assumptions</title> <excerpt>In en route air traffic control, task analyses assume that the planning controller detects potential problems to alleviate the radar controller's workload. Ten expert controllers were involved in a full-scope simulation study, and displacements of flight strips were analyzed as a function of the controller and as a function of the role these motor acts have in indicating problem detection, monitoring the ongoing resolution, or sending the aircraft to other control positions. Task analysis assumptions related to the ongoing resolution and to the end of problems were confirmed.</excerpt>""]"
16,28,16_Psychological Capital in Hospitality,['Psychological Capital in Hospitality'],"['<title>Examining the moderating effects of service climate on psychological capital, work engagement, and service behavior among flight attendants</title> <excerpt>This study aims to validate the mediating process of “psychological capital-work engagement-service behavior”, and examines the moderated mediating effect of service climate. By questionnaire survey, this study investigated 375 flight attendants of China Airlines based in Taiwan, and validated the hypotheses through hierarchical regression analysis. The results showed that flight attendants with high psychological capital tend to show more work engagement and better service behavior.</excerpt>', ""<title>Positive psychological capital and emotional labor in Korea: the job demands-resources approach</title> <excerpt>This study examined the effect of organizational justice perception on service employees' positive psychological capital and the influence of positive psychological capital on surface and deep acting. Drawing on the job demands-resources (JD-R) model and the literature on positive work environment, the indirect effects of perceived distributive and procedural justice on surface and deep acting through service employees' psychological capital were hypothesized. Using data from 263 flight attendants of the largest airline company in South Korea, the results indicated that perceived distributive and procedural justice were positively related to service employees' psychological capital, which, in turn, fostered deep acting but not surface acting.</excerpt>"", '<title>Effects of Psychological Capital and Person-Job Fit on Hospitality Employees’ Work-Family Conflict, Family-Work Conflict and Job Performance: The Moderating Role of Marital Status</title> <excerpt>Drawing on the conservation of resources (COR) theory and congruence theory, this study aims to investigate the influence of psychological capital (PsyCap) and person-job fit (PJ fit) on work–family conflict (WFC), family–work conflict (FWC) and job performance (JP), especially the moderating effect of marital status on hypothesized relationships between two directions of conflicts in the work-family interface and JP. Utilizing a two-stage design, this study surveyed 312 flight attendants employed by two international airline companies in Malaysia and used the structural equation modeling technique to test the hypothesized relationships. Findings showed that PsyCap could significantly alleviate two directions of WFC simultaneously and promote employees’ JP.</excerpt>']"
17,26,17_Aviation Psychology Research,['Aviation Psychology Research'],"[""<title>Some lasting consequences of US Psychology Programs in World Wars I and II</title> <excerpt>Applied research in psychology not only has contributed directly to societal advances but often has fostered basic research as well. Prominent examples are die programs directed by Yerkes in World War I to develop the Army Alpha test and several programs in World War II, including The American Soldier diat assessed soldiers' attitudes during the war; a program for selecting agents for the Office of Strategic Services; and the Aviation Psychology Program to select and classify applicants for flight training in the Army Air Forces. Highlights of these programs are presented here, with special attention given to by far the largest, the Air Forces program.</excerpt>"", '<title>Psychological activities in the Training Command, Army Air Forces</title> <excerpt>The development of the Aviation Psychology Program in the AAF Training Command since an earlier report in 1943 (see 18: 1497) is treated, consisting largely of a report of the activities of the Psychological Section, Medical Division, Headquarters, AAF Training Command. The report is made under the following headings: mission of the section; organization and personnel; supervision of classification testing and processing; maintenance of basic data; development and validation of devices for predicting aircrew success; application of the classification test battery to other groups; training research problems; special research studies; publications; and prospectus. (PsycINFO Database Record (c) 2006 APA, all rights reserved).</excerpt>', '<title>Clinical research in the Aviation Psychology Program of the Army Air Forces</title> <excerpt>During the past year there has been increased emphasis on the problems of training methods, instructor selection, selection of flying personnel for key positions in combat, and redistribution of returnees. Several significant studies utilizing clinical psychological methods are described in this report. These are discussed under the following headings: case studies of pilots in training, clinical evaluation of aviation trainees, projective techniques, and adjustment after combat.</excerpt>']"
18,26,18_Aviation training devices,['Aviation training devices'],"['<title>Event-based approach to training (EBAT)</title> <excerpt>The importance of providing real-world experience through virtual environments is well accepted, and this mode of training is used extensively in aviation. It is, therefore, surprising that there are few general methods that guide the design of simulation-based training. The lack of such methods is problematic.</excerpt>', ""<title>Personal Computer Aviation Training Devices: Their Effectiveness for Maintaining Instrument Currency</title> <excerpt>This study examined the effectiveness of personal computer aviation training devices (PCATDs) for maintaining the Federal Aviation Administration's instrument-currency requirement. One hundred and six instrument-current pilots received an instrument proficiency check (IPC) and were assigned equally to 3 independent training groups (aircraft, flight training device [FTD], and PC AID) and to a control group who received no training. The 3 training groups received recurrent training in their respective devices over the course of a 6-month period, following which all 4 groups received a second IPC.</excerpt>"", '<title>Personal computer-based flight training devices</title> <excerpt>This article reviews the role of personal computer aviation training devices (PCATDs) in general aviation pilot training. A brief history of flight simulator development is provided, accompanied by a sampling of early research on the effectiveness of simulator training. PCATDs are described along with their more common interface devices.</excerpt>']"
19,24,19_Stress in pilots,['Stress in pilots'],"['<title>Salivary alpha-amylase activity and stress in Japan air self-defense force cargo pilots involved in Iraq reconstruction</title> <excerpt>Objectives: This study aimed to verify whether salivary α-amylase enzyme activity (Amy) is useful as a biomarker of stress in pilots working in a stressful environment. Methods: The subjects in this study were nine Japan air self-defense force pilots who participated in Iraq reconstruction support activity in Kuwait. Amy was measured using a portable salivary amylase monitor at preflight, postflight, and on stand-by day.</excerpt>', '<title>Neuroendocrine responses to psychological workload of instrument flying in student pilots</title> <excerpt>Background: Information processing and stress tolerance are necessary features for instrument flying (IRF), especially among student pilots. Psychological workload of IFR flight may lead to stress reactions such as neuroendocrine activity. Methods: Neuroendocrine responses to an IFR flight with Vinka piston-engined primary trainer were studied in 35 male volunteers who participated in the basic military flying course of the Finnish Air Force (FAF).</excerpt>', '<title>Effects of air transportation cause physiological and biochemical changes indicative of stress leading to regulation of chaperone expression levels and corticosterone concentration</title> <excerpt>Laboratory animals generally experience numerous unfamiliar environmental and psychological influences such as noises, temperatures, handling, shaking, and smells during the process of air transportation. To investigate whether stress induced by air transportation affects stress-related factors in animals, the levels of hormone and chaperone protein were measured in several tissues of F344 rats transported for 13 h and not transported. Herein, we conclude that the levels of corticosterone, HSP70, and GRP78 were significantly increased in the transported group compare to not transported group, but they were rapidly restored to the not transported group level after a recovery period of one week.</excerpt>']"
20,23,20_Pilot stress management,['Pilot stress management'],"['<title>Variations in mood states among Brazilian air force pilots: a crossover analysis between operational and aerobatic flight missions</title> <excerpt>Background: Aerobatic flight maneuvers expose military pilots to a confluence of physiological and psychological stressors—including sustained G-forces, vestibular disorientation, and neuromuscular fatigue—that may acutely modulate emotional states and compromise cognitive performance. However, the differential psychometric impact of routine operational flights versus high-intensity air demonstrations remains poorly characterized. Purpose: To examine and compare mood state fluctuations elicited by distinct aerial mission profiles—operational maintenance (OM) flights and aerobatic demonstrations (AD)—within a specialized military pilot cohort.</excerpt>', '<title>Comparison between artificial neural network and multilinear regression models in an evaluation of cognitive workload in a flight simulator</title> <excerpt>In this study, the performances of artificial neural network (ANN) analysis and multilinear regression (MLR) model-based estimation of heart rate were compared in an evaluation of individual cognitive workload. The data comprised electrocardiography (ECG) measurements and an evaluation of cognitive load that induces psychophysiological stress (PPS), collected from 14 interceptor fighter pilots during complex simulated F/A-18 Hornet air battles. In our data, the mean absolute error of the ANN estimate was 11.4 as a visual analog scale score, being 13-23% better than the mean absolute error of the MLR model in the estimation of cognitive workload.</excerpt>', '<title>Metabolic flexibility associated with flight time among combat pilots of the Brazilian air force</title> <excerpt>Introduction: Fighter pilots must support the effects of many stressors, including physical and psychological exertion, circadian disturbance, jet lag, and environmental stress. Despite the rigorous selection of military pilots, those factors predispose to failures in physiological compensatory mechanisms and metabolic flexibility. Objectives: We compared through NMR-based metabolomics the metabolic profile of Brazilian F5 fighter pilots with different flight experiences vs the control group of non-pilots.</excerpt>']"
21,23,21_Spatial Disorientation Training,['Spatial Disorientation Training'],"['<title>Aviation-Associated Spatial Disorientation and Incidence of Visual Illusions Survey in Military Pilots</title> <excerpt>Objective: The lack of information on active military pilots has led to the present study, which aimed to analyze the sense of aviation-associated spatial disorientation and the incidence of visual illusions of fighter and transport military pilots through a post-flight survey. Background: The advance of aeronautics has led to further aircraft developments, increasing heights and speeds which increase the psychophysiological demands, thus leading to greater incidence of spatial disorientation and visual illusions. Methods: 60 male pilots with large professional experience (1012\xa0h\xa0± 250 accumulated flying hours) between 7 and 18\xa0years in their respective units and experience in international missions in the current conflict areas as Lebanon, Afghanistan, Bosnia, Kosovo, and Iraq, were subjected to a post-flight visual experience questionnaire.</excerpt>', '<title>Selective Attention and Working Memory Under Spatial Disorientation in a Flight Simulator</title> <excerpt>Objective: The aim of this study was to test the effects of visual and vestibular spatial disorientation on the cognitive performance of military aviators while they were piloting a flight simulator. Background: Spatial disorientation (SD), the inability to correctly determine the position and orientation of the aircraft in relation to the ground, poses a serious threat in aviation and can impair the cognitive performance of pilots while flying. More evidence is needed on the effects of visual and vestibular SD on cognition in flight simulators.</excerpt>', ""<title>Development and validation of spatial disorientation scenarios using virtual reality and motion simulator</title> <excerpt>Spatial Disorientation (SD) can cause critical aviation accidents by adversely affecting the pilot's ability to perform a flight mission. One of the strategies to improve pilots' ability to deal with SD is to perform SD training using Virtual Reality and Motion Simulator (VRMS) system. However, there is still a lack of studies that investigated the application of VRMS for SD training.</excerpt>""]"
22,21,22_Human factors in aviation,['Human factors in aviation'],"['<title>Identifying Human Factor Causes of Remotely Piloted Aircraft System Safety Occurrences in Australia</title> <excerpt>Remotely piloted aircraft are a fast-emerging sector of the aviation industry. Although technical failures have been the largest cause of accident occurrences for Remotely Piloted Aircraft Systems (RPASs), if they are to follow the path of conventionally crewed aviation, Human Factors (HFs) will increasingly contribute to accidents as the technology of RPASs improves. Examining an RPAS accident database from 2008–2019 for HF-caused accidents and coding to the Human Factors Analysis and Classification System (HFACS) taxonomy, an exploration of RPAS HFs is carried out and the predominant HF issues for RPAS pilots identified.</excerpt>', '<title>Exploring the intellectual insights in aviation safety research: A systematic literature and bibliometric review</title> <excerpt>Research in aviation safety has led to significant advancements in the aviation industry. These studies have included human factors, cutting-edge technologies, risk assessment models, and computational and experimental methods to make aircraft safer, humans more reliable, and stakeholder decision-making better. However, there is not any systematic review research to answer key questions in this domain.</excerpt>', '<title>Investigating Language Factors in Aviation Accidents</title> <excerpt>Linguistic and operational experts reviewed accident investigation reports covering a 22-year period (1990-2012) revealing that language factors impact aviation safety in a variety of ways, in contexts extending beyond pilot and air traffic controller communications. The investigation of possible language factors is not accorded the same degree of systematic and expert analysis as is given to the investigation of other human performance and operational factors. © 2022 Hogrefe Publishing..</excerpt>']"
23,20,23_Human health in space,['Human health in space'],"['<title>Medes clinical research facility as a tool to prepare ISSA space flights</title> <excerpt>This new multi-disciplinary medical experimentation center provides the ideal scientific, medical and technical environment required for research programs and to prepare international space station Alpha (ISSA) missions, where space and healthcare industries can share their expertise. Different models are available to simulate space flight effects (bed-rest, confinement,...). This is of particular interest for research in Human psychology, physiology, physiopathology and ergonomics, validation of biomedical materials and procedures, testing of drugs, and other healthcare related products.</excerpt>', ""<title>SY-MIS Project: Biomedical Design of Endo-Robotic and Laparoscopic Training System for Surgery on the Earth and Space</title> <excerpt>Despite the location (Earth or Space), surgical simulation is a vital part of improving technical skills and ensuring patients' safety in the real procedure. The purpose of this study is to describe the Space System for Minimally Invasive Surgery (SY-MIS©) project, which started in 2016 under the supervision of the Center for Space Systems (C-SET). The process connects the best features of the following machines: Biomedik Surgeon, Space Biosurgeon, SP-LAP 1, and SP-LAP 2, which were defined using the VDI 2221 guidelines.</excerpt>"", '<title>A Year on the International Space Station: Implementing a long-duration biomedical research mission</title> <excerpt>INTRODUCTION: The year-long mission of American astronaut Scott Kelly and Russian cosmonaut Mikhail Kornienko included the most complex biomedical experiments ever conducted on the International Space Station-and arguably in human spaceflight-to establish insight into human health risks of interplanetary exploration. Focusing on risk mitigation, NASA conducted investigations that addressed spaceflight health hazards to varying degrees. This pilot mission was initiated to gain further knowledge and monitor the physiological, psychological, and medical effects of long-duration exposure to spaceflight.</excerpt>']"
24,20,24_Pilot decision making,['Pilot decision making'],"['<title>Introduction to cognitive processes of expert pilots.</title> <excerpt>This report addresses the historical problem that a very high percentage of accidents have been classified as involving ""pilot error."" Through extensive research since 1977, the Federal Aviation Administration determined that the predominant underlying cause of these types of accidents involved decisional problems or cognitive information processing. To attack these problems, Aeronautical Decision Making (ADM) training materials were developed and tested for ten years. Since the publication of the ADM training manuals in 1987, significant reductions in human performance error (HPE) accidents have been documented both in the U.S.</excerpt>', '<title>Examining flight time, cognitive reflection, workload, stress and metacognition on decision making performance for pilots during flight\xa0simulation</title> <excerpt>Despite technological advancements, human decision errors still contribute to civil aviation accidents. This study investigated whether flight time, cognitive reflection, task-load, metacognition, and perceived stress predicted decision-making (DM) performance during two in-flight training simulations with 104 commercial pilots at Bogota International Airport. Hierarchical regression analysis revealed that the predictors accounted for 56% of the variance.</excerpt>', '<title>Integrating the HFACS Framework and Fuzzy Cognitive Mapping for In-Flight Startle Causality Analysis</title> <excerpt>This paper discusses the challenge of modeling in-flight startle causality as a precursor to enabling the development of suitable mitigating flight training paradigms. The article presents an overview of aviation human factors and their depiction in fuzzy cognitive maps (FCMs), based on the Human Factors Analysis and Classification System (HFACS) framework. The approach exem-plifies system modeling with agents (causal factors), which showcase the problem space’s characteristics as fuzzy cognitive map elements (concepts).</excerpt>']"
25,20,25_Air Traffic Controllers' Auditory Skills,"[""Air Traffic Controllers' Auditory Skills""]","['<title>Cardiovascular response patterns and speech: A study of air traffic controllers</title> <excerpt>The present study examined the relationship between cardiovascular (CVS) response and speech among air traffic controllers (ATCs). During two one-hour work sessions continuous EKG, ear pulse, and audio recordings were obtained individually from 24 male ATCs. In one session the controller actively controlled aircraft, while in the other he worked in a support/coordinator position.</excerpt>', '<title>Auditory skills of figure-ground and closure in air traffic controllers</title> <excerpt>Purpose: To investigate the auditory skills of closure and figure-ground and factors associated with health, communication, and attention in air traffic controllers, and compare these variables with those of other civil and military servants. Methods: Study participants were sixty adults with normal audiometric thresholds divided into two groups matched for age and gender: study group (SG), comprising 30 air traffic controllers and control group (CG), composed of 30 other military and civil servants. All participants were asked a number of questions regarding their health, communication, and attention, and underwent the Speech-in-Noise Test (SIN) to assess their closure skills and the Synthetic Sentence Identification Test - Ipsilateral Competitive Message (SSI-ICM) in monotic listening to evaluate their figure-ground abilities.</excerpt>', '<title>The selective-listening task as a test for pilots and air traffic controllers</title> <excerpt>This study evaluates the selective-listening task (SLT) originally developed by Gopher and Kahneman (1971). A brief analysis of the abilities measured by the SLT is presented, and investigations involving Royal Netherlands Air Force aviator applicants and Royal Netherlands Navy air traffic control applicants are reported. Task performance of samples from both populations (N = 175 and N = 87, respectively) correlated significantly with subsequent pass-fail in training (r = .34).</excerpt>']"
26,20,26_Crew Resource Management,['Crew Resource Management'],"['<title>MRM training, evaluation, and safety management</title> <excerpt>Maintenance resource management (MRM) programs started as training programs aimed at increasing the awareness regarding human performance limitations in the aviation maintenance environment. Since their inception in 1989, MRM programs in the United States have undergone 4 generations of development (Taylor & Patankar, 2001) and are currently morphing themselves yet again toward the 5th generation, one that incorporates a Federal Aviation Administration-approved voluntary error-reporting program such as the Aviation Safety Action Program (ASAP) or a generic or internal error-reporting program. This article describes the MRM training, evaluation, and safety management research program as it tracked the evolution of training content as well as the attitudinal, behavioral, and performance changes toward the development of proactive safety management programs..</excerpt>', '<title>Introducing a subject matter expert-based utility analysis approach to assessing the utility of organizational interventions such as crew resource management training</title> <excerpt>Utility analysis is a series of statistical procedures used to quantify the fiscal gains accrued from implementing human resource management interventions (eg, training programs) over their associated costs. Although empirical evaluation studies are typically used to generate the required utility parameters, particular circumstances might make it difficult if not impossible to conduct such studies. In response to situations where it is not possible to conduct formal empirical evaluation studies, we present a subject matter expert (SME)-based approach to implementing utility analysis-based evaluations using a crew resource management (CRM) case study in commercial aviation as an illustrative example.</excerpt>', ""<title>Developing a Method for Evaluating Crew Resource Management Skills: A European Perspective</title> <excerpt>The European Commission in conjunction with the European Joint Aviation Authorities (Human Factors Project Advisory Group) has been sponsoring a series of studies investigating a culturally robust method for the evaluation of pilots' nontechnical skills (NTS) for multicrew operations. This article outlines the development of a European NTS behavioral marker system for crew resource management evaluation called NOTECHS and presents preliminary results from an ongoing-test phase of this system (Joint Aviation Requirements Translation and Elaboration of Legislation [JARTEL]). The JARTEL project has involved 105 instructors from 14 European airlines who were given a short training session to use the NOTECHS system.</excerpt>""]"
27,20,27_Cognitive effects of hypoxia,['Cognitive effects of hypoxia'],"['<title>Effects of Aerobic Capacity on Cognitive Functions During Hypoxia</title> <excerpt>Objective: We aimed to investigate the role of aerobic capacity on cognitive functions during hypoxic conditions. Background: Possessing a mishap risk in aviation, acute hypobaric hypoxia has some negative effects on cognitive functions. Therefore, it is important to develop hypoxia tolerance to preserve the mental functions of pilots against possible hypoxic conditions during flight.</excerpt>', '<title>Human performance during exposure to toluene</title> <excerpt>Purpose: The purpose of this research was to examine the effects of inhalation of toluene on respiratory function and neuropsychological performance of humans. Methods: We exposed six healthy adults to 100 ppm toluene or air (control) for 6 h, in a double-blind, randomized fashion, with exposures separated by at least 14 d and including 30 min of exercise at a level that quadrupled minute ventilation. Blood and exhaled air toluene levels were measured before, during, immediately, and 1 and 2 h post- exposure.</excerpt>', '<title>Effects of mild hypoxia in aviation on mood and complex cognition</title> <excerpt>Thirty six volunteer air force personnel were sequentially exposed in a randomized balanced order in a hypobaric chamber to 30 min of baseline (sea level) and mild hypoxia induced by a specified altitude (sea level, 8000 ft and 12,000 ft), followed immediately by breathing 100% oxygen from an oro-nasal mask. Mood and complex cognition were assessed. Analysis of variance indicated that mood (fatigue and vigour) remained the same at 8000 ft but fatigue was increased (p = 0.001) and vigour reduced (p = 0.035) at 12,000 ft and was restored by supplementary oxygen.</excerpt>']"
28,19,28_Military personnel wellness,['Military personnel wellness'],"[""<title>Influence of attitude and expectation on moods and symptoms during cold weather military training</title> <excerpt>The present study examined the influence of the following: 1) air temperature, 2) day into training, 3) self rating of life stress, 4) rating of relative warmth in cold weather, and 5) expectation for liking cold weather training, on 59 soldiers' self-reports of illness and mood during 3 days of training in the cold (-18° to 0°C range). Mood was assessed on six domains of the Profile of Mood States rating scale, and symptoms of illness were assessed on 5 domains of the Environmental Symptoms Questionnaire. Multiple regression analyses showed that: 1) the most soliders expected to dislike the cold weather training, the more tense, depressed, angry, fatigued, and physically uncomfortable they were during training; 2) the more stress they perceived in their everyday lives, the more fatigued, confused, and physically uncomfortable they were during training; 3) as days into training increased the more fatigued and physically uncomfortable they became; and 4) due to appropriate clothing and training, ambient temperature was found to have no significant influence on the soldiers' moods and symptoms..</excerpt>"", '<title>Mood as a predictor of discharge from air force basic training</title> <excerpt>In order to determine the predictive validity of the Total Mood score, the Negative Mood Scale, and the Positive Mood Scale of the ST-Depression Adjective Check Lists (ST-DACL), the state version of lists C and D of the ST-DACL was administered on the second day of the Air Force basic training program to 229 newly enlisted Air Force recruits (men = 113; women = 116). Findings were that DACL total score yielded the best overall classification rate, the Positive Mood Scale was most related to predicting eventual discharge, and the Negative Mood Scale was best at predicting graduation..</excerpt>', ""<title>Reflexion about medical and psychological preparation of air force personnel; Considérations sur la préparation médico-psychologique des personnels de l'armée de l'Air</title> <excerpt>The medical and psychological preparation of personnel in the armed forces is designed to facilitate the adaptation of an individual, with all their singularities, to an environment with specific constraints. In an idealized flight operation that has become real thanks to the implementation of more and more sophisticated tools, Air Force personnel must deal with the dangers inherent in an aeronautical environment. These specific constraints (the decrease of atmospheric pressure, constraints related to the aircraft, equipment and mission) justify an adaptation of the current medical-psychological training in the armed forces.</excerpt>""]"
29,19,29_Pilot weather safety,['Pilot weather safety'],"['<title>A Two-Stage Model of Diversion Knowledge and Skills Highlights Where Pilot Factors Impact Safety-Related Outcomes</title> <excerpt>Objective: To assist stakeholders apply targeted safety strategies, we developed and tested a two-stage model of diversion knowledge and skills. Background: Understanding pilot factors in weather-related diversions is integral to reducing the phenomenon of visual flight rules flight into meteorological conditions. Method: Thirty-six general aviation pilots flew a cross-country flight in a Cessna 172 simulator where they encountered an ATC-directed diversion due to deteriorating weather.</excerpt>', '<title>General Aviation Weather Alerting: The Effectiveness of Different Visual and Tactile Display Characteristics in Supporting Weather-Related Decision Making</title> <excerpt>Objective: This research analyzed the effects of weather technology interface characteristics on the quality and timeliness of weather-related decision making via mental workload and situational awareness (SA) metrics using flight training devices (FTDs) and follow-up in-flight validation testing. Background: A significant number of fatal general aviation (GA) accidents are attributable to pilots flying into instrument meteorological conditions without the necessary certification for safe operation. Even when takeoff conditions are clear, they can degrade in flight.</excerpt>', '<title>Pilot behaviors in the face of adverse weather: A new look at an old problem</title> <excerpt>Introduction: Weather-related general aviation accidents remain one of the most significant causes for concern in aviation safety. Previous studies have typically compared accident and non-accident cases. In contrast, the current study does not concentrate on occurrence outcome.</excerpt>']"
30,18,30_Cognitive functions in air traffic control,['Cognitive functions in air traffic control'],"['<title>Human-automation teams and adaptable control for future air traffic management</title> <excerpt>The design and management of human-automation teams for future air traffic systems require an understanding of principles of cognitive systems engineering, allocation of function and team adaptation. The current article proposes a framework of human-automation team adaptable control that incorporates adaptable automation [Oppermann, R., Simm, H., 1994. Adaptability: user-initiated individualization.</excerpt>', '<title>Systems change in transport control: Applications of cognitive work analysis</title> <excerpt>Cognitive work analysis (CWA) is a comprehensive and in-depth framework for analyzing cognitive work. In recent years, the framework has received much attention in human factors research and particularly in aviation, air traffic control (ATC) and defense. This article presents the application of CWA in 2 industrial contexts-rail signaling and ATC.</excerpt>', '<title>Hybrid system model of air traffic controller cognition</title> <excerpt>Increased automation in air traffic control has many benefits, but to incorporate advanced automation tools safely and effectively requires careful analysis of their impact on human controllers. The literature on cognitive psychology and human factors has produced many qualitative models that describe the cognitive processes of controllers as well as a variety of computational models that attempt to reproduce the way controllers make decisions. The work presented here uses these results to form a novel hybrid system framework for modeling human cognition and describes a model of air traffic controller cognition based on this framework.</excerpt>']"
31,17,31_Human error in aviation,['Human error in aviation'],"['<title>Human error on the flight deck.</title> <excerpt>Despite terrorist bombs and structural failures, human error on the flight deck continues to account for the majority of aircraft accidents. The Royal Air Force (RAF) Institute of Aviation Medicine (IAM) has investigated the psychology of such error since the early 1970s, and to this end has used two principal techniques. The first has involved assisting in the official inquiries into both RAF and civil flying accidents, and the second has involved setting up a reporting system that permits any commercial pilot to report his own everyday errors, in complete confidence, to the RAF IAM.</excerpt>', '<title>Analysis on coupling dynamic effect of human errors in aviation safety</title> <excerpt>Human factors have increasingly been the leading cause of aircraft accidents. In most cases, human factors are not working alone, instead they are coupled with complex environment, mechanical factors, physiological and psychological factors of pilots, and organizational management, all of which form a complex aviation safety system. It is vital to investigate the coupling impact of human errors to avoid the occurrence of aviation accidents.</excerpt>', '<title>Human error perspectives in aviation</title> <excerpt>As aircraft have become more reliable, humans have played a progressively more important causal role in aviation accidents, resulting in the proliferation of human error frameworks and accident investigation schemes. To date, however, few efforts have been made to systematically organize these different approaches based on underlying theoretical similarities, and formalized methods for evaluating the utility of these multiple approaches have not been clearly defined. Many safety professionals, therefore, have been at a loss when choosing which error analysis and prevention approach to use within their organizations.</excerpt>']"
32,17,32_Pilot occupational stress,['Pilot occupational stress'],"['<title>Strengthening professional efficacy due to sustainable development of social and individual competences-Empirical research study among Polish and Slovak employees of the aviation sector</title> <excerpt>Nowadays, taking into account the multidimensionality of the external environment and necessity of the sustainable development of human resources, organizations are obliged to take more care of the psychological resources of their employees, eg, positive orientation, ego resilience, and emotional stability. Such resources affect how we cope with stress and a sense of threat. The authors of this paper focus on people employed in the aviation sector, who work in the hard-to-cope environment of full automation, demanding working conditions and numerous stressors.</excerpt>', '<title>The Moderating Role of Resilience in the Relationship Between Occupational Stressors and Psychological Distress Among Aviation Pilots in Pakistan</title> <excerpt>Background: Aviation is one of the most demanding professions, exposing pilots to persistent stressors such as fatigue, irregular schedules, and high safety responsibility. These conditions heighten vulnerability to depression, anxiety, and stress (DAS), yet the protective mechanisms mitigating such effects remain less well understood. Objective: This study examined the roles of resilience, coping strategies, and fatigue in predicting DAS among commercial airline pilots.</excerpt>', '<title>Occupational and psychosocial stress among commercial aviation pilots</title> <excerpt>The sources of occupational and domestic stress, together with life events and coping strategies, were assessed in terms of their influence on job dissatisfaction, mental health, and performance among a group of 442 commercial airline pilots. It was found that self-perceived poor performance was associated with job-related factors such as fatigue and anxiety about required courses, performance checks, and insufficient flying time, particularly among older pilots. Job dissatisfaction was predicted by lack of career opportunities, poor organizational climate and morale, and lack of autonomy at work, together with some domestic stressors (eg, family health).</excerpt>']"
33,17,33_Air Traffic Controller Performance,['Air Traffic Controller Performance'],"['<title>A Technical Device for Determining the Predispositions of Students—Air Traffic Controllers and Pilots during Multitasking Training</title> <excerpt>Featured Application: Authors are encouraged to provide a concise description of the specific application or a potential application of the work. This section is not mandatory. The specific professions of aviation personnel include the professions of the pilot and air traffic controller.</excerpt>', '<title>Psychological readiness of air traffic controllers for their job</title> <excerpt>This article highlights the importance of examining human factors in aviation, especially in air traffic control. It analyzes the factors affecting performance of air traffic controllers (ATC) and increase or decrease of security. The aim is to eliminate the risk factors affecting air traffic controllers in the working and the training phase..</excerpt>', '<title>Design of a competence-based assessment system for air traffic control training</title> <excerpt>Air traffic control (ATC) simulator and on-the-job training requires a valid and reliable assessment system. Competence-based assessment results in more effective learning processes and better founded pass-fail decisions, which may contribute to an increased output of competent controllers from training. At Air Traffic Control The Netherlands (LVNL) we designed an assessment system based on a newly defined set of competences.</excerpt>']"
34,17,34_Urban Air Mobility,['Urban Air Mobility'],"[""<title>Female United States air force pilot personality: The new right stuff</title> <excerpt>With increasing numbers of female military pilots, it is important to understand the psychological and psychiatric gender differences of pilots. Using the 'big five' personality structure (neuroticism, extraversion, openness to new experiences, agreeableness, and conscientiousness), female United States Air Force pilots were compared with both male Air Force pilots and to a female comparison group. Female Air Force pilots were higher on the Extraversion, Agreeableness, and Conscientiousness scales than male pilots.</excerpt>"", ""<title>Female United States Air Force (USAF) pilots: Themes, challenges, and possible solutions</title> <excerpt>Background: Identification of stresses of mixed-gender squadrons, attention to the psychological concerns of pilots in combat, and recognition of the difficulties of balancing a career and family are important in today's United States Air Force (USAF). What qualities are desirable in male and female pilots in combat situations, how do men and women view their career and family goals, and how do men and women work together in day-to-day squadron activities versus deployment and combat situations? Methods: A semi- structured clinical interview sought information about personal/family health, squadron relationships, and career/deployment stresses. The interview covered the effect of grounding for more than 30 d, motivation to fly, health decrements due to aircraft design, teamwork difficulties and blocks to success, career demands, combat and prisoner of war (POW) concerns, stress and coping styles, flying goals, and family/health concerns.</excerpt>"", '<title>The Technology Readiness and Acceptance Model as a Predictor of Pilots’ Willingness to Operate in UAM Integrated Airspace</title> <excerpt>Objective: This research study aimed to identify the factors influencing manned aircraft pilots’ willingness to operate in AAM/UAM integrated airspace using a hypothesized model grounded in the Technology Readiness Index (TRI) and Technology Acceptance Model (TAM). Background: Advanced Air Mobility (AAM) is the concept of using novel aircraft to transport cargo and passengers in and around regional and urban areas. Urban Air Mobility (UAM) is a subset of AAM.</excerpt>']"
35,16,35_Human factors in aviation safety,['Human factors in aviation safety'],"['<title>The psychologist and flying accidents</title> <excerpt>Flying accidents which are caused by human factors short-comings are an area of legitimate concern to the psychologist. This paper briefly reviews and assesses some of the ways in which psychologists have attempted to tackle the problems in terms of personality, skill, and environmental and domestic stress. It is suggested that the evidence is such as to suggest that it is not any single one, but the various possible combinations of these factors which are important..</excerpt>', '<title>After the Accident: Is There a Blame Bias Against the Airline?</title> <excerpt>Based on the deontological ethical perspective and concepts from blame psychology such as the defensive attribution hypothesis and culpable control, it is argued that people are predisposed to blame a transportation company when it is involved in an accident. This was tested in a scenario of an airline accident of uncertain cause, finding that respondents blamed the airline the most among a list of five blamable entities (pilots, mechanics-maintenance-inspectors, the weather, ground crew-air traffic control, and airline). Additionally, based on the virtue theory of ethics and the moral character perspective of blame psychology, it was hypothesized that manipulation of the virtue of the airline (mercenary versus altruistic) would result in less blame assigned to the altruistic airline in a quasi-experiment where the other factor was outcome of the accident (safe landing with a few injuries versus crash with many fatalities).</excerpt>', ""<title>The impact of life events on pilots: An extension of Alkov's approach</title> <excerpt>Recent psychological thinking has expressed dissatisfaction with life events/life changes research. The cornerstone of such research in aviation studies is the work of Alkov. We adapted Alkov's approach and used it to see if we could extend our understanding of the mechanisms involved in the life events/accident and incident relationship.</excerpt>""]"
36,16,36_Alcohol Use in Aviation,['Alcohol Use in Aviation'],"['<title>Professional Pilots’ Views of Alcohol Use in Aviation and the Effectiveness of Employee-Assistance Programs</title> <excerpt>Pilots holding the Airline Transport Pilot certificate were surveyed about the seriousness of the alcohol problem in various areas of aviation and about the importance of a number of possible reasons why a pilot might drink and fly. They also rated a number of actions in terms of their potential effectiveness for reducing inappropriate alcohol use, and they evaluated a number of characteristics of employee-assistance programs. Respondents judged employee-assistance programs to be the best way to reduce problem drinking.</excerpt>', '<title>Drinking and flying: A structural model</title> <excerpt>Background: Under a recent revision of the European Joint Aviation Authorities operations regulations it has been prohibited to act as a crew member of an aircraft with a BAC of greater than 0.02%. Methods: This survey of UK Civil Aviation Authority pilots suggests that over 50% of respondents may have flown an aircraft with a BAC of greater than this prescribed amount. Results: Professional pilots were found to be heavier drinkers than private pilots and were also more likely to infringe the 0.02% BAC rule.</excerpt>', '<title>Effects of Low Blood Alcohol Levels On Pilots’ Prioritization of Tasks During a Radio Navigation Task</title> <excerpt>Eight pilots flew a specified cross-country route using radio navigation in a flight simulator with simulated air traffic control. Four of the pilots flew with a low blood alcohol level (BAL; mean BAL = 20.63 mg%). Pilots’ performance was compared in terms of flying performance, navigation, and radio communication.</excerpt>']"
37,15,37_Situation Awareness Training,['Situation Awareness Training'],"[""<title>FASA: Development and validation of a novel measure to assess the effectiveness of commercial airline pilot situation awareness training</title> <excerpt>The present study took a novel approach to the assessment of a commercial airline pilot Situation Awareness (SA) training programme. The Factors Affecting Situation Awareness (FASA) questionnaire was developed to provide a more diagnostic measure of aircrews' acquisition and maintenance of SA. Thirty-two aircrew participants took part in this study; half received standard Line-Oriented Flight Training (LOFT) and half received bespoke SA training.</excerpt>"", '<title>A Survey of Situation Awareness Requirements in Air-to-Air Combat Fighters</title> <excerpt>The situation awareness (SA) requirements of air-to-air fighter pilots were assessed through aseries of analyses, including (a) unstructured interviews, (b) goal-directed task analysis, and (c) structured questionnaires administered to experienced pilot subjects. The resultant requirements and information on the relative priority among elements are presented along with a methodology for determining SA requirements in various systems. Limitations of the study and implications for cockpit design are discussed.</excerpt>', ""<title>Evaluation of computer-based situation awareness training for general aviation pilots</title> <excerpt>This article describes the evaluation of 6 different computer-based training modules created to teach skills that underlie the development and maintenance of situation awareness, a competency shown to be critical in pilot decision-making performance. The modules targeted basic skills training for low-time pilots (checklist completion, air traffic control comprehension, psychomotor skills) as well as training on higher order cognitive skills (attention sharing, contingency planning) and intensive preflight planning. Overall, the training modules improved participants' performance on these targeted skills.</excerpt>""]"
38,15,38_Cardiovascular health assessment,['Cardiovascular health assessment'],"['<title>Cardiovascular changes at work: Relation with some individual risk factors</title> <excerpt>Heart rate (HR) acceleration during work which is accepted as a main cardiovascular response to stress could be influenced not only by the work itself but also by some behavioural variables. The purpose of this study was to investigate the effect of several individual characteristics (age, body mass index, arterial blood pressure, Vo2max, leisure time physical activity, Type A behavior and neuroticism) on HR reactivity during work and rest. Sixty-nine male subjects practising several occupations (air traffic controllers, railway station controllers, managers, chemical operators, etc.) participated in the study.</excerpt>', '<title>Long-term predictive models of risk factors for early chronic kidney disease: A longitudinal study</title> <excerpt>Background: The high incidence and prevalence of chronic kidney disease (CKD) in Taiwan have produced tremendous burdens on health care resources. The work environment of air force special operations personnel engenders high psychological stress, and the resulting increased blood pressure can lead to glomerular hypertension and accelerated glomerular injury in the long term. The aim of the study was to establish the predictive models to define the predictors of CKD.</excerpt>', '<title>Cardiovascular reactivity to work stress predicts subsequent onset of hypertension: The air traffic controller health change study</title> <excerpt>Objective: The hypothesis that increased blood pressure reactivity to stress is an early risk marker of hypertension was tested in a 1994 follow-up of the 1974 to 1978 Air Traffic Controller Health Change Study sample. Methods: Assessments in 1974 to 1978 included physical examinations and recordings (every 20 minutes for 5 hours) of both workload (planes within controller airspace) and blood pressure reactivity. Individual differences in reactivity were used to predict 1994 self-report of ever having been told by a physician to take antihypertensive medication, assessed in a telephone survey of 218 respondents who were normotensive or stage 1 hypertensive in 1974 to 1978.</excerpt>']"
39,14,39_Pilot Risk Perception,['Pilot Risk Perception'],"[""<title>Risk perception among general aviation pilots</title> <excerpt>Two measures of pilot risk perception are described. One measure assessed pilots' perception of the level of risk experienced by other, fictional, pilots, and the second measure assessed the pilots' perceptions of the level of risk they would experience if they were personally involved in a set of scenarios. Analyses are reported for factor scores derived from the 2 measures.</excerpt>"", '<title>Development and Validation of a General Aviation Risk Perception Scale</title> <excerpt>The aim of this study was to develop a psychometric tool for measuring pilot perceptions of risk, with a focus on risk in general aviation (GA) flying. Unlike other objective protocols that pilots adhere to (eg, checklists), assessing and responding to risk is a subjective task, making it challenging to evaluate. Previous research has developed scales that are either too generalized or have poor psychometric properties (ie, reliability and validity).</excerpt>', '<title>Human risk factors associated with pilots in runway excursions</title> <excerpt>A breakdown analysis of civil aviation accidents worldwide indicates that the occurrence of runway excursions represents the largest portion among all aviation occurrence categories. This study examines the human risk factors associated with pilots in runway excursions, by applying a SHELLO model to categorize the human risk factors and to evaluate the importance based on the opinions of 145 airline pilots. This study integrates aviation management level expert opinions on relative weighting and improvement-achievability in order to develop four kinds of priority risk management strategies for airline pilots to reduce runway excursions.</excerpt>']"
40,14,40_Circadian rhythms effects,['Circadian rhythms effects'],"['<title>Circadian rhythms and fatigue: A discrimination of their effects on performance</title> <excerpt>Different effects between circadian rhythms and fatigue have been discriminated. The discrimination was based on human performance changes. It was shown that such changes, not related to loss of sleep, are more easily attributable to either circadian rhythm or fatigue effects.</excerpt>', ""<title>Significance of circadian rhythms for aviation and space operations</title> <excerpt>Operational requirements in the aerospace environment interfere with the circadian system more frequently than in other fields of human activity. Conflicts can principally arise in several ways: when duty has to be performed as night- or shiftwork, when phase shifts in the environmental timing system occur, when the time cues in the environment change their frequency or intensity, and when they completely disappear. All these sources of interference have in common that they cause disparity between the internal 'body time' and the external time of the environment.</excerpt>"", '<title>Part three: Circadian rhythms and activity-rest cycle under different CO2 concentrations</title> <excerpt>Background: During manned space missions, the actual concentration of carbon dioxide (CO<inf>2</inf>) is frequently elevated to a degree that may affect human functioning and productivity. Therefore, a ground-based international study was performed that tested various psychological and physiological functions under the condition of two different levels of CO<inf>2</inf>. Thus, a specific experiment aimed at the influence of enhanced CO<inf>2</inf>-concentrations on the sleep-wake cycle and the circadian system.</excerpt>']"
41,14,41_Psychological effects of isolation,['Psychological effects of isolation'],"['<title>Team Effectiveness and Person-Environment Adaptation in an Analog Lunar Habitat</title> <excerpt>BACKGROUND: Maintaining psychologically adaptive relationships among team members operating in an isolated, confined, and extreme (ice) environment for an extended period continues to be a challenge, with relevance for long-duration missions to the Moon and beyond. METHODS: two male architects were studied who lived and worked over a 60-d period in a polar ice environment in a lunar analog habitat they designed and helped construct. Psychological measures were completed at different points of the mission, including a post-mission debriefing interview.</excerpt>', '<title>Psychological selection of antarctic personnel: The ""SOAP"" instrument</title> <excerpt>Introduction: The potential advantage of including a psychological test battery in the selection process for service in the Antarctic was examined in 348 applicants for employment in Antarctica with the British Antarctic Survey (BAS). Methods: Applicants were screened with the Selection of Antarctic Personnel battery (SOAP) consisting of nine well-known psychological instruments. The SOAP scores were not revealed to the BAS selection panel members, who based the selection on operational criteria, interview, and a general medical examination.</excerpt>', '<title>Psychological Adaptation in a Mixed Sex and Ability Team During a Ski Expedition to the South Pole</title> <excerpt>INTRODUCTION: expeditions in remote locations are becoming increasingly commonplace. as the composition of teams change, understanding team dynamics is important to inform subsequent expeditions in challenging environments. METHODS: eight individuals (five men, three women; five military, three civilians) completed a ski expedition from the Ronne ice shelf to the south Pole over 47 d.</excerpt>']"
42,14,42_Flight-induced stress,['Flight-induced stress'],"['<title>Urinary catecholamine responses in F-15 pilots: Evaluation of the stress induced by long-distance flights</title> <excerpt>Included in the Cooperative Cope Thunder exercises from Japan to Alaska is one of the longest distance flight missions carried out by Japan Air-Self Defense Force F-15 pilots. The magnitude of the flight stress of these pilots is considered to be quite high. The purpose of this study was to evaluate the flight stress induced by the long-distance flights.</excerpt>', '<title>Catecholamine excretion in T 37 flight training</title> <excerpt>Catecholamine excretion was determined for eight USAF student pilots during three basal and four T-37 training conditions. When viewed as the dependent variable, catecholamine excretion patterns support the conclusion that the Basic Cockpit Training Emergency Procedures unit was not stressful. The remaining lesson units, including Power-on-Stall and Spin-Recovery, First Solo, and Instrument Check lesson units, resulted in a pronounced stress response.</excerpt>', '<title>Catecholamine excretion in A-10 pilots</title> <excerpt>Catecholamine excretion was determined for 15 USAF pilots during surface attack training in the A-10 aircraft. Timed urine samples were used to determine excretion rates of epinephrine and norepinephrine during basal conditions, during five sorties performed in high-realism simulators, and during six actual flights. Catecholamine excretion was significantly elevated (p<0.05) over basal rates during all 11 training sorties; therefore, it was concluded that A-10 conversion and surface attack training results in a significant stress response in the subjects.</excerpt>']"
43,14,43_Air Traffic Conflict Detection,['Air Traffic Conflict Detection'],"['<title>Hierarchical conflict detection in air traffic control</title> <excerpt>Experienced air traffic controllers and naïve college students participated in 2 experiments we conducted to test a hypothesis that controllers evaluate potential conflicts between aircraft in a hierarchical manner, comparing altitudes first for vertical separation, then extrapolating aircraft trajectories for lateral separation, and finally performing speed-distance computations for longitudinal separation. The results clearly support the hypothesis and imply that controller workload in terms of time pressure could be determined by momentary conflict geometries between aircraft pairs in a sector. Similarity of results between the groups has implications on both our understanding of controller expertise and on experimental research on air traffic control-related issues.</excerpt>', ""<title>Conflict Resolution Maneuvers in Air Traffic Control: Investigation of Operational Data</title> <excerpt>Little is known about air traffic controllers' preferred maneuvers to resolve conflicts between pairs of aircraft, despite the topic's importance of to the planned NextGen system. We analyzed 256 cases of conflict resolution maneuvering from radar track data from 5 U.S. air traffic control centers.</excerpt>"", '<title>Air traffic controller performance and workload under mature free flight: Conflict detection and resolution of aircraft self-separation</title> <excerpt>The effects of conflict detection and self-separating aircraft resolution on the mental workload and performance of en-route air traffic controllers were examined. An air traffic control simulator was used to manipulate traffic loads and traffic complexity. A mature stage of free flight was simulated by having controllers monitor self-separating aircraft.</excerpt>']"
44,14,44_Psychological effects of war,['Psychological effects of war'],"['<title>Sun exposure knowledge and practices survey of maintenance squadrons at travis AFB</title> <excerpt>Recent literature has shown that the incidence of melanoma skin cancer is significantly higher in the U.S. military than for civilians and is higher in the U.S. Air Force than other military branches.</excerpt>', '<title>Coping and recovery styles in the vietnam era prisoner of war</title> <excerpt>Of the nearly 600 Vietnam War American prisoners of war (POWs), 332 were United States Air Force flyers who had suffered maltreatment, confinement, and boredom for months to years. We examined four coping styles of USAF POWs related to successful/ unsuccessful coping and resistance stance during captivity and cognitive integration of the prisoner experience after repatriation. Findings indicate that no coping style is clearly associated with an increased risk of postrepatriation psychiatric morbidity.</excerpt>', ""<title>Impact of Combat Deployment on Psychological and Relationship Health: A Longitudinal Study</title> <excerpt>Although previous research has indicated an elevated prevalence of posttraumatic stress disorder (PTSD) and other mental health problems among veterans of Operations Iraqi Freedom and Enduring Freedom following deployment, most of this research has been cross-sectional and has focused on a limited range of military groups and outcome criteria. This investigation was a longitudinal study of U.S. Air Force security forces assigned to a year-long high-threat ground mission in Iraq to determine the degree to which airmen's emotional and behavioral health and committed relationships were adversely impacted by an extended deployment to a warzone.</excerpt>""]"
45,13,45_Aircraft Maintenance Skills,['Aircraft Maintenance Skills'],"['<title>Cognition and Habit Alterations of Maintenance Crew in A-Checks for New-Generation Aircraft: The A350XWB</title> <excerpt>Background: Airlines should ensure reliable maintenance support for aircraft operations, especially when introducing new aircraft types. To realize alternations in technicians’ cognition and habit in executing routine checks is vital to identify and set training principles during starting stages of type changes. Method: This study compiled possible alterations for A350XWB maintenance from senior practitioners and then conducted a comprehensive survey of China Airlines A-check crew members.</excerpt>', '<title>Evaluating the effects of virtual training in an aircraft maintenance task</title> <excerpt>To provide the public with continuing, safe, and reliable air transportation it is important to have a sound aircraft inspection and maintenance system. To ensure that aircraft maintenance inspectors are adequately trained, it is essential to develop a comprehensive understanding of the task of aircraft maintenance inspection. One proven technique for improving inspection performance is the use of training.</excerpt>', '<title>Hybrid Human Error Assessment Approach for Critical Aircraft Maintenance Practice in the Training Aircraft</title> <excerpt>Objective: In this study, a hybrid human error assessment (HHEA) approach is proposed to determine the probability of aircraft maintenance technician (AMT) error occurring during aircraft repair. Background: The human error assessment and reduction technique (HEART) is the first-generation empirical human reliability analysis (HRA) approach. Although this technique is used in several industries, AMTs’ errors have not been assessed with HEART and interactions of error-producing conditions (EPCs) have not been considered in calculating the probability of AMTs’ errors.</excerpt>']"
46,13,46_Psychological effects of aviation accidents,['Psychological effects of aviation accidents'],"['<title>Anniversary reactions in military aviators</title> <excerpt>The anniversary reaction is a timed, specific, psychological response arising on an anniversary of a psychologically significant experience which the individual attempts to master through reliving, rather than remembering. An individual response to anniversary stress may emerge in symptom formation, in dreams, in associations, or through behavior..</excerpt>', '<title>Community psychological effects following a non-fatal aircraft accident</title> <excerpt>Following a non-fatal military aircraft accident, two of the authors interviewed the crewmen involved in the accident, their spouses, fellow squadron members and their spouses, and individuals from the fire crew and control tower on duty during the accident. A total of 37 respondents completed questionnaires which reported the presence of intrusive, avoidant, depressive/anxious, and post-traumatic stress symptoms. Spouses reported more symptoms after the accident than their flying husbands.</excerpt>', '<title>PTSD reactions and coping responses of American Airlines flight attendants who were former employees of Trans World Airlines: Further support of a psychological contagion effect</title> <excerpt>Previous findings comparing the psychological reactions and functional coping of East Coast- and West Coast-based American Airlines (AA) flight attendants after the attacks on September 11 provide support for a psychological contagion phenomenon (Lating, Sherman, Lowry, Everly, & Peragine, 2004). The purpose of this investigation was to expand these results by creating an additional comparison group consisting of current AA flight attendants not working on either the East Coast or the West Coast and who were also previously working for Trans World Airlines (TWA) before AA took over operating authority in April 2001. As predicted, the results revealed that the rate of probable posttraumatic stress disorder for the former TWA flight attendants (15.1%) was not significantly different from the East Coast and the West Coast AA flight attendants.</excerpt>']"
47,12,47_Nursing in aerospace,['Nursing in aerospace'],"['<title>The aggressive ward visitor: a critical incident analysis.</title> <excerpt>Since its conception by the aviation psychologist Flanagan the critical incident technique has been used in nursing studies to investigate many aspects of nursing practice. While its use as a nursing research tool and a classroom teaching aid have been discussed, little has been written on the use of the technique for individual reflection for those doing post-registration courses. In this paper, the author discusses her personal reflections following a critical incident and the need for the technique to be refined.</excerpt>', '<title>Care in the air: Bringing the wounded closer to home</title> <excerpt>Aeromedical evacuation (AE) is a system within the Air Force to provide patient care in the air during transport between levels of care. The system predominantly uses guard and reserve flight crew members who are arranged into rotations. However, when a need arises because of heavy influx of sick and wounded, the activation of crew members comes with short notice.</excerpt>', '<title>Experiences and perceptions of nurses and air ambulance service providers in carrying out aeromedical evacuations in Indonesia: A qualitative research</title> <excerpt>Background: Basic non-military flight nurse training is essential for enhancing nurses’ competency in conducting aeromedical evacuations. Trained nurses possessing flight nurse proficiency are indispensable for ensuring stable patient conditions amidst the unique physical, physiological, and psychological challenges encountered during flights. Objective: This study aimed to describe the experiences and perceptions of nurses and air ambulance service providers regarding aeromedical evacuations.</excerpt>']"
48,12,48_Aviation Communication Proficiency,['Aviation Communication Proficiency'],"['<title>Optimization of a Customized Leadership Development Program Upskilling English Language Fluency in Brazil Aviation Leaders</title> <excerpt>Objective: The present study explored how a customized leadership development program (LDP) with coursework taught in English to non-native English speakers could optimize English language fluency in Brazil airline leaders. Background: Currently, problems exist with a myriad of native language accents and phraseology interfering with cognitive reflexes especially for aircrews and air traffic controllers to safely do their work. Executives from four Brazilian airlines proactively implemented a 14-month LDP focused on English language fluency and leadership enhancements collectively for leaders within their firms.</excerpt>', '<title>An Investigation into the Factors that Affect Miscommunication between Pilots and Air Traffic Controllers in Commercial Aviation</title> <excerpt>Objective: The present research sought to investigate the communication performance of both native English sounding pilots and accented commercial pilots in two different phases of flight, the approach and departure phase of flight. Background: English language proficiency requirements, standardized phraseology, and readbacks are some of the proactive measures which the aviation industry employs to ensure effective communication. However, despite these efforts, errors in communication still occur, and anecdotal evidence suggests that factors such as language background and phase of flight increase the likelihood of communication errors.</excerpt>', '<title>Improving Pilot/Air Traffic Control Voice Communication in General Aviation</title> <excerpt>The influence of the air traffic control (ATC) message format and message length was investigated on the ability of general aviation pilots to read back ATC instructions. While flying a simulator, 12 pilots heard altitude and radio frequency instructions spoken in grouped format (""forty-one-hundred""), and 12 heard them sequentially (""four-thousand-one-hundred""). Only limited evidence was found that grouped message format improved pilot memory.</excerpt>']"
49,12,49_Aircrew performance factors,['Aircrew performance factors'],"['<title>Outcomes of Crew Resource Management Training</title> <excerpt>Participants self-reports and measures of attitudes regarding flightdeck management indicate that crew resource management training is favorably received and causes highly significant, positive changes in attitudes regarding crew coordination and personal capabilities. However, a subset of participants reacted negatively to the training and showed boomerangs (negative change) in attitudes. Explorations into the causes of this effect pinpoint personality factors and group dynamics as critical determinants of reactions to training and of the magnitude and direction of attitude change.</excerpt>', '<title>Attitude Changes in Navy/Marine Flight Instructors Following an Aircrew Coordination Training Course</title> <excerpt>In an attempt to reduce the number of aircrew caused aircraft mishaps in naval aviation, a trial aircrew training program was initiated in Navy and Marine Corps aviation training squadrons. Considerable resistance to change was encountered at the outset. The attitudes of flight instructors who were trained to teach the course were surveyed before and after the instructor training using Helmreich s (1984) Cockpit Management Attitudes Questionnaire modified for use by naval aviators.</excerpt>', '<title>Pilot Personality and Crew Coordination: Implications for Training and Selection</title> <excerpt>The performance of pilots can be construed as a product of skill, attitude, and personality factors. Although a great deal of effort within the aviation community has been focused on ensuring technical expertise, and new efforts highlight attitudes associated with crew coordination, personality factors have been relatively unexplored. Further, it is argued that past failures to find linkages between personality and performance were due to a combination of inadequate statistical modeling, premature performance evaluation, and/or the reliance on data gathered in contrived as opposed to realistic situations.</excerpt>']"
50,12,50_Circadian rhythms and travel,['Circadian rhythms and travel'],"['<title>Individual differences in phase shifts of the human circadian system and performance deficit.</title> <excerpt>At periodic intervals throughout the biological day, assessments were made for a week prior to intercontinental flight yielding a reference of biological time set to the environment of origin, for two weeks at the temporally displaced environment of destination, and for a week following return to the environment of origin. Assessments made included rectal temperature, heart rate, respiratory rate, palmar evaporative water loss, urinalysis, reaction time, decision time, critical flicker fusion, subjective fatigue and well-being, and intellectual facility. The intercontinental flights consisted of east-west and west-east flights which permitted a comparative analysis of bidirectional effects of time zone displacements and a north-south flight which provided an appraisal of effects solely attributable to prolonged flight.</excerpt>', ""<title>Flight attendants' desynchronosis after rapid time zone changes</title> <excerpt>The aim of the present study was to measure perceived effects of rapid time zone changes on flight attendants' sleep length, quality, adaptation, and recovery time, and to clarify the individuals factors related to perceived desynchronosis after time zone changes. The mean age of 285 female subjects was 35.0 years and that of 57 men was 34.1 years. The data were gathered by means of a questionnaire filled out by all Finnish flight attendants who worked on transmeridian routes.</excerpt>"", '<title>Air travel across time zones</title> <excerpt>An overview is presented of the problems related to air travel. It seems that disruptions of body rhythms and normal oxygen intake are an unavoidable aspect of long distance air travel. The primary objective of this paper is to highlight some of the more than 200 recent studies that throw light on the problems encountered by the modern jet air traveller..</excerpt>']"
51,12,51_Aircraft Noise and Vibration,['Aircraft Noise and Vibration'],"['<title>Seat vibration in military propeller aircraft: Characterization, exposure assessment, and mitigation</title> <excerpt>Introduction: There have been increasing reports of annoyance, fatigue, and even neck and back pain during prolonged operation of military propeller aircraft, where persistent multi-axis vibration occurs at higher frequencies beyond human whole-body resonance. This paper characterizes and assesses the higher frequency vibration transmitted to the occupants onboard these aircraft. Methods: Multi-axis accelerations were measured at the occupied seating surfaces onboard the WC/C-130J, C-130H3, and E-2C Hawkeye.</excerpt>', '<title>Nocturnal aircraft noise effects</title> <excerpt>Noise protection associated with the construction and extension of airports in the Federal Republic of Germany has been regulated by the law for protection against aircraft noise since 1971. This legislation is due for revision because of different aspects. One aspect is the growth of air traffic which has led many airports to the limits of their capacity and in search of new ways of adaptation to the increasing demand for flight services.</excerpt>', '<title>In-cabin noise levels during commercial aircraft flights</title> <excerpt>Air transport is one of the most commonly used mode of transportation and hence passenger comfort is highly desirable. Aircraft interior noise is important, especially in long-term flights, concerning the health, comfort, and psychological wellness of both passengers and flight crew. Noise levels, which changes according to different motions of aircraft, can be defined as the noise during takeoff and landing and during level flight (cruise).</excerpt>']"
52,12,52_Human factors in helicopter operations,['Human factors in helicopter operations'],"['<title>An Examination of Human Factors in Australian Helicopter Emergency Medical Services (HEMS)</title> <excerpt>Objective: This study aims to identify and examine prevalent human factors in the Australian Helicopter Emergency Medical Services (HEMS) industry. Background: There is little research into the human factors of HEMS operations. Weather, fuel planning, fatigue, and pressure are prominent human factors found in HEMS operations globally.</excerpt>', '<title>Human factors in helicopter flying</title> <excerpt>The problems of flying the helicopter and the loads imposed on the crew doing operational flying are summarized..</excerpt>', '<title>The paradox of helicopter emergency training</title> <excerpt>The practice of helicopter emergency procedures is not necessarily based on the prevalence of the emergencies in helicopter operations. Stuck pedal, hover autorotation, and ditching accidents taken from the National Transportation and Safety Board database illustrate this phenomenon. It is argued that manufacturers, aviation authorities, and flight schools determine the helicopter training curriculum and base their decisions on the safety of practice and the possibility of transfer of skill.</excerpt>']"
53,12,53_Cognitive effects of temperature,['Cognitive effects of temperature'],"['<title>Cognitive function during lower body water immersion and post-immersion afterdrop</title> <excerpt>Introduction: The physiological effects of immersion hypothermia and afterdrop are well-characterized, but the psychological effects are less clear. The purpose of this study was to quantify changes in cognitive function during and after lower body water immersion. Methods: On separate mornings, nine young healthy men participated in both neutral (35 ± 1°C) and cold (13 ± 1°C) water immersion.</excerpt>', '<title>Physiological and psychological effects of heat stress simulating cockpit conditions</title> <excerpt>It is generally accepted that physiologically tolerable heat stress can adversely affect human performance, but it is difficult to predict the impact of a specific environment. Experiments were designed to determine the effects of thermal conditions similar to those occurring in aircraft cockpits in warm climates, where both high air temperatures and radiant heat play important roles. Subjects (n=13) were exposed to heat for 2 h, had a 30-min break, then repeated the exposure.</excerpt>', '<title>Effects of wearing aircrew protective clothing on physiological and cognitive responses under various ambient conditions</title> <excerpt>Heat stress can be a significant problem for pilots wearing protective clothing during flights, because they provide extra insulation which prevents evaporative heat loss. Heat stress can influence human cognitive activity, which might be critical in the flying situation, requiring efficient and error-free performance. This study investigated the effect of wearing protective clothing under various ambient conditions on physiological and cognitive performance.</excerpt>']"
54,11,54_Aviation psychology research,['Aviation psychology research'],"['<title>Naval aviation psychology; the procurement and selection organization</title>', '<title>Psychological work in the United States Navy</title> <excerpt>""The Navy\'s recognition of the value of professional psychology is shown by the plans made for the use of psychologists as members of psychiatric selection boards, at aviation bases, and as selection officers. At the present time the billets available approximate fifty and there is encouraging progress in filling these."" (PsycINFO Database Record (c) 2006 APA, all rights reserved). © 1941 American Psychological Association..</excerpt>', '<title>History, organization and research activities, Psychological Research Project (Navigator), Army Air Forces</title> <excerpt>The ninth in a series of reports describing the Aviation Psychology Program of the Army Air Forces, this article covers the work of the application of psychological and statistical techniques to research in navigation. It deals with the following points: (1) objective measures of skill in navigation; (2) research in training; (3) research on the selection of instructors; and (4) work in the Navigation Schools. A list of personnel attached to this project is given.</excerpt>']"
55,11,55_Psychological effects of space flight,['Psychological effects of space flight'],"['<title>Applications of methods of psychological support developed for astronauts for use in medical settings</title> <excerpt>Over the past 40\xa0years, psychological support (PS) for cosmonauts and astronauts has remained an important part of the regular biomedical provision of space crews during extended orbital flights. It includes well-developed principles and a set of methods that have proven its effectiveness for the maintenance of behavioral health under extreme conditions of space flight. The main principle of PS in flight is to restore the usual sensory input to compensate for the monotony and lack of external stimuli as a result of a long stay under isolation and confinement.</excerpt>', ""<title>The “Break-Off” Phenomenon: A Precipitant of Anxiety in Jet Aviators</title> <excerpt>Icarus, flushed with excitement and exhilaration, soared even higher toward the sun—despite the cries and warnings of his father. At last he flew so high that the heat of the sun melted the wax, and off dropped the wings. CONTEMPORARY developments in bioastronautics have challenged the once held assumption that “man is a sea-level, lowspeed, one G, 12-hour animal.”49 The physical dangers of space flight for the astronaut previously anticipated with uncertainty, have thus far been technologically overcome.2,4,7,9 But even after the successes of recent short-term space explorations,26,27 the question of man's capacity to withstand the emotional and psychological effects of sensory isolation and deprivation is not fully answered.* It is now thought, however, that the use of two-man teams will obviate in large part the hazards of acute sensory deprivation.52 In 1957, Clark and Graybiel found in their study of the.</excerpt>"", '<title>Psychological effects of space flight.</title>']"
56,10,56_Cognitive performance altitude,['Cognitive performance altitude'],"['<title>Cognitive changes at high altitude in healthy climbers and in climbers developing acute mountain sickness</title> <excerpt>We report the cognitive functions of 17 non-acclimatized mountaineers who ascended from low lands to an altitude of 4,559 m in 24 h and were studied there within 6 h. We found that this rapid ascent to high altitude had small, but differential effects upon cognitive performance depending upon the later development of acute mountain sickness (AMS). Subjects who developed AMS within a 24-48-h stay at high altitude were mildly impaired in short term memory, but improved in conceptual tasks, while subjects who remained healthy had a better short term memory performance but no improvement in cognitive flexibility.</excerpt>', '<title>Effects of dexamethasone and high terrestrial altitude on cognitive performance and affect</title> <excerpt>This study examined the effects of dexamethasone and exposure to high terrestrial altitude on cognitive performance, affect, and personality. Cognitive performance was evaluated by five cognitive tasks, affect was evaluated by the Clyde Mood Scale and the Multiple Affect Adjective Check List, and personality was examined using the Minnesota Multiphasic Personality Inventory. Sixteen healthy young men received either dexamethasone (4 mg every 6 h) (n = 7) or placebo (n = 9) for 34 h prior to and 52 h after ascent to 4,300 m.</excerpt>', '<title>The effect of moderate levels of simulated altitude on sustained cognitive performance</title> <excerpt>Previous work has documented cognitive deficits at high altitudes (15,000-25,000 ft), but there is controversy for lower altitudes. This study looked at the effects of moderate altitudes - 12,500 ft and 15,000 ft - on short-term memory in comparison to 2,000 ft. Seventy-two student pilots and instructors were first administered the Vocabulary, Digit Span, and Digit Symbol subtests from the Wechsler Adult Intelligence Scale-Revised, the Vandenberg Mental Rotation Test, and the near-contrast sensitivity portion of the Vistech VCTS 6000 chart.</excerpt>']"
57,10,57_Psychological stress evaluation,['Psychological stress evaluation'],"['<title>An appraisal of psychological stress.</title>', '<title>The visual stress model-A psycho-physiological method for the evaluation of operational reliability of pilots and cosmonauts</title> <excerpt>An experimental psycho-physiological method is presented for the evaluation of visual-cognitive performance preconditions and operational reliability of pilots and cosmonauts. As visual-cognitive stress are used tachistoscopically presented instrument symbols under conditions of individual speed of work and time pressure. The results of the compared extreme groups consisting of pilots with good and insufficient flight performance showed that the pilots with impairments to the quality of flight activity differ already before the test in their individual habitual characteristics and actual motivation, during the stress in their operational parameters, in the dimensions of their cardiorespiratory activation as well as in their efficiency and after the stress in their subjective experience of the stress.</excerpt>', '<title>Psychophysiological stress research</title> <excerpt>This paper gives an overview of physiological stress responses and shows methods for measuring such responses in field studies. It discusses the available techniques for assessing endocrinological and immune functions, cardiovascular functions, physical activity, electrodermal activity, muscle activity, respiration, and, the size of the eye pupil. Furthermore, methods for collecting psychological data are depicted.</excerpt>']"
58,10,58_Hypoxia training effectiveness,['Hypoxia training effectiveness'],"['<title>Recollection of hypoxia symptoms between training events</title> <excerpt>Introduction: The well-established technique of mask-off hypoxia training in a hypobaric training environment elicits symptoms that are correlated with in-flight symptoms reported by aircrew. Aircrew receive training on recognition of symptoms and response early in their flying career and accomplish refresher training on a 5-yr cycle. The symptoms reported after acute hypoxia represent cognitive and psychomotor impairment.</excerpt>', '<title>Comparison of hypobaric hypoxia symptoms between a recalled exposure and a current exposure</title> <excerpt>Background Aircrew members are required to attend hypoxia awareness training regularly to strengthen their memory of their personal hypoxia symptoms by undergoing training inside a hypobaric chamber. The aim of this study was to examine the association between hypoxia symptoms experienced during two training sessions that were 4 years apart. Methods This was a crossover study to compare hypoxia symptoms and self-reported physiological effects of trapped gas between a previous training session and a current training session in an altitude chamber.</excerpt>', '<title>Effects of Hypoxia on Selected Psychophysiological Stress Responses of Military Aircrew</title> <excerpt>There is a lack of information on the psychophysiological response of pilots under hypoxic conditions. The study of the physiological, psychological, cardiorespiratory, neurological, behavioural, sensory, and cognitive symptoms that may appear during training in hypobaric chambers is essential to optimize the training processes of aircrew members. Thus, the present study is aimed at analyzing the psychophysiological responses of aircrew members in an incremental hypoxia training protocol.</excerpt>']"
59,10,59_Personality traits in aviation,['Personality traits in aviation'],"[""<title>Prognostic value of studying personality traits of civil aviation pilots</title> <excerpt>A clinical and psychological examination of civil aviation pilots, including ones with a history of attempted suicide, and an in-depth study of the personality qualities of the pilots by means of a modified standardized multifactor personality study and a portrait choice method based on a modification of Szondi's test for eight drives were performed. The analysis of psychological features in pilots with a history of attempted suicide showed a neurotic type of maladaptation formed on the basis of the domination of hyposthenic traits in the personality structure. Neurotic behavior, pessimism, increased anxiety, and introversion that had become acute under the specific social and occupational conditions transformed into depressive signs and avoidance of social problems.</excerpt>"", '<title>Cognitive functions and performance shaping factors in aviation accidents and incidents</title> <excerpt>Is the difference between an accident and an incident merely a matter of luck, or are there significant differences in terms of flight crew performance and associated performance shaping factors (PSFs)? This study obtained self-report data from a sample of 1,144 New Zealand pilots. There were differences between accident- and incident-involved pilots in terms of age, flight experience, and involvement in hazardous events. Incidents were more likely to be attributed to failures to detect or diagnose information, whereas accidents were more likely to be attributed to failures to choose an appropriate goal or strategy.</excerpt>', '<title>A new approach for prioritising personality traits causing pilot error</title> <excerpt>Pilot personality traits are among the most critical risk factors contributing to human error in aviation. This study proposes an integrated approach that combines a risk assessment matrix and the analytic hierarchy process (AHP) to prioritise personality traits leading to pilot errors. The proposed framework first identifies unacceptable traits among commercial airline and military pilots and then uses AHP to calculate their relative importance.</excerpt>']"
60,10,60_Simulator sickness effects,['Simulator sickness effects'],"['<title>Simulator Sickness Is Polygenic and Polysymptomatic: Implications for Research</title> <excerpt>The usefulness of visually based flight simulators for training may be compromised by the phenomenon of simulator sickness. Although a significant problem, design specifications for alleviation of simulator sickness have not yet been produced. The problems researchers face in this area are multiple: (a) Simulator sickness is polygenic, rendering experimental isolation of variables ineffective; (b) simulator sickness is polysymptomatic, which must be reflected in measurements of the human response; and (c) there are statistical limitations including limited sample sizes, adaptation over flights, small effect sizes, and large individual differences.</excerpt>', '<title>The time course of postflight simulator sickness symptoms</title> <excerpt>Reports of posteffects following training sessions in Navy and Army flight simulators were obtained from pilots to determine the time course of recovery from simulator sickness. Results imply that posteffects may be a more serious problem than previously considered; 45% of all those queried (N > 700) reported having experienced symptoms of simulator sickness; 25% of the symptoms lasted more than 1 h after leaving the simulator; and 8% lasted more than 6 h. Postexposure symptoms were classified into three categories: visuomotor (based on disturbances in oculomotor control; eg, eyestrain), disorientation (based on disturbance in postural control; eg, dizziness), and nausea (vagal/autonomic symptoms).</excerpt>', '<title>Simulator induced syndrome: Evidence for long-term aftereffects</title> <excerpt>Pilots have experienced various adverse symptoms hours and even days following flight simulator training. This study surveyed pilots undergoing simulator training in an attempt to provide an initial gauge of the extent, severity, and possible risk factors of long-term (>1 day) simulator aftereffects. A three-part voluntary and anonymous questionnaire was used to gather data.</excerpt>']"
61,10,61_Human-machine interaction,['Human-machine interaction'],"['<title>A theoretical analysis and preliminary investigation of dynamically adaptive interfaces</title> <excerpt>A dynamically adaptive interface (DAI) is a computer interface that changes the display or control characteristics of a system (or both) in real time. The goal of DAIs is to anticipate informational needs or desires of the user and provide that information without the requirement of an explicit control input by the user. DAIs have the potential to improve overall human-machine system performance if properly designed; they also have a very real potential to degrade performance if they are not properly designed.</excerpt>', '<title>Cognitive Human-Machine Interfaces and Interactions for Unmanned Aircraft</title> <excerpt>This paper presents the concept of Cognitive Human-Machine Interfaces and Interactions (CHMI2) for Unmanned Aircraft System (UAS) Ground Control Stations (GCS). CHMI2 represents a new approach to aviation human factors engineering that introduces adaptive functionalities in the design of operators’ command, control and display functions. A CHMI2 system assesses human cognitive states based on measurement of key psycho-physiological observables.</excerpt>', ""<title>Applying adaptive control and display characteristics to future air force crew stations</title> <excerpt>The Human Effectiveness Directorate of the Air Force Research Laboratory is developing and evaluating human-machine interface concepts to enhance overall weapon system performance by embedding knowledge of the operator's state inside the interface, enabling the interface to make informed, automated decisions regarding many of the interface's information management display characteristics. Some of these characteristics include information modality, spatial arrangement, and temporal organization. By increasing the ability of the interface to respond, or adapt, to the changing requirements of the human operator in real time - in essence closing the loop - the interface provides intuitive information management to the operator and provides real-time human engineering..</excerpt>""]"
62,10,62_Psychological considerations in healthcare,['Psychological considerations in healthcare'],"[""<title>Psychological considerations with patients on respirators</title> <excerpt>Illness is a subjective experience for patients and, as such, responses to illness are as varied as the patients' personalities. Special psychological considerations are necessary when delivering care to patients on respirators since they, more than others, are dependent upon people and machines for each breath of life. Providing active psychological support systems requires an awareness of the Intensive Care Unit environment, patients responses to illness and the environment, and implementation of appropriate psychological intervention.</excerpt>"", '<title>Subjective response to negative air ion exposure</title> <excerpt>This study investigated specific subjective or psychological effects of relatively long exposure to negative ions generated by a conventional air purification device. Subjects - 24 males matched for age, education, physical condition, and smoking habits - were divided into a control (N=12) and an ion exposure group (N=12). The groups were subjected to 6 h normal and negatively charged atmospheres, respectively.</excerpt>', ""<title>Any nurse can prevent dehumanization by the CCU experience</title> <excerpt>This presentation deals with the Air Force Nurse as a novice assigned to a CCU area and her contributions to patient care as a member of the Air Force Health Care Team. The novice nurse's contributions to the patient's care lie in her ability to manage expected behavioral responses to the CCU experience even with a basic working knowledge of normal sinus rhythm and CPR procedure. The expected responses to the CCU experience discussed are: anxiety, denial, depression, and aggressive sexual behaviour.</excerpt>""]"
63,10,63_Psychological fitness in aviation,['Psychological fitness in aviation'],"['<title>Psychological aspects of modern operational flying.</title>', '<title>An early attempt to evaluate psychological fitness for flight training</title>', '<title>Medical flying fitness: a routine affair - but who examines and assesses psychic health?</title> <excerpt>The regular physiological check up of pilots pretends to be a thorough diagnosis and yet the psychological aspects are ignored almost completely sometimes. As an excuse for this procedure, it is stated that in his psychological aptitude test prior to flying training, the pilot had already been classified as suitable and fit. It is hoped that this paper will show that the flying fitness examination procedure presently oriented towards the physical status of the individual is by no means sufficient to determine the actual degree of flying fitness..</excerpt>']"
64,10,64_Flight Training Improvement,['Flight Training Improvement'],"[""<title>From healy's training principles to training specifications: The case of the comprehensive LOFT</title> <excerpt>Alice Healy has dedicated much of her work to questions of skill acquisition, retention, and transfer. In the process, she has come to identify numerous training principles that have been shown to promote the acquisition, retention, and transfer of knowledge and skills in laboratory studies. The goal of this article is to translate some of the training principles offered by Healy and her colleagues (Healy, Schneider, & Bourne, 2012) into real-world, practical training specifications for the particular context of pilot training at the airline level.</excerpt>"", '<title>Observational Learning in Ab Initio Pilot Training The Challenges and Opportunities of Backseating Flight Observations</title> <excerpt>New learning and teaching techniques are required to reduce the length and costs of flight training while increasing its quality, such as observational learning, also known as backseating in aviation training. This study investigates the opportunities and challenges associated with backseating in an aircraft when another student is learning to fly. An ethnographic study of a flight school in Australia was conducted via observation and in-depth interviews.</excerpt>', '<title>Gamification of Learning Aviation Knowledge for Improving the Efficiency of Flight Training</title> <excerpt>Objective: The goal of the present study was to determine whether using gamification with the flexibility of board game design to prepare aviation cadets for future flight training could reduce their fatigue and stress from work overload and thereby decrease risk of human error leading to accidents. Background: Cadets need to have fully acquired aviation knowledge so as be able to access it spontaneously in decision-making when operating an aircraft and performing multi-tasks. The current tight training schedule and the need to immediately apply newly learned knowledge add considerable stress to the fatigue resulting from highly demanding physical training.</excerpt>']"
65,10,65_Aviation Safety Behavior,['Aviation Safety Behavior'],"['<title>Assessing Locus of Control in Pilots: Psychometric Evaluation of a Self-Report Measure</title> <excerpt>The present study systematically assessed the factor structure, internal consistency, and construct validity of the Aviation Safety Locus of Control scale (ASLOC) on 476 European pilots (4.6% female). Independent confirmatory factor analyses showed a strong correlation between the latent factors of Internal and External LOC, justifying proceeding with a one-factor solution (assessing internal LOC after reversescoring items). This model achieved adequate fit with excellent internal consistency, after refining with structural equation modeling.</excerpt>', ""<title>Locus of control, self-serving biases, and attitudes towards safety in general aviation pilots</title> <excerpt>Of the three related survey studies that were conducted, two are summarized and one, which characterizes all three, is reported in detail. The studies attempted to determine how aviators compared with the general population on the personality dimension - locus of control (internal vs external) and how this was related to aviators' attenance at FAA Safety Clinics. In addition, aviators were surveyed regarding their attituds towards safety, their flying skill, and the likelihood that they would have an accident during the remainder of their careers.</excerpt>"", '<title>Predicting honest behavior based on Eysenck personality traits and gender: an explainable machine learning study using SHAP analysis</title> <excerpt>Introduction: This study bridges a critical gap in aviation safety research by examining how Eysenck personality traits (Neuroticism, Psychoticism, Extraversion) and gender predict dishonest behavior in high-risk aviation contexts. While prior studies have focused on the Big Five and HEXACO models in ethical decision-making, empirical applications of the Eysenck framework to honesty prediction remain scarce-particularly in aviation, where dishonest acts (eg, underreporting safety incidents) carry severe public safety consequences. Methods: We collected behavioral data from 102 flight and air traffic control cadets using a coin-toss task.</excerpt>']"
66,10,66_History of Aviation Medicine,['History of Aviation Medicine'],"['<title>The history of the united states navy flight surgeon/naval aviator program</title> <excerpt>Early in the history of aviation the need for a special kind of physician who could understand the physical and psychological problems encountered by flyers was well recognized. These physicians were called flight surgeons. In 1922, RADM W.</excerpt>', '<title>Unearthing airspace: the historical phenomenology of aviation artefacts</title> <excerpt>From wreck sites to former airfields, aviation archaeology has traditionally focused on the materiality of aircraft construction, modification and logistics. Rarely invoked, however, are the sensations of flight and the ways in which technology governs human interaction with the skies. In theorising an archaeology of airspace, this paper explores the remnants of two World War II aviation technologies.</excerpt>', ""<title>The highlights, and the lows, of aviation medicine in the 1940's: the human element.</title> <excerpt>This article describes the experience and knowledge gained by the author during an extensive study tour of the majority of aviation medicine centres in the United Kingdom, Canada, and the United States in 1942. The emphasis is upon the human element rather than the technical, and the contribution of thousands of scientists from medical, psychological, and allied disciplines whose dedication was vital to air supremacy. This required a symbiosis between them and aircraft engineers and, inter alia, courageous participation in operational missions or dangerous experiments.</excerpt>""]"
67,9,67_Landing flare analysis,['Landing flare analysis'],"['<title>Landing Flare Accident Reports and Pilot Perception Analysis</title> <excerpt>This study examined flare accident rates and probable causes for improper flares. Measures included the analysis of 6,676 aircraft accident reports published by the National Transportation Safety Board and a 21-item perception questionnaire administered to 134 pilots with varying experience levels. The results revealed relatively high flare accident rates and showed that pilots believed the flare to be more difficult than 9 other standard flight maneuvers.</excerpt>', '<title>General aviation leveloff, roundout, and accident rate analysis</title> <excerpt>Transitioning the aircraft from the approach attitude to the landing attitude is one of the first obstacles that confronts student pilots. This visually guided procedure is known as the landing flare but is poorly understood and underreported. To stimulate interest in and accentuate the importance of the landing flare, in this study, we analyzed 6,655 National Transportation Safety Board accident reports and surveyed 92 aviators in two Part 141 flight schools.</excerpt>', '<title>Comparative Analysis of Procedures for Dual and Triple Closely Spaced Parallel Runways</title> <excerpt>This article provides a comparative analysis of 2 experiments on procedures to increase the capacity of closely spaced parallel runways under low-visibility conditions. The common goal for both studies was to achieve visual meteorological capacity under instrument meteorological conditions, when landing aircraft on parallel runways 750 ft apart. Using a high-fidelity flight deck simulator, both studies investigated procedures related to breakout maneuvers on final approach during off-nominal conditions.</excerpt>']"
68,9,68_Astronaut selection criteria,['Astronaut selection criteria'],"['<title>The recruitment and organizational integration of space personnel</title> <excerpt>This paper describes the philosophy of selection of astronaut scientists. It deals mainly with psychological selection criteria oriented at the job demands. Generalizable results of the European selection campaign for Spacelab are reported.</excerpt>', ""<title>Psychological evaluation of European astronaut applications: Results of the 1991 selection campaign</title> <excerpt>In the summer of 1991, the European Space Agency (ESA) performed its second selection campaign since 1977 in order to find 10 astronaut candidates (laboratory specialists and space plane specialists). An integral part of this selection process was the psychological evaluation, according to the principles laid down in the study report 'Definition of Psychological Testing of Astronaut Candidates.' After national preselection, 59 applicants underwent the psychological evaluation, which consisted of the assessment of operational aptitudes (basic cognitive and psychomotor functions) and personality traits (motivation, social capability, stress resistance). The test program included a diverse number of tests, questionnaires, behavioral ratings, biographical data, and semi-structured interviews.</excerpt>"", '<title>Psychological predictors of astronaut effectiveness</title> <excerpt>Are the personality characteristics of astronauts related to their professional effectiveness? In order to answer this question, effectiveness and personality data were collected from 65 NASA astronauts. Several findings emerged from these data. Five personality subscales were related to effectiveness in one form or another.</excerpt>']"
69,9,69_Synthetic vision systems,['Synthetic vision systems'],"['<title>The Efficacy of Head-Down and Head-Up Synthetic Vision Display Concepts for Retro- and Forward-Fit of Commercial Aircraft</title> <excerpt>The retrofit question concerns whether useful and effective synthetic vision displays are usable in aircraft that have limited-size display spaces. Two experiments were conducted to examine the efficacy of these displays and develop field-of-view and terrain texture recommendations for design. The first experiment examined issues of field of view and display size using an Asheville, North Carolina, synthetic vision database and fixed-based simulator.</excerpt>', '<title>Ecological interface design for terrain awareness</title> <excerpt>Advanced terrain warning systems, such as the enhanced ground proximity warning system, and safety-enhancing displays, like the synthetic vision system, have proven to play an important role in reducing the number of controlled flight into terrain accidents. Research indicated, however, that terrain collisions may still occur for aircraft equipped with these systems. Synthetic vision allows for perception of the environment, but lacks properties to support understanding and extrapolation of the perceived data.</excerpt>', '<title>Effects of a velocity-vector-based command augmentation system and synthetic vision system terrain portrayal and guidance symbology concepts on single-pilot performance</title> <excerpt>This study investigated the effects of synthetic vision system (SVS) concepts and advanced flight controls on the performance of pilots flying a light, single-engine general-aviation airplane. We evaluated the effects and interactions of 2 levels of terrain portrayal, guidance symbology, and flight control response type on pilot performance during the conduct of a relatively complex instrument approach procedure. The terrain and guidance presentations were evaluated as elements of an integrated primary flight display system.</excerpt>']"
70,9,70_Flight Crew Safety,['Flight Crew Safety'],"[""<title>Dose safety motivation mediate the effect of psychological contract of safety on flight attendants' safety performance outcomes?: A social exchange perspective</title> <excerpt>This study proposes and tests a conceptual model that investigates the mediating effect of safety motivation linking psychological contract of safety (PCS) as manifested by employer obligations of safety and employee obligations of safety to safety violations and safety creative performance (SCP). Data were collected from a sample of flight attendants with two weeks time lag in Iran. Underpinned by social exchange theory, the results of structural equation modeling revealed that safety motivation fully mediates the simultaneous effects of PCS indicators on safety violations and SCP.</excerpt>"", '<title>The relationship between sense of calling and safety behavior among airline pilots: The role of harmonious safety passion and safety climate</title> <excerpt>Pilot safety behavior plays a crucial role in airlines safety performance and aviation safety, so it is vital to identify factors that may enhance pilot safety behavior and explore their mechanisms. Drawing upon self-determination theory, this study examines whether, how, and when the sense of calling influences pilot safety behavior from the perspective of occupational psychology. Using a sample of 321 Chinese commercial airline pilots, we tested a moderated mediation model in which the relationship between sense of calling and pilot safety behavior was mediated by harmonious safety passion and moderated by safety climate.</excerpt>', '<title>Investigating aviation safety factors and proposed conceptual model for safety behaviors among Thai flight crews: A qualitative approach</title> <excerpt>This study aims to answer behavioral safety questions regarding influential factors and relationship among those factors relating to Thai flight crews’ safety behaviors, and the objective of this study is to develop a proposed hypotheses relating to factors affecting Thai flight crews’ safety behaviors for future research. Based on a sample of 21 flight crews and executives in Thailand, the result found that influential factors relating to Thai flight crew safety behaviors were organizational safety climate, fleet safety climate, aviation safety knowledge, aviation psychological safety and flight crews’ safety attitudes and personalities. Flight time was considered as a typical job experience and did not directly reflect the safety behaviors among flight crews.</excerpt>']"
71,9,71_Navigation Display Design,['Navigation Display Design'],"['<title>Navigation display design: Displaying nearest airport information</title> <excerpt>Thirty-six participants were tested on their ability to orient toward the nearest airport based on the manner in which information was presented on a global positioning system (GPS) area navigation display. Results indicated that use of the tabular, text-only format normally found on such displays was significantly slower and less accurate than either a map display of nearest airport information or a text display that included an orientation symbol. Additionally, pilots ignored information from the heading indicator, focusing on the GPS to perform the task.</excerpt>', ""<title>The visually guided control of simulated altitude</title> <excerpt>Simulated 'flights' over three different ground textures were used to examine people's ability to extract optical information useful for active regulation of altitude. The textures were regularly spaced lines as follows: 1) orthogonal to the direction of flight (latitude texture); 2) parallel to the direction of flight (meridian texture); and 3) both parallel and orthogonal (square texture). Visual constant velocity forward flight simulations were displayed on a CRT screen, and subjects asked to maintain one of three initial altitudes using a rate control stick.</excerpt>"", '<title>Enhancing NextGen RNAV Capabilities: Human Performance Evaluation of NRS Waypoint Nomenclatures</title> <excerpt>As part of the Next Generation Air Transportation System (NextGen) initiative, a redevelopment of the high-altitude airspace is underway to realize the benefits of area navigation (RNAV) capabilities. Three nomenclatures were evaluated as possible alternatives to the current waypoint nomenclature used in the Navigation Reference System (NRS). A part-task study was conducted to assess if speed of NRS waypoint location on an en route chart, speed of flight management system (FMS) entry, number of FMS entry errors, and NRS waypoint reroute use were different among the nomenclatures tested.</excerpt>']"
72,9,72_Self-Control and Attention,['Self-Control and Attention'],"['<title>Threat of resource loss: The role of self-regulation in adaptive task performance</title> <excerpt>Changes at work are often accompanied with the threat of, or actual, resource loss. Through an experiment, we investigated the detrimental effect of the threat of resource loss on adaptive task performance. Self-regulation (ie, task focus and emotion control) was hypothesized to buffer the negative relationship between the threat of resource loss and adaptive task performance.</excerpt>', '<title>Self-estimates of distractibility as related to performance decrement on a task requiring sustained attention</title> <excerpt>Increasing automation of air traffic control tasks may have the undesirable side effect of increased monotony as a result of the anticipated reduction in task demands. Since individuals who are unable to sustain attention under low task-load conditions would appear to be more likely to commit errors and be less able to handle a sudden emergency situation, it would seem desirable to examine the characteristics of individuals unable to sustain attention under these conditions. In the present study, 50 subjects performed a monotonous, but perceptually demanding task, for approximately 30 minutes without rest.</excerpt>', '<title>The Sustained Attention to Response Task (SART) does not promote mindlessness during vigilance performance</title> <excerpt>Objective: In this study, we evaluated the validity of the Sustained Attention to Response Task (SART) as a means for promoting mindlessness in vigilance performance.Background: Vigilance tasks typically require observers to respond to critical signals and to withhold responding to neutral events. The SART features the opposite response requirements, which supposedly leads it to promote a mindless, non-thoughtful approach to the vigilance task To test that notion, we compared the SART to the traditional vigilance format (TVF) in terms of diagnostic accuracy assessed through decision theory measures of positive and negative predictive power (PPP and NPP), perceived mental workload indexed by the Multiple Resource Questionnaire, and oculomotor activity reflected in the Nearest Neighbor Index and fixation dwell times.Method: Observers in TVF and SART conditions monitored a video display for collision flight paths in a simulated air traffic control task.Results: Diagnostic accuracy in terms of NPP was high in both format conditions. While PPP was poorer in the SART than in the TVF, that result could be accounted for by a loss of motor control rather than a lack of mindfulness.</excerpt>']"
73,9,73_Pilot support systems,['Pilot support systems'],"['<title>Multimodal Information Presentation in Support of NextGen Operations</title> <excerpt>Objective: This study examined the effectiveness of visual, auditory, tactile, and redundant auditory-visual information presentation in the context of a medium-fidelity ‘Next Generation Air Transportation System’ (NextGen) flight simulation. Background: Data overload, especially in the visual channel, and associated breakdowns in monitoring represent a major challenge in aviation. These problems are expected to worsen with NextGen, which will require pilots to manage increased amounts of data and adopt new responsibilities.</excerpt>', '<title>Evaluating adaptive multisensory displays for target localization in a flight task</title> <excerpt>This study was designed to determine the efficacy of providing target location information via head-coupled visual and spatial audio displays presented in adaptive and nonadaptive configurations. Twelve United States Air Force pilots performed a simulated flight task in which they were instructed to maintain flight parameters while searching for ground and air targets. The integration of visual displays with spatial audio cueing enhanced performance efficiency, especially when targets were most difficult to detect.</excerpt>', '<title>Effects of supplementing head-down displays with 3-D audio during visual target acquisition</title> <excerpt>We investigated the effectiveness of supplementing head-down displays (HDDs) with high-fidelity 3-dimensional (3-D) audio using a flight simulation task in which participants were required to visually acquire the image of a target aircraft. There were 3 conditions: a visual HDD providing azimuth information combined with a nonspatial audio cue, a visual HDD providing azimuth and elevation information combined with a nonspatial audio cue, and a visual HDD providing azimuth information combined with a 3-D audio cue. When 3-D audio was presented, the visual acquisition time was faster, perceived workload was reduced, and perceived situational awareness was improved.</excerpt>']"
74,9,74_Mindfulness in Aviation,['Mindfulness in Aviation'],"['<title>Impact of Mindfulness Training on Physiological Measures of Stress and Objective Measures of Attention Control in a Military Helicopter Unit</title> <excerpt>Objective: This study sought to determine if mindfulness training (MT) has a measurable impact on stress and attentional control as measured by objective physiological and psychological means. Background: Periods of persistent, intensive work demands are known to compromise recovery and attentional capacity. The effects of 4-month MT on salivary cortisol and performance on 2 computer-based cognitive tasks were tested on a military helicopter unit exposed to a prolonged period of high workload.</excerpt>', '<title>A Sense of Fellowship: Mindfulness Improves Experienced Interpersonal Benefits and Prosociality in A Military Aviation Unit</title> <excerpt>Objective: Explore how personnel in a military aviation unit experienced personal as well as interpersonal aspects concerning their participation in a group-based four-month MBT programme. Background: mindfulness-based training (MBT) have been used as a personal stress management tool in stressful working environments, including military aviation. There is little knowledge about the interpersonal mechanisms involved when engaging in MBT.</excerpt>', '<title>Mindfulness-Based Mental Training in a High-Performance Combat Aviation Population: A One-Year Intervention Study and Two-Year Follow-Up</title> <excerpt>This study tested the feasibility and value of mindfulness training (MT) in a Norwegian military combat aircraft squadron (n = 21). No objective measures of performance were included in this study. Subjective measures of mindfulness, mental skills, and performance-related anxiety were administered before and after the intervention, including a semistructured interview at the study’s conclusion after the intervention.</excerpt>']"
75,9,75_Aviation aptitude assessment,['Aviation aptitude assessment'],"['<title>Air service tests of aptitude for flying</title> <excerpt>Attempts to establish a satisfactory rating of flying ability for measuring aptitude for the Air Service. Ten tests were selected and given to 50 very good flyers, 50 very poor flyers and 50 unknowns. The best tests found were emotional stability, especially hand response, perception of tilt and mental alertness.</excerpt>', '<title>Development of an aviation combat criterion.</title>', ""<title>Current trends in the usage of the Adaptability Rating for Military Aviation (ARMA) among USAF flight surgeons</title> <excerpt>The Adaptability Rating for Military Aviation (ARMA) is that portion of the initial flight physical that assesses an aviator candidate's motivation for and potential adaptability toward an aviation career. A survey was mailed to all USAF operational flight surgeons in the continental U.S. to describe the frequency and distribution of ARMA usage and attitudes.</excerpt>""]"
76,9,76_Cognitive performance enhancement,['Cognitive performance enhancement'],"['<title>The Effect of Caffeine and Sleep Quality on Military Pilot Students’ Flight Performance-Related Cognitive Function</title> <excerpt>Objective: To assess the effect of caffeine and sleep quality on the flight performance-related cognitive function. Background: High levels of cognitive performance in pilots is required for flight safety. Methods: Students at a military flight school in Thailand were invited to participate in this study.</excerpt>', '<title>Methamphetamine effects on cognitive processing during extended wakefulness</title> <excerpt>We examined the effects of both 5- and 10-mg/70 kg body weight of d-methamphetamine HCl on high event rate vigilance and tracking performance in a 13.5-hr sustained-performance session during one night of sleep loss. At 0116 hours, participants were administered either a 5 mg/70 kg oral dose of d-methamphetamine (n = 10), 10 mg/70 kg d-methamphetamine (n = 10), or a placebo (n = 10) using standard double-blind procedures. Performance on all measures degraded markedly during the night in the placebo group.</excerpt>', '<title>Evaluation of zolpidem on alertness and psychomotor abilities among aviation ground personnel and pilots</title> <excerpt>The use of hypnotics to optimize rest periods during sustained operations could be of help to military personnel. Zolpidem, an imidazopyridine hypnotic, was evaluated for its residual effects on daytime wakefulness in 12 subjects belonging to ground air force personnel and 12 navy fighter pilots. In this controlled double blind crossover study, each subject randomly received zolpidem 10mg, flunitrazepam 1mg or placebo, in three separate sessions, 1 week apart at 10 p.m.</excerpt>']"
77,9,77_Air Traffic Communication Delays,['Air Traffic Communication Delays'],"[""<title>Time delays in air traffic control communication loop: Effect on controller performance and workload</title> <excerpt>The impact of digital technology-induced delays in the pilot-controller communications on air traffic controllers' performance and workload was investigated in 2 experiments manipulating systemic audio delay (AD) and variable pilot delay (PD). Vectoring accuracy (Experiment 1), lateral separation between 2 aircraft on converging tracks (Experiment 2), and subjective workload (NASA-Task Load Index) were measured. In Experiment 1, the effect of AD was measurable but not statistically significant; PD reduced accuracy and resulted in earlier turn initiations.</excerpt>"", ""<title>Time Required for Transmission of Time-Critical Air Traffic Control Messages in an En Route Environment</title> <excerpt>This article examines the time required for an air traffic control specialist to successfully transmit a message containing a maneuver required for traffic avoidance to a pilot in the en route environment. Time required was measured from the beginning of the controller's message to the end of the pilot's correct acknowledgement. Forty-six hours of voice tapes from three Air Route Traffic Control Centers were analyzed, yielding 80 maneuvers issued for traffic avoidance.</excerpt>"", ""<title>Evaluating controller communication time as a measure of workload</title> <excerpt>The duration time that an en route controller is actively engaged in ground-to-air communications has been investigated to determine if the duration is a valid measure of controller workload. Data was collected during a Federal Aviation Administration (FAA) Planned View Display Baseline Study conducted with Washington Air Route Traffic Control Center personnel. The correlation coefficient between the controllers' communication duration of the 4 min prior to a rating and the controllers' real-time subjective workload ratings was r = .88, p < .01, which validates communication duration as a workload measure.</excerpt>""]"
78,9,78_Pilot training research,['Pilot training research'],"['<title>Requirements for Future Research in Flight Simulation Training: Guidance Based on a Meta-Analytic Review</title> <excerpt>Traditional narrative reviews of aviation training research have produced inconsistent conclusions and little specific guidance for training design. A quantitative review approach, referred to as meta-analysis, was applied to transfer of training experiments that included sufficient information for the statistical analysis. From a total of 247 journal articles and technical reports, only 26 experiments (19 involving jet aircraft and 7 involving helicopters) were included in the final meta-analysis.</excerpt>', ""<title>Statistical evaluation of pilot's behavior models parameters connected to military flight training</title> <excerpt>The paper discusses the possibilities of objective assessment of military flight training quality based on statistical evaluation of pilot's behavior models parameters. For these purposes, the pilots' responses to non-standard flight situations were measured by using a fixed-base and a moving-base engineering flight simulator. Tens of military pilots at different training stages were tested.</excerpt>"", ""<title>Training Effectiveness of Whole Body Flight Simulator Motion: A Comprehensive Meta-Analysis</title> <excerpt>We present a meta-analysis of 24 effect sizes from transfer of training experiments using whole body simulator motion as an independent variable. Three moderator variables were investigated: experiment design, task type, and subjects' experience. Due to the large heterogeneity of the included experiments, we used a random-effects model.</excerpt>""]"
79,9,79_Air traffic controller well-being,['Air traffic controller well-being'],"['<title>Job satisfaction, burnout, and safety behavior in air traffic controllers: a mediation analysis and decision tree insights</title> <excerpt>Introduction: This study aims to explore the mediating role of burnout in the relationship between job satisfaction and safety behavior among air traffic controllers (ATCs), and to identify the most influential factor affecting ATCs’ safety behavior using a decision tree model. Methods: Data were collected from 357 ATCs using established questionnaires measuring job satisfaction, burnout, and safety behavior. Bootstrap analysis was employed to examine the mediating effect of burnout, and a decision tree model was applied to determine the key factors influencing safety behavior.</excerpt>', '<title>Assessment of Occupational Health and Safety Performance in Air Traffic Control: An Empirical Investigation of Stress and Well-Being</title> <excerpt>Air traffic control is widely recognized as one of the most psychologically demanding occupations, where safety and operational performance are tightly interwoven. This study explores the relationship between occupational health and safety (OHS) systems and the psychological well-being of Air Traffic Controllers (ATCOs), focusing on factors such as perceived safety, job satisfaction, stress, and mental strain. Conducted within the Hellenic Air Navigation Services Provider, the research adopts a cross-sectional design using a structured questionnaire distributed nationwide.</excerpt>', '<title>The role of psychological capital in perception of safety climate among air traffic controllers</title> <excerpt>Previous research has shown that psychological capital (PsyCap) is associated with desired employee behavioral and performance outcomes. Extending previous research, we examine, in two studies, if the PsyCap of Norwegian air traffic controllers is related to their perceptions of safety climate. Based on bootstrapping procedures, results from Study 1 (N = 77) and Study 2 (N = 38) revealed that PsyCap was positively correlated with safety climate.</excerpt>']"
80,9,80_Aviation Display Design,['Aviation Display Design'],"['<title>Head-up display symbology for ground collision avoidance</title> <excerpt>Four ground collision avoidance displays were tested using a fixed-base T-38 simulator with a simulated head-up display. Twelve participants flew through 6 terrain encounters in each of the 4 display formats with 2 terrain profiles and 3 initial aircraft attitudes. The displays were: an X icon, depicted when projected altitude was below a given threshold; a chevron display that moved 2 triangular symbols laterally according to altitude; a mountain display that moved a single triangle symbol vertically based on altitude; and a highway display providing a preview, perspective depiction of terrain altitude, and a target altitude.</excerpt>', ""<title>Designing energy display formats for civil aircraft: Reply to Amelink, Mulder, van Paassen, and Flach</title> <excerpt>In their recent article on total energy-based flight-path displays, Amelink, Mulder, van Paassen, and Flach (2005) quite rightly pointed out that energy issues are covered in descriptions of the piloting task, which tend to be based on the machine's behavior, rather than the system's functions and their relation to the goals to be achieved. Taking a more holistic approach, referred to by Amelink et al as ecological interface design, will lead to greater pilot situation awareness, flight safety, and efficiency. We have addressed this in our work on designing energy display formats for civil aircraft, and would like to add to the work of Amelink et al in a reply to their article.</excerpt>"", '<title>An Exploratory Study of Plan-View Terrain Displays for Air Carrier Operations</title> <excerpt>Two prototypical terrain situational awareness (TSA) displays were examined in a preliminary part-task simulation study using the MIT Aeronautical Systems Laboratory Advanced Cockpit Simulator. Pilots, qualified on auto flight aircraft, flew simulated approaches while using a moving-map terrain display in addition to typical glass-cockpit navigation displays. During the simulation, TSA was evaluated by issuing erroneous air traffic control (ATC) vectors toward hazardous terrain.</excerpt>']"
81,9,81_Skill acquisition determinants,['Skill acquisition determinants'],"['<title>A Multilevel Analysis of Effort, Practice, and Performance: Effects of Ability, Conscientiousness, and Goal Orientation</title> <excerpt>This article examines the relationship between motivation and performance during skill acquisition. The authors used multilevel analysis to investigate relationships at within- and between-person levels of analysis. Participants were given multiple trials of practice on an air traffic control task.</excerpt>', '<title>An examination of the dynamic relationship between self-efficacy and performance across levels of analysis and levels of specificity</title> <excerpt>This research used resource allocation theory to generate predictions regarding dynamic relationships between self-efficacy and task performance from 2 levels of analysis and specificity. Participants were given multiple trials of practice on an air traffic control task. Measures of task-specific self-efficacy and performance were taken at repeated intervals.</excerpt>', '<title>Goal Orientations and Performance: Differential Relationships Across Levels of Analysis and as a Function of Task Demands</title> <excerpt>Goal orientation and self-regulation theories were integrated to develop a multilevel framework aimed at addressing controversies regarding the magnitude and direction of goal orientation effects on performance. In Study 1, goal orientations were measured repeatedly whilst individuals performed an air traffic control task. In Study 2, goal orientations and exam performance were measured across 3 time points while undergraduates completed a course.</excerpt>']"
82,9,82_Pilot Training Predictability,['Pilot Training Predictability'],"['<title>Consistency of the Relations of Cognitive Ability and Personality Traits to Pilot Training Performance</title> <excerpt>The predictive validity of cognitive ability and personality traits was examined in large samples of U.S. Air Force pilot trainees. Criterion data were collected between 1995 and 2008 from 4 training bases across 3 training tracks.</excerpt>', '<title>Cognitive evaluation of Israeli air force pilot cadets</title> <excerpt>OBJECTIVE: In aviation psychology, there is a constant need for the cognitive evaluation of pilots as part of operational fitness and safety criteria. METHODS: A cross-sectional study with comparison between the performance of Israeli Air Force pilot cadets (N = 318) and U.S. Air Force pilot training candidates (N = 512) as assessed by a cognitive battery was undertaken.</excerpt>', '<title>Predictive validity of cognitive abilities for air traffic controllers selection among proficient scientific candidates</title> <excerpt>Most air traffic controllers (ATCO) are selected after high school graduation, partly based on cognitive abilities. On the contrary, French ATCO are selected after an intensive scientific post-secondary program without undergoing cognitive assessment. This study examines the potential incremental validity of cognitive predictors in ATCO training for such proficient applicants.</excerpt>']"
83,9,83_Attitude Indicator Formats,['Attitude Indicator Formats'],"['<title>The ""outside-in"" attitude display concept revisited</title> <excerpt>The ""outside-in"" attitude display concept, which includes a moving-aircraft (as opposed to a moving-horizon) attitude reference, dates back to the early days of flying. The majority of the laboratory and in-flight studies that have evaluated the outside-in format over the years have found it to be superior at preventing roll-reversal errors during normal flying and in recovering from unusual attitudes. Although outside-in attitude displays have been, and continue to be, flown throughout the world, the majority of military and civilian aircraft have failed to adopt this format.</excerpt>', '<title>Attitude Indicator Design and Reference Frame Effects on Unusual Attitude Recoveries</title> <excerpt>The objectives of this study were to examine the combination effects of the attitude directional indicator (ADI) formats and the 2 reference frames (moving horizon [MH] and moving aircraft [MA]) on unusual attitude recovery performance. Three ADI display formats were examined: (a) conventional MH; (b) perspective-view aircraft symbol (PAS), which replaced the conventional miniature aircraft symbol with a pictorial moving aircraft symbol; and (c) command, which presented the appropriate direction for recovery using the pitch or roll arrow. Twenty-two participants (10 unmanned aircraft operators, 12 nonoperators) performed a series of trials in a low-fidelity ADI simulator in which they attempted to recover from a series of unusual attitudes.</excerpt>', '<title>Attitude Indicator Design in Primary Flight Display: Revisiting an Old Issue With Current Technology</title> <excerpt>Objective: The experiments investigated the “old issue” of the attitude indicator’s moving-horizon versus moving-aircraft format with current primary flight display technology. Of interest was whether the effects found in earlier studies, favoring the moving-aircraft format, could be replicated with most recent technology including extended horizon displays, which depict the artificial horizon extended over the whole screen with overlaying speed and altitude scales (eg, B787). Background: Although the moving-horizon format represents the standard approach in Western aviation, human factors research from the 1950s to the 1970s with round electromechanical instruments favored the moving-aircraft format with respect to better support of flight-path tracking and unusual attitude recoveries.</excerpt>']"
84,9,84_Pilot health effects,['Pilot health effects'],"[""<title>Effects of deprivation on smokers' mood during the operation of a complex computer simulation</title> <excerpt>Research has shown that smoking reduces mood fluctuation in smokers and deprivation of smoking leads to mood change. The purpose of this study was to assess the effects of three hours of deprivation and subsequent smoking on mood in smokers while operating a computer simulation of an air traffic controller's job in a 2 × 2 (Deprived vs Nondeprived × Nicotine vs Nicotine Free Cigarettes) factorial design. Subjects operated the simulation for two 20 minute periods, and after each period subjects smoked a nicotine or nicotine-free cigarette.</excerpt>"", '<title>Sinusitis in pilots of different aircraft types: Is allergic rhinitis a predisposing factor?</title> <excerpt>Background: Despite the high association of allergic rhinitis and acute sinusitis, their exact relationship remains unclear, especially in pilots. The purpose of this study was to analyze the possible relationship of a history of allergic rhinitis with the occurrence of acute sinusitis in Israeli air force pilots. A comparative case series was conducted.</excerpt>', '<title>Marijuana, aging, and task difficulty effects on pilot performance</title> <excerpt>This study provides evidence that diverse factors can cumulatively contribute to human/machine performance decrements. In separate sessions, young and old pilots smoked one of three cigarettes containing either 0 mg, 10 mg, or 20 mg of the active ingredient, delta 9 THC. They flew a calm and a turbulent flight in a light aircraft simulator at 1, 4, 8, 24, and 48 hour (h) delay after smoking.</excerpt>']"
85,8,85_Human performance assessment,['Human performance assessment'],"['<title>Performance assessment in a flight simulator test-Validation of a space psychology methodology</title> <excerpt>The objective assessment of operator performance in hand controlled docking of a spacecraft on a space station has 30 years of tradition and is well established. In the last years the performance assessment was successfully combined with a psycho-physiological approach for the objective assessment of the levels of physiological arousal and psychological load. These methods are based on statistical reference data.</excerpt>', '<title>Psychological study of a crew in long-term space flight simulation</title> <excerpt>This research derives from a 60-day isolation study realized for the European Space Agency (ESA) as a simulation of space flights. Three goals were pursued in this study: (a) to study individual and group responses to the stress factors specific to the simulation; (b) to make a critical comparison of a variety of tools and methods used for this purpose; and (c) to express recommendations for future research. Direct methods (questionnaires, tests) and indirect methods (observation) were used in an individual and a whole group assessment.</excerpt>', '<title>Human performance time model of spacecraft control panel operation in simulated microgravity</title> <excerpt>BACKGROUND: Human performance modeling plays an important role in the design and management of human spaceflight missions. Previous studies reported that manual control task time increased in microgravity conditions. The current study aimed to find a modeling method that can quantify and predict the task time of spacecraft control panel operation in the simulated microgravity condition.</excerpt>']"
86,8,86_3D cockpit displays,['3D cockpit displays'],"['<title>Cockpit Displays of Traffic and Weather Information: Effects of 3D Perspective Versus 2D Coplanar Rendering and Database Integration</title> <excerpt>Objective: The objectives were to evaluate the viability of 3-dimensional (3D) perspective aircraft hazard displays for traffic and weather, in isolation, and when the two were integrated into a single display panel. Background: Prior research identified the costs of such 3D perspective hazard displays, presented from an exocentric perspective, because of their ambiguity in presenting spatial relations in an unstructured 3D space. Research also supported the advantage of display overlay, particularly when both databases (traffic and weather) need to be integrated to make hazard avoidance judgments.</excerpt>', '<title>Display effects on shaping apparent strategy: A case study in collision detection and avoidance</title> <excerpt>This article examines participants\' behavior at collision detection and avoidance during parallel approaches and tests how it is affected by additional information on traffic displays. Participant behavior is analyzed by looking for ""apparent strategies,"" measured by characteristics of participants\' actions that remain consistent across scenar-ios with strongly different dynamics. The participants\' collision detection reactions are found to occur at aircraft lateral separations that are consistent across a variety of scenarios; likewise, collision avoidance maneuvers with a ""turn-away"" component are consistently chosen for all scenarios.</excerpt>', '<title>The value of spatial cues in 3D air traffic displays</title> <excerpt>Interest in implementing 3D pictorial displays for traffic information in aircraft has been prevalent for decades without any obvious implementation in the cockpit. Our research is focused on design issues for these displays. The purpose of the experiments discussed here was to investigate where and when additional spatial cues, eg, drop-lines, could contribute to better performance and whether such additions could replace shifts between 2D and 3D presentation for different tasks.</excerpt>']"
87,8,87_Aircraft Instrument Displays,['Aircraft Instrument Displays'],"['<title>Design of a Primary Flight Display to Avoid Decelerating below the Minimum Safe Operating Speed</title> <excerpt>Analysis of recent airliner accidents and incidents identified a class of events in which structurally, mechanically, and electronically sound aircraft decelerated through the minimum safe operating speed for the phase of flight to the stick-shaker activation speed. Despite the differences in the sequences of events, a subset of the incidents and accidents had one thing in common - the automation was no longer actively controlling to the airspeed target. This article describes the accident scenarios and design of a modification to the airspeed tape on the primary flight display to explicitly annunciate the absence of active speed control.</excerpt>', '<title>Evaluation of aircraft instrument displays for use with the omni-directional radio range (VOR)</title> <excerpt>The speed and accuracy with which 48 pilots could use mockups of 8 different VOR aircraft instrument displays to solve typical navigation problems were measured. The instrument and airline pilots made fewer errors than the non-instrument pilots, but there were no significant differences in time scores. Pictorial displays (graphic representation of actual spatial relations) were superior to symbolic displays (information in terms of dial readings, needle deflections, and numbers).</excerpt>', ""<title>A New Interface to Cope with Unreliable Airspeed Indications: A Behavioral and Eye-Tracking Study</title> <excerpt>When unreliable airspeed events occur, the pilot flying (PF) is required to fly the aircraft using the thrust and the pitch parameters that are displayed in two distanced locations of the flight deck. The Sycopaero interface was designed to limit the PF's workload by automatically displaying thrust and pitch values specific to aircraft configuration on the primary flight display. Participants performed a simulated flight scenario in which they lost airspeed information during take-off with and without the Sycopaero interface.</excerpt>""]"
88,8,88_Psychological challenges in spaceflight,['Psychological challenges in spaceflight'],"['<title>The loneliness of the long-duration astronaut.</title> <excerpt>This paper investigates the psychological implications of long duration spaceflight. Initial psychological problems associated with a heavy workload were identified during Skylab missions. Since then, most of our knowledge of psychological problems has come from experience onboard Russian spacecraft.</excerpt>', '<title>Psychological, psychiatric, and interpersonal aspects of long-duration space missions</title> <excerpt>America’s future in space calls for manned missions that are of long duration and increasing complexity. Under these conditions, psychological and interpersonal stressors will take on added importance in affecting the safety of the crew and the outcome of the mission. Through an analysis of reports from manned American and Soviet space missions and Earth-bound simulations, several psychological, psychiatric, and interpersonal issues can be identified that could affect the success of the space station and other long-duration space ventures.</excerpt>', '<title>Positive psychological outcomes of spaceflight: An empirical study</title> <excerpt>Introduction: Anecdotes from astronauts and cosmonauts suggest that spaceflight can be an enriching experience with enduring positive effects. These positive mental health effects may help protect flight crews from the psychological stress inherent in such high-risk missions. The goal of this study was to identify areas of personal growth likely to result from traveling in space and explore how they were patterned.</excerpt>']"
89,8,89_Aviation Mental Health Support,['Aviation Mental Health Support'],"['<title>Critical Incident Stress Management (CISM): An effective peer support program for aviation industries</title> <excerpt>The authors discuss the need for a comprehensive, integrative, systematic, and multi-component peer support program for aviation personnel. They also provide an overview of the basic principles and practices of one such program known as Critical Incident Stress Management (CISM). Successful peer support programs, modeled on the principles of CISM, have been instituted in employee classifications within the high-risk aviation field.</excerpt>', '<title>Recommended Practices Related to Data Collection in Aviation Peer Support Programs</title> <excerpt>INTRODUCTION: A viation peer support programs (PSPs)—comprised of trained volunteers of the same professional background who offer confidential, nonjudgmental support to fellow aviation personnel dealing with stress from any source—have been forwarded as a solution to address mental healthcare avoidance based on expert opinion that PSPs are of sufficient safety and effectiveness. There is a growing interest in data collection in PSPs for a range of reasons as driven by European Union Aviation Safety Agency regulation requirements and an international interest in incorporating mental health functions into an aviation safety management system as outlined in the Federal Aviation Administration Aviation Rulemaking Committee on Mental Health. The current commentary provides recommended practices for data collection in aviation peer support programs guided by a novel bioethical framework.</excerpt>', '<title>Competency-Based Peer Support in Aviation: A Framework for Training Peers Within Peer Support Programs</title> <excerpt>In July 2018, the European Union Aviation Safety Agency (2018) issued Regulation (EU) 2018/1042, now (EU) 2020/745, which required all commercial air transport operators to implement a support program by February 14, 2021. This was initially aimed at pilots and formed part of the recommendations made after the pilot murder-suicide crash of Germanwings flight 9525 in March 2015. Pilot peer support is now considered vital in supporting crew well-being and in promoting aviation safety, alongside other initiatives (Federal Aviation Administration, 2024).</excerpt>']"
90,8,90_Psychological effects of bed rest,['Psychological effects of bed rest'],"['<title>Evaluation of psychological effects due to bed rest.</title> <excerpt>The psychological condition of astronauts is an important factor for ensuring mission success in limited space. Head-down tilting bed rest is a well-accepted method by which to simulate an acute stage of human adaptation to the weightless state in space flight. In our previous studies, the enhancement of depressive and neurotic levels occurred during a 20-day horizontal bed rest.</excerpt>', '<title>Changes in Risky Behavior in Long-Term Head-Down Bed Rest and Relation to Psychological Status</title> <excerpt>INTRODUCTION: the present study aimed to investigate changes in risky behavior in a sample of 36 healthy men during a 90-d head-down bed rest (hDBR) experiment and examined whether psychological factors—general self-efficacy, stress, and recovery—could influence these changes. METHODS: subjects completed the Balloon analog Risk task (BaRt) and two psychological scales once during the acclimation period, six times during the hDBR period, and twice during the recovery period. During the hDBR period, subjects were required to maintain a −6° head-down position for most daily activities and only permitted to change positions around the longitudinal axis of their bodies.</excerpt>', '<title>Psychomotor performance during a 28 day head-down tilt with and without lower body negative pressure</title> <excerpt>Several factors may affect psychomotor performance in space: sensory-motor changes, sleep disturbances, psychological modifications induced by the social isolation and confinement. However, psychomotor performance is difficult to assess. A battery of standardized and computerized tests, so-called ""Automated Portable Test System"" (APTS) was devised to ascertain the cognitive, perceptive and motor abilities and their possible fluctuations according to environmental effects.</excerpt>']"
91,8,91_Treatment of flying phobia,['Treatment of flying phobia'],"[""<title>Virtual reality treatment of flying phobia</title> <excerpt>Flying phobia (FP) might become a very incapacitating and distributing problem in a person's social, working, and private areas. Psychological interventions based on exposure therapy have proved to be effective, but given the particular nature of this disorder they bear important limitations. Exposure therapy for FP might be excessively costly in terms of time, money, and efforts.</excerpt>"", '<title>A novel treatment of fear of flying using a large virtual reality system</title> <excerpt>Background: Fear of flying (FoF), a common phobia in the developed world, is usually treated with cognitive behavioral therapy, most efficiently when combined with exposure methods, eg, virtual reality exposure therapy (VRET). We evaluated FoF treatment using VRET in a large motion-based VR system. The treated subjects were seated on a moving platform.</excerpt>', '<title>A cognitive and virtual reality treatment program for the fear of flying</title> <excerpt>Background: Passenger air transport has considerably increased in the past 50 yr. It is estimated that between 7 and 40% of the population of industrialized countries is currently afraid of flying. Programs treating the fear of flying have been developed to meet this problem.</excerpt>']"
92,8,92_Auditory alert effectiveness,['Auditory alert effectiveness'],"['<title>Effects of the audiovisual conflict on auditory early processes</title> <excerpt>Auditory alarm misperception is one of the critical events that lead aircraft pilots to an erroneous flying decision. The rarity of these alarms associated with their possible unreliability may play a role in this misperception. In order to investigate this hypothesis, we manipulated both audiovisual conflict and sound rarity in a simplified landing task.</excerpt>', ""<title>Auditory alerts: An intelligent alert presentation system for civil aircraft</title> <excerpt>The principal role of the auditory interface on civil aircraft is to inform pilots of dangerous or potentially dangerous system states. Efficient alerts provide information that is uniquely identifiable with one aspect of the aircraft's behavior and do not form a nuisance by being too intrusive and overly persistent. It is known that excessive auditory alert intensity can impair human performance; however, simply lowering alert intensity is not sufficient because there is a need to ensure detection and safety are not compromised.</excerpt>"", '<title>Failure to detect critical auditory alerts in the cockpit: Evidence for inattentional deafness</title> <excerpt>Objective: The aim of this study was to test whether inattentional deafness to critical alarms would be observed in a simulated cockpit. Background: The inability of pilots to detect unexpected changes in their auditory environment (eg, alarms) is a major safety problem in aeronautics. In aviation, the lack of response to alarms is usually not attributed to attentional limitations, but rather to pilots choosing to ignore such warnings due to decision biases, hearing issues, or conscious risk taking.</excerpt>']"
93,8,93_Flight-related pain,['Flight-related pain'],"[""<title>Back pain and its consequences among Polish Air Force pilots flying high performance aircraft</title> <excerpt>Objectives: Back pain in Air Force fast jet pilots has been studied by several air forces and found to be relatively common. The objective of the study was to determine the prevalence and degree of the pain intensity in the cervical, thoracic and lumbar spine, subjective risk factors and their effect on the pilots' performance while flying high maneuver aircrafts and the consequences for cognitive deficiencies. Material and Methods: The study was designed as a retrospective, anonymous questionnaire survey, collecting data on the age, aircraft type, flying hours, pain characteristics, physical activity, etc.</excerpt>"", '<title>Evaluating the Impact of a Spine Training Program on Air Force Student Fighter Pilots</title> <excerpt>Introduction: A 2022 survey conducted by Headquarters Air Combat Command Aircrew Performance Branch found that 98% of fighter aircrew reported flight-related neck pain during their career. Despite the high prevalence of neck pain and growing operational demands, there remains no consensus regarding best practices for mitigating aircrew pain and injury. Although most pilot training locations have established aircrew performance teams, only select locations have mandated training hours to support injury mitigation training.</excerpt>', '<title>Performance Optimization and Injury Mitigation for Air Force Student Fighter Pilots</title> <excerpt>Introduction: Military fighter aircrew report high rates of cervical pain and injury. There is currently no consensus regarding the best training methods for this population. Eglin Air Force Base (AFB) and Luke AFB have multidisciplinary teams specializing in aircrew training, performance, and injury mitigation.</excerpt>']"
94,8,94_Pilot psychological stress,['Pilot psychological stress'],"[""<title>The psychological health and stress of pilots in a labor dispute</title> <excerpt>This study investigated the psychological stress and psychiatric symptomatology in a representative sample of pilots involved in a labor dispute with management. Standardized epidemiological psychometric instruments revealed that one quarter of the piltos could be labelled 'psychologically at risk' showing elevated symptoms of anger-hostility, paranoia, and obsessive-compulsiveness. A certain combination of personality scores with stress reactions was found to correctly classify pilots who were healthy vs 'at risk' with 92% accuracy.</excerpt>"", '<title>Impairment of flying efficiency in anancastic pilots</title> <excerpt>Previous work on the effects of stress upon flying efficiency has shown two types of psychological stress to exist; these are usually referred to as cognitive and affective stress, respectively. A refinement in affective stress analysis has enabled two subtypes of stress to be demonstrated: one is characterized by activity of the sympathetic nervous system (SNS) and subjective feelings of rage, fear, anxiety, or frustration; the other by excessive rumination. These two subtypes are found in differing personality configurations.</excerpt>', '<title>Effects of domestic stress upon flying proficiency</title> <excerpt>A single case psychometric study of an airline pilot is presented in the context of previous nomothetic group studies of flying personnel. The evaluation continued over an 18 mth period, and consisted of psychological testing, laboratory investigations of physiological responses to imposed stress, and inflight assessment of psychophysiological functioning. The purpose of the study was to relate the objective changes in the pilot to the incidence and degree of domestic stress, and this is achieved at a satisfactory level of statistical significance.</excerpt>']"
95,8,95_Aviation medical safety,['Aviation medical safety'],"['<title>Medical assistance to travellers: a new concept in insurance-cooperation with an airline</title> <excerpt>Medical assistance to travellers is a new concept in insurance. Payment of a premium makes it possible in an emergency for a traveller, by means of a phone call, to obtain free medical support, ie, on-the-spot treatment, repatriation, hospitalization, etc. This kind of service necessarily involves a 24-h telephone system; a network of national and international correspondents, physicians and nurses trained in resuscitation; and sophisticated medical equipment, aircraft, etc.</excerpt>', '<title>The king LT versus the combitube: Flight crew performance and preference</title> <excerpt>Introduction. Air medical personnel frequently face the challenge of the emergency airway. The Combitube is an airway device commonly used by emergency medical services (EMS) providers as either a primary or rescue airway.</excerpt>', ""<title>Pilots with missing fingers and/or foot components: Contemporary certification</title> <excerpt>When an applicant with amputations presents to the Aviation Medical Examiner (AME) for Federal Aviation Administration (FAA) medical certification several potential 'gates' must be passed. The first gate is the AME's impression of the applicant's reaction and adaption to the loss. The second gate is the operational flight performance demonstration by the applicant, and/or, further clinical evaluation of the applicant's status, if necessary.</excerpt>""]"
96,8,96_Job Satisfaction During COVID-19,['Job Satisfaction During COVID-19'],"['<title>Impact of COVID-19 on Job Satisfaction: The Case of Military and Airline Pilots</title> <excerpt>Objective: To investigate how the COVID-19 pandemic has affected the military and airline pilots’ Job Satisfaction (JS), and identify important contributory factors to support the development of future mitigating strategies. Background: The aviation industry has undergone a series of devastating changes since the onset of the COVID-19 pandemic. Nonetheless, the implications of the pandemic on pilots’ JS are unknown.</excerpt>', ""<title>A comparative analysis of job satisfaction among military and airline pilots: During, and post COVID-19</title> <excerpt>This research aimed to examine the impact of the COVID-19 pandemic on the Job Satisfaction of military and airline pilots, in order to identify factors that influence the sustainability of aviation operations during global economic shocks, through the prism of industrial and organizational (I/O) psychology. The primary focus was on identifying factors linked to pilots' Job Satisfaction differentiations over the time course of the pandemic, and proposing measures to mitigate their negative effects. Survey Job Satisfaction data were collected from 203 pilots during the COVID-19 pandemic in March 2021, and were subsequently measured in a quasi-identical sample of 205 pilots after the pandemic in May 2023.</excerpt>"", '<title>A Mixed-Method Study on Job Satisfaction Among Air Traffic Controllers During the Pandemic: The Roles of Work-Family Interface and Resilience</title> <excerpt>Objective: To investigate whether workload is negatively related to job satisfaction, directly and indirectly, via work-family conflict, and conditional on resilience levels. Background: Covid-19 restriction measures severely affected the aviation sector leading air traffic controllers to face periodic fluctuations in air traffic volume. Despite their key role in ensuring the efficiency and safety of air traffic management, little is known about the psychological issues faced by air traffic controllers during the pandemic.</excerpt>']"
97,8,97_Aircrew ejection issues,['Aircrew ejection issues'],"[""<title>Ejection in hostile environments: Medico-psychological aspects for the fighter pilot</title> <excerpt>Introduction: In the French Air Force, commitment of fighter squadrons in Afghanistan revives the fear among pilots of being ejected in a hostile environment, along with the prospect of being captured. Clinical Observations: Although ejection in a hostile environment is an exceptional event, it is what flight crews fear most strongly over enemy territory. Since the widespread use of ejection seats in fighter aircraft in the 1950s, ejection has become a means of protecting the crews ' lives.</excerpt>"", '<title>Psychological aspects of aircrews involved in escape and evasion activities</title> <excerpt>The experiences of 200 Air Force aircrewmen who were forced to abandon the safety of their aircraft and survive until rescue in the Southeast Asia area were evaluated. Primary emphasis was upon the emotional reactions of these individuals to the experiences, rather than to a specific summary of equipment breakdown or procedural failures. These harrowing experiences were tolerated remarkably well by the crewmen involved who, with rare exceptions, retained their objectivity and precision of observations.</excerpt>', '<title>The emotional consequences of ejection, rescue and rehabilitation in Royal Air Force aircrew</title> <excerpt>Retrospective questionnaire information was sought from 175 Royal Air Force officers who had survived ejection from an aircraft and 88% replied. A profile of risk factors, both objective and subjective, was found in the 40% who subsequently experienced prolonged emotional disturbances. Confidential counselling of ejection survivors should therefore be routine.</excerpt>']"
98,7,98_Psychological health in pilots,['Psychological health in pilots'],"[""<title>Assessing pilots with 'the wrong stuff': A call for research on emotional health factors in commercial aviators</title> <excerpt>The responsibility that airline pilots have toward the safety of passengers is immense. Airline pilots are likely to be among the most reliable and psychologically problem-free populations. Yet, psychological problems can and do occur among persons who pursue this occupation although the actual extent is unknown.</excerpt>"", '<title>Attempting to Conceal Psychological Disturbance: MMPI Defensive Response Sets and the Rorschach</title> <excerpt>This study examined whether a defensive response set during a psychological evaluation would skew responses on the Rorschach such that subjects could conceal psychological difficulties. Subjects in this study were commercial airline pilots who were required to undergo an independent psychological evaluation after completing a treatment program for alcohol or substance abuse. Subjects knew the results of the psychological evaluation would be taken into account by the Federal Aviation Administration and their employer when deciding whether to reinstate their pilots’ license, and allowing them to return to work.</excerpt>', '<title>Anthropomorphic AI: Sociopathic AI Features as Predictors of Career Opportunities and Threats Perceived by Pilots in Commercial Aviation</title> <excerpt>Objective: The study aims to investigate how anthropomorphic, particularly sociopathic, features ascribed to AI affect commercial pilots’ perceptions of career threats, opportunities, and performance benefits of AI integration in the cockpit. Background: Although technology has long been an irreplaceable, valuable ally for airline pilots, artificial intelligence (AI) differs significantly from previously used technologies and pilots perceive AI not only as a tool but as an agent with human-like attributes. These anthropomorphic perceptions shape their career-related attitudes, especially as AI’s cognitive capabilities and ethical limitations challenge pilot identity.</excerpt>']"
99,7,99_Air Traffic Control Training,['Air Traffic Control Training'],"['<title>Poststrike Air Traffic Control Trainees: Biodemographic Predictors of Success in Selection and Screening</title> <excerpt>A biographical questionnaire was completed by 3,578 air traffic control (ATC) students who entered the Federal Aviation Administration Academy between October 1985 and September 1987. The demographic characteristics of these more recent academy trainees (from a more stabilized poststrike selection process) were compared with two previous groups of academy entrants (one prestrike, one poststrike). The impact of biodemographic characteristics on success in ATC specialist (ATCS) training was evaluated.</excerpt>', '<title>The impact of reweighting the AT-SAT subtests on group score differences</title> <excerpt>The Air Traffic Selection and Training (AT-SAT) test battery is an aptitude test that was developed as the selection tool for the Federal Aviation Administration Air Traffic Control Specialists (ATCSs). Before operational use, however, concerns were raised about the low scores of incumbent ATCS personnel (who participated in the initial research) and score differences between groups, which could result in adverse impact (possible unfair discrimination). To address these concerns, the subscores of the AT-SAT were reweighted and the constant was changed to yield a new total score.</excerpt>', ""<title>Use of path models to study a precareer air traffic control training program</title> <excerpt>Past studies have demonstrated that women and minorities are less likely to be selected as FAA air traffic controllers than are nonminority men and, when selected, are less likely to be successful. One major reason for this is that women and minorities have less aviation-related background experience. In response to this need the '150' Predevelopmental program was begun to give those selected for the program a 1-year orientation to aviation and air traffic control prior to FAA Academy training.</excerpt>""]"
100,7,100_Pilot mental health,['Pilot mental health'],"[""<title>Suicide by aircraft: a case report</title> <excerpt>A 36-year-old pilot took his plane on a brief, unauthorized flight that ended in a high-speed vertical crash next to the runway. A retrospective 'psychological autopsy' yielded strong presumptive evidence of an unrecognized depression in a man with manipulative and mildly antisocial characteristics. His withdrawal from his usual patterns of behavior was, instead, regarded as a desirable return to 'normal' behavior.</excerpt>"", '<title>Aircraft as an instrument of self destruction</title> <excerpt>Often the relationship between the pilot and his aircraft is such that the aircraft may be thought of as an extension of the pilot himself during the act of flight. If this pilot accumulates stress in his life with which he can no longer adequately cope, he may engage in self destructive acts, some of these within the context of his flying activities. The competent pilot practices and acquires skills which help him deal with the stress of demanding flight situations.</excerpt>', '<title>Commercial Aircraft-Assisted Suicide Accident Investigations Re-Visited—Agreeing to Disagree?</title> <excerpt>Background: The number of aircraft-assisted suicides can only be considered a rough estimate because it is difficult and, at times, impossible to identify all cases of suicide. Methods: Four recent reports of accidents occurring in 1997 in Indonesia, 1999 in Massachusetts in the United States, 2013 in Namibia, and 2015 in France related to commercial aircraft-assisted suicides were analyzed. This analysis relied on data extracted from the accident reports that supported aircraft-assisted suicide from the: (a) cockpit voice recorder (CVR) and flight data recorder (FDR), (b) medical history, (c) psychosocial history, (d) toxicology, (e) autopsy, and (f) any methodology that utilized aviation medicine.</excerpt>']"
101,7,101_Human factors in aviation,['Human factors in aviation'],"[""<title>Principles of S-C-R compatibility with spatial and verbal tasks: The role of display-control location and voice-interactive display-control interfacing</title> <excerpt>A pilot's tasks may be categorized into those that demand predominantly verbal operations and those that are spatial. We describe two experiments that define two principles of compatibility of interfacing such tasks with displays and controls. The first, based upon hemispheric laterality effects, defines compatibility according to the display location and the response hand; the second defines compatibility according to the modality of display (auditory and visual) and response (manual and speech).</excerpt>"", '<title>Field of view effects on pilot performance in flight</title> <excerpt>For flight training, head-worn displays represent low-cost, wide field of regard, deployable systems when compared to traditional simulation facilities. However, current head-worn systems provide limited effective fields of view. Wide field of view alternatives promise to increase transfer of training effectiveness through enhanced situation awareness.</excerpt>', '<title>Display on Demand Method Increases Time Spent Looking Outside the Cockpit: Testing a Training Method during Visual Flight Rules Flights</title> <excerpt>Modern on-board instrumentation can lead to distraction, particularly by absorbing attention inside the cockpit, which reduces air safety. The display on demand (DoD) method tested here aims to impede that problem for glider and visual flight rules (VFR) pilots. In total, 21 students were assigned to either an experimental or a control group in a pre- and post-test design.</excerpt>']"
102,7,102_High-G Training Effects,['High-G Training Effects'],"['<title>Optimizing Muscle Activation in Cadets Using Electromyography Biofeedback During Anti-G Training</title> <excerpt>INTRODUCTION: Effective execution of the anti-G straining maneuver (AGSM) is essential for pilots to maintain consciousness under high gravitational forces (+Gz). This study evaluated whether electromyographic (EMG) biofeedback enhances muscle activation patterns during AGSM training in novice cadets. METHODS: There were 58 Brazilian Air Force cadets (age: 25\u202f±\u202f1 yr) who performed two AGSM sessions involving sustained submaximal isometric contractions of the gastrocnemius, vastus medialis, and rectus abdominis muscles, synchronized with rhythmic breathing every 3 s.</excerpt>', ""<title>Assessment of the anti-G straining maneuver (AGSM) skill performance and reinforcement program</title> <excerpt>Initial high-G centrifuge training of USAF fast jet pilots was instituted in 1985. Also, since the mid-1980's, pilot awareness of G-induced loss of consciousness (G-LOC) has been enhanced by briefings, videotapes, and safety articles. Aircraft accidents caused by an improperly performed anti-G straining maneuver (AGSM), however, continue to occur.</excerpt>"", ""<title>AGSM proficiency and depression are associated with success of high-G training in trainee pilots</title> <excerpt>INTRODUCTION: High-gravity (G) training is used to educate trainee pilots about anti-G straining maneuvers (AGSM) in an environment similar to that of a real fighter aircraft, and to enhance their G tolerance. The success or failure of high-G training could be multifactorial, but most previous studies have only focused on the effect of pilots' physical condition. METHODS: A total of 138 male trainee pilots participated in this study.</excerpt>""]"
103,7,103_Stress and Immunity,['Stress and Immunity'],"['<title>Coping with stress, control of emotions and biochemical markers as a common protective element in the inflammatory response to stress</title> <excerpt>Aim. Based on a comprehensive approach to the problem of stress, we have decided to evaluate all components of a stress response – immunological (IL-1, IL-2, IL-6, IL-10, CRP, TNF-alpha) and hormonal one (CRH, ACTH), as well as to evaluate the psychological indicators of stress, coping with stress, and controlling emotional reactions as psychological markers that predispose to the most beneficial adaption in relation to stressors affecting flight personnel taking part in peace missions abroad. Material and method.</excerpt>', '<title>Influence of stress on lymphocyte subset distribution - A flow cytometric study in young student pilots</title> <excerpt>Stressors can induce sizable modifications on immunocompetent cells. Major circulating lymphocyte subsets were quantitated in Italian Air Force student pilots undergoing intensive training and continuous evaluation, a stressful situation both physically and psychologically. Instructor pilots matched for age and assayed in parallel were used as controls.</excerpt>', '<title>Monitoring antioxidant defenses and free radical production in space-flight, aviation and railway engine operators, for the prevention and treatment of oxidative stress, immunological impairment, and pre-mature cell aging</title> <excerpt>Degenerative diseases, immune impairment, and premature ageing commonly affect professional categories exposed to severe environmental and psychological stress. Among these, cosmonauts routinely experience extreme conditions due to microgravity, space radiation, altered oxygen supply, physical and mental fatigue during training, spaceflight, and post-flight. Long route aviation pilots display elevated oncogenic risk, connected with cosmic radiation overexposure, and high mortality rates for cardiovascular causes.</excerpt>']"
104,7,104_Psychological health of remote warriors,['Psychological health of remote warriors'],"['<title>Time for a break? Perceptions and impacts of reconstitution among United States Air Force remotely piloted aircraft personnel</title> <excerpt>United States Air Force remotely piloted aircraft (RPA) aircrew and support personnel perform critical missions in support of military operations around the world. The high value placed on the work of these individuals has resulted in increased workload and heightened risk of adverse psychological health outcomes. The impact of this can be detrimental to the health of the individual as well as the success of the RPA mission.</excerpt>', '<title>Predictive Validity of UAS/RPA Sensor Operator Training Qualification Measures</title> <excerpt>U.S. Air Force sensor operators (SOs) are enlisted aviators who work side-by-side with unmanned aerial systems/remotely piloted aircraft (UAS/RPA) pilots, providing assistance with all aspects of aircraft employment and sensor management. SO training qualification includes medical, citizenship, and security standards and aptitude requirements.</excerpt>', '<title>Predictors and protective factors for suicide ideation across remotely piloted aircraft career fields</title> <excerpt>The US Air Force remote warrior community comprises several career fields including remotely piloted aircraft pilots and intelligence, cyber, and sensor operators. The crews are responsible for working seamlessly together to provide 24/7 real-time intelligence, surveillance, and reconnaissance and precision-strike weapons capabilities for a wide range of global combat operations. Due to the rapid increase in global demands and operational tempo, there is growing concern from military leadership about the impact of operational stress on the health and psychological well-being of remote warriors.</excerpt>']"
105,7,105_Stress in Air Travel,['Stress in Air Travel'],"['<title>Stress and the effects of air transport on flight crews</title>', ""<title>Aircrew perceived stress: Examining crew performance, crew position and captains personality</title> <excerpt>This study was conducted at NASA Ames Research Center as a part of a larger research project assessing the impact of captain's personality on crew performance and perceived stress in 24 air transport crews (5). Three different personality types for captains were classified based on a previous cluster analysis (3). Crews were comprised of three crewmembers: captain, first officer, and second officer/flight engineer.</excerpt>"", '<title>Cabin crew stress factors examined.</title> <excerpt>The impact of reduced cockpit crew on the cabin crew in commercial airlines is examined. One hundred cabin crew members participated in a study to determine what stressors are present in contemporary transport aircraft, the extent of differences in rating context-related and task-related stressors, and the effect of peak versus normal periods of duty time on stress factors. Results indicate that under peak period conditions, context-related factors are more stressful than task-related factors.</excerpt>']"
106,7,106_Dietary effects on performance,['Dietary effects on performance'],"['<title>Effects of hydration on cognitive function of pilots</title> <excerpt>The objective of this study was to examine the effect of fluid intake and possible dehydration on cognitive flight performance of pilots. A repeated-measures, counterbalanced, mixed study design was used to examine differences in working memory, spatial orientation, and cognitive flight performance of 40 randomly selected healthy pilots after having high and low fluid intakes. Serial weights were also analyzed to determine differences in cognitive flight performance of the dehydrated (1-3% weight loss) and hydrated study participants.</excerpt>', '<title>SYNBIO® Probiotic and Antioxidant Dietary Supplementation: Clinical Trial Evaluation of Potential Effects on Airline Flight Crew Members’ Well-Being</title> <excerpt>The irregular lifestyle of airline crew members, wide/adverse job-related exposures, and the impact of temporary hypoxia on gut microbiota well-being have increased concern about the daily recommended dose of certain nutrients among flight crew. The aim of this study was to determine if daily consumption of a SYNBIO® probiotics–elderberry extract supplement (ACTIVE) may contribute to the well-being of flight attendants. Forty healthy crew members enrolled in a double-blind, randomized, placebo-controlled study consumed one ACTIVE capsule/day or placebo for 30 days.</excerpt>', '<title>Mental and physical workload, salivary stress biomarkers and taste perception: Mars desert research station expedition</title> <excerpt>Background: Very few studies have been conducted on the effects of simulation of Mars conditions on taste. Aims: This study was planned to find the effects of physical and mental workload on taste sensitivity and salivary stress biomarkers. Materials and Methods: Twelve crew members were selected.</excerpt>']"
107,7,107_Situational Awareness Studies,['Situational Awareness Studies'],"['<title>Exploring situational awareness in diagnostic errors in primary care</title> <excerpt>Objective: Diagnostic errors in primary care are harmful but poorly studied. To facilitate the understanding of diagnostic errors in real-world primary care settings that use electronic health records (EHRs), this study explored the use of the situational awareness (SA) framework from aviation human factors research. Methods: A mixed-methods study was conducted involving reviews of EHR data followed by semi-structured interviews of selected providers from two institutions in the USA.</excerpt>', '<title>Situation Awareness: A Critical But Ill-Defined Phenomenon</title> <excerpt>Situation awareness has recently gained considerable attention as a performance-related psychological concept This is especially true in the aviation domain where it is considered an essential prerequisite for the safe operation of the complex dynamic system “aircraft”. There are concerns, however, that inappropriately designed automatic systems introduced to advanced flight decks may reduce situation awareness and thereby put aviation safety at risk. Situation awareness has thus become a ubiquitous phrase.</excerpt>', '<title>Situational Awareness and General Aviation Accidents: An Analysis of 94 US Accident Reports</title> <excerpt>Situational awareness is a concept increasingly used in aircraft accident investigation reports. We analyzed 94 general aviation accidents in which situational awareness was mentioned by the National Transportation Safety Board investigator to determine factors that are significantly more often associated with fatality. We found a consistent use of the situational awareness concept, mainly applied to situations in which aircraft inadvertently collided with each other, with other man-made objects, and with various kinds of terrain.</excerpt>']"
108,7,108_Ethics in psychology,['Ethics in psychology'],"[""<title>The ethics of psychology's role in politics and the development and institution of social policy</title> <excerpt>The relationship between psychological research and the development of social policy is controversial, as is any discussion of the role of values and morals within science. Three particular instances of this controversy are evident in psychological research conducted on affirmative action, child abuse, and abortion. The American Psychological Association (APA) in fact takes a particular organizational stance on these issues.</excerpt>"", '<title>Common sense reasoning for detection, prevention, and mitigation of cyberbullying</title> <excerpt>Cyberbullying (harassment on social networks) is widely recognized as a serious social problem, especially for adolescents. It is as much a threat to the viability of online social networks for youth today as spam once was to email in the early days of the Internet. Current work to tackle this problem has involved social and psychological studies on its prevalence as well as its negative effects on adolescents.</excerpt>', '<title>""MySpace"" or yours? The ethical dilemma of graduate students\' personal lives on the internet</title> <excerpt>The booming popularity of the Internet, and particularly increasing use of personal Web sites, social networking sites, and blogging, raises questions regarding the ethical use of psychology graduate students\' personal online information for academic purposes. Given rising controversies such as use of such information to screen applicants, I refer to the principles and standards of the Ethics Code of the American Psychological Association (2002) to examine ethical concerns associated with graduate students\' personal information on the Internet, namely, the protection of privacy, use of informed consent, consideration of autonomy, and implications for students\' clinical work. Finally, I make several recommendations for graduate training faculty and graduate students as they consider placing and using information on and from the Internet.</excerpt>']"
109,6,109_Pilot Spatial Orientation,['Pilot Spatial Orientation'],"['<title>The influence of representational gravity on spatial orientation: an eye movement study</title> <excerpt>Spatial orientation is a fundamental subject in aviation psychology. The influence of representational gravity can lead to systematic errors during uniform linear motion. However, it remains unclear whether representational gravity during motion can affect spatial orientation.</excerpt>', '<title>Psychological aspects of pilot spatial orientation.</title> <excerpt>Researchers examined the psychological aspects of pilot spatial orientation to aircraft attitude. Study participants completed questionnaires and made drawings of view-from-the-ground and aircraft front window and of attitude indicators, then made flights in a simulator or aircraft with unknown pitch attitude. Analysis of data indicates that pilots favored a view-from-the-ground indicator.</excerpt>', ""<title>Spatial orientation in aviation: Visual contributions</title> <excerpt>Misjudgement of spatial orientation is reported to be an important factor in a substantial proportion of aviation accidents. The likelihood of such misjudgement is particularly high when there are conflicting interactions between labyrinthine and visual signals. In a manoeuvering aircraft, visual information is often a crucial factor in the pilot's ability to judge the aircraft's altitude and position with respect to external and terrain features.</excerpt>""]"
110,6,110_Predicting Flight Performance,['Predicting Flight Performance'],"['<title>Predicting Flight Training Performance from the Tabular Speed Test</title> <excerpt>This study determined the predictive validity for the number correct (COR) and the number wrong (WR) of a complex perceptual speed test at three milestones in a collegiate flight training program. Test-retest data were obtained at different intervals. COR predicted time to solo (N = 119, r = -.15, p < .05) and time to the private pilot certificate (N = 51, r = -.34, p < .01).</excerpt>', '<title>Time to Solo as a Predictor of Performance in Civilian Flight Training</title> <excerpt>Civilian and military flight schools have long used the amount of time needed to solo as a benchmark for students. The researcher used regression analysis of student training records to see whether the amount of time a student needed to solo could predict the time needed to earn a private pilot license or the ability to pass the private pilot checkride on the first try. Results showed a strong relationship to the time needed to earn the certificate, but not to checkride results.</excerpt>', '<title>Predictive Validity of Spatial Ability and Perceptual Speed Tests for Aviator Training</title> <excerpt>Objective: To present a multistudy examination of spatial ability and perceptual speed tests as predictors of Air Force aviator academic and flying training outcomes. Background: Whereas verbal and math tests are commonly used in academic and pre-employment selection, spatial ability and perceptual speed testing are less common. Spatial ability and perceptual speed tests have been a mainstay in U.S.</excerpt>']"
111,6,111_Pilot judgment training,['Pilot judgment training'],"['<title>The prediction of judgment in realistic tasks: An investigation of self-insight</title> <excerpt>Two approaches to policy-capturing research - mathematical and verbal - were compared to determine if flight instructors, psychology professors, and college football coaches evaluating ""paper students"" in profile booklets had self-insight into their judgment policies. Contrary to a widely accepted view that people lack self-insight, results suggested that many of the judges, particularly among the flight instructors, demonstrated self-insight; fewer professors and coaches showed self-insight as defined for this study. Possible biasing factors in the study, implications for training, and probable reasons for the findings are given..</excerpt>', '<title>An investigation of the effectiveness of pilot judgment training</title> <excerpt>Pilot decisional errors have always been a significant factor in aviation accidents. Pilot judgment, however, traditionally has been viewed as an intrinsic quality or a by-product of flying experience. Only recently has it been examined as a potential flight-training requirement.</excerpt>', '<title>Flight Examiners’ Methods of Ascertaining Pilot Proficiency</title> <excerpt>Objective: To determine how flight examiners reason and which methods they use when assessing the competencies of pilots for continued accreditation purposes and type-rating training. Background: Early work on pilot performance assessment focused on measurement models, including the accuracy and reliability of the scores attributed to the human factors variables included. More recent studies investigated the nature of the evidence that flight examiners used.</excerpt>']"
112,6,112_Psychiatric screening pilots,['Psychiatric screening pilots'],"['<title>Psychiatric screening of combat pilots: correction of the record.</title>', '<title>PSYCHIATRIC SCREENING OF FLYING PERSONNEL WITH THE CORNELL WORD FORM</title> <excerpt>Brief report. (PsycINFO Database Record (c) 2006 APA, all rights reserved). © 1955 American Psychological Association..</excerpt>', '<title>Psychiatric screening of ground-crew in the Royal Canadian Air Force.</title>']"
113,6,113_Pilot gaze behavior,['Pilot gaze behavior'],"['<title>Mode monitoring and call-outs: An eye-tracking study of two-crew automated flight deck operations</title> <excerpt>Mode awareness has been suggested as a critical factor in safe operations of automated aircraft. This study investigated mode awareness by measuring eye point of gaze of both pilots during simulated commercial flights, while recording call-outs and tracking aircraft performance. The results of this study show that the compliance to manufacturer or air carrier procedures regarding mode monitoring and call-outs was very low.</excerpt>', '<title>Relationships Between Pilot Gaze Patterns and Control Lapses in Challenging Instrument Approach Flight</title> <excerpt>Objective: This study investigates the link between pilot gaze patterns and control deviations during simulated instrument flight approaches, aiming to understand how attentional focus impacts flight safety. Background: Building on previous research that underscores the importance of situational awareness in aviation, this work delves into the specific aspects of gaze behavior as indicators of cognitive workload and attentional distribution. Unlike prior studies that broadly assessed attentional markers, this research utilizes advanced iris tracking technology to pinpoint how gaze metrics correlate with flight performance.</excerpt>', '<title>The Invisible Copilot?: Assessing Task Engagement and Team Dynamics in a Virtual Flight Environment Using Eye-Tracking Metrics</title> <excerpt>Gaze behavior represents a vital predictor of flight performance in pilots operating an aircraft. However, its role in collaborative settings with a copilot has been largely disregarded. Our study addressed this gap by simulating a flight environment with role division into a pilot flying (PF) and pilot monitoring (PM).</excerpt>']"
114,6,114_Team Training Effectiveness,['Team Training Effectiveness'],"['<title>Enhancing team training and performance with automated performance assessment tools</title> <excerpt>Assessing team performance is a difficult task for instructors because of factors such as high workload. Automated performance measurement systems may provide assistance to instructors and improve the quality of performance assessment. However, little research is available to guide such interventions or to document their effects.</excerpt>', '<title>The role of trainee knowledge structures in aviation team environments</title> <excerpt>The importance of having well-developed knowledge structures to enhance complex team performance has been recently indicated in the training effectiveness literature. This work tested that proposition within an aviation team training setting. Results suggested that aviation team training improved the knowledge structures of those participants who received the training.</excerpt>', ""<title>Team task analysis: Differentiating between tasks using team relatedness and team workflow as metrics of team task interdependence</title> <excerpt>Objective: As a constructive replication and extension of Arthur, Edwards, Bell, Villado, and Bennett (2005), the objective of the current study was to further investigate the efficacy of team relatedness and team workflow ratings (along with their composite) as metrics of interdependence.Background: Although an analysis of task and job interdependence has important implications and uses in domains such as job design, selection, and training, the job analysis literature has been slow to develop an effective method to identify team-based tasks and jobs.Method: To achieve the study's objectives, 140 F-16 fighter pilots (35 four-person teams) rated 34 task and activity statements in terms of their team relatedness and team workflow.Results: The results indicated that team relatedness and team workflow effectively differentiated between tasks with varying levels of interdependency (as identified by instructor pilots who served as subject matter experts) within the same job. In addition, teams that accurately perceived the level of interdependency performed better on a four-ship F-16 flight-training program than those that did not.Conclusion: Team relatedness and team workflow ratings can effectively differentiate between tasks with varying levels of interdependency.Application: Like traditional individual task or job analysis, this information can serve as the basis for specified human resource functions and interventions, and as diagnostic indicators as well. © 2012 Human Factors and Ergonomics Society..</excerpt>""]"
115,6,115_Pilot display performance,['Pilot display performance'],"[""<title>HUD with a velocity (flight-path) vector reduces lateral error during landing in restricted visibility</title> <excerpt>The operational community has assumed that using a head-up display (HUD) instead of conventional head-down displays will increase accuracy and safety during approach and landing. The putative mechanism for this increase in safety is that previously demonstrated improvements in lateral and vertical control of the aircraft in flight should carry over to the landing situation. Alternatively, it is possible that, during approach and landing, the HUD might affect the pilot's ability to assimilate outside cues at the decision height, thereby reducing the success ratio for landings using an HUD.</excerpt>"", '<title>Measurement and Modeling of Display Clutter in Advanced Flight Deck Technologies</title> <excerpt>Clutter is a key concern in the design of complex displays, particularly in safety-critical domains such as aviation. The objective of this research was to investigate techniques for measuring subjective perceptions of clutter and to model the predicted impacts of clutter on pilot performance within the context of advanced flight deck technologies. Six commercial pilots flew simulated approaches under varied workload conditions with low-, medium-, and high-clutter head-up displays, rating the perceived clutter and subjective mental workload associated with each display configuration.</excerpt>', '<title>Influence of flight domain and cockpit display dynamics on pilot perceived clutter</title> <excerpt>Two analyses were conducted on three datasets from a series of aviation human factors experiments focused on the development and testing of measures of flight display clutter as well as the relation with flight task performance. The objectives of this study were to assess the effects of cockpit display dynamics and aircraft type on pilot perceptions of display clutter in simulated flight tasks through statistical analyses of the data gathered across the experimental studies. Comparisons were made on observations of pilots with comparable experience under similar headup or headdown display conditions.</excerpt>']"
116,6,116_Aircraft landing perception,['Aircraft landing perception'],"['<title>A mathematical model of glide-slope perception in the visual approach to landing</title> <excerpt>A mathematical model of glide-slope perception is presented for the visual approach to landing when there is a visually impoverished scene. The perceptual process has been modeled as the weighted average of the geometric relations in the scene that provide glide-slope information, with weights being adjusted during the approach to minimize the uncertainty in glide-slope perception. The model suggests that the optimum combination of relations providing glide-slope information is dependent on the range from the runway threshold and that there is a relation between the handling qualities of aircraft or flight simulators and the adjustment of the weights..</excerpt>', '<title>Scene Content and Runway Breadth Effects on Simulated Landing Approaches</title> <excerpt>Eight experienced pilots flew landing approaches in a light-aircraft simulator with a computer-generated landing display. Scene content and runway breadth were manipulated. Approaches were lower with reduced scene content and to the narrow runways, and trial-to-trial variability was higher with reduced scene content.</excerpt>', '<title>Display Magnification for Simulated Landing Approaches</title> <excerpt>Previous discussions of simulated landings suggest that biases not found during aircraft flight are induced by one or more features of a simulator. Inadequate representation of texture or of ground detail and distortions in judgments of size from near accommodation to a display are two of the factors that have been thought to contribute to these biases. Addition of surface detail and magnification of the display have been suggested as corrective solutions.</excerpt>']"
117,6,117_Human health in space,['Human health in space'],"['<title>Evolution of Space Medicine at NASA</title> <excerpt>INTRODUCTION: From the very beginning of America’s human spaceflight program, space medicine has been at the forefront. There has been a variety of diverse individuals, over six decades, whose contributions helped shape what space medicine is within NASA today. METHODS: A n extensive review of historical documents (including reports, manuscripts, advisory committee reports, and oral histories of key individuals) related to space medicine, aerospace medicine, and life sciences at NASA Headquarters was performed.</excerpt>', '<title>A duty to enhance? Genetic engineering for the human Mars settlement</title> <excerpt>Humans living off-world will face numerous physical, psychological and social challenges and are likely to suffer negative health effects due to their lack of evolutionary adaptation to space environments. While some of the necessary adaptations may develop naturally over many generations, genetic technologies could be used to speed this process along, potentially improving the wellbeing of early space settlers and their offspring. With broad support, such a program could lead to significant genetic modification of off-world communities, for example, to limit radiation damage on body systems or prevent bone and muscle loss in reduced gravity conditions.</excerpt>', '<title>Digital Health Technologies to Support Human Missions to Mars</title> <excerpt>The first human missions to Mars are scheduled for the 2030s. Besides the already known physical and psychological challenges related to spaceflights, a mission to Mars will pose even more health threats to astronauts and increase the need for maintaining a rigorous lifestyle for years. Mission control has always played the key role in providing care for the flight crew with advanced medical technologies.</excerpt>']"
118,6,118_Pilot incapacitation studies,['Pilot incapacitation studies'],"['<title>Pilot incapacitation: an expression of convergent factors.</title>', '<title>Stall Recovery in a Centrifuge-Based Flight Simulator With an Extended Aerodynamic Model</title> <excerpt>We investigated the performance of 12 airline pilots in recovering from an asymmetrical stall in a flight simulator featuring an extended aerodynamic model of a transport-category aircraft, and a centrifuge-based motion platform capable of generating enhanced buffet motion and g-cueing. All pilots had difficulties in applying the correct recovery template, as their initial response was to counter the wing drop rather than to unload the aircraft. Reproduction of actual g-loads led to significantly longer recoveries, more secondary stick-shaker events, lower maximum load factors, larger altitude loss, and higher speeds.</excerpt>', '<title>Clinical aspects of inflight incapacitations in commercial aviation</title> <excerpt>Sudden incapacitations can affect a pilot and even a whole crew during a flight, preventing them from performing their task in complete safety. In some cases, they could even cause an accident. Our study examines the causes of sudden in-flight incapacitation in Air France pilots and flight engineers from 1968-88.</excerpt>']"
119,6,119_Eye-Tracking Applications,['Eye-Tracking Applications'],"['<title>Using eye-movement events to determine the mental workload of surgical residents</title> <excerpt>These days, eye-tracking is one of the promising technologies used in different fields such as aviation, arts, sports, psychology and driving for several purposes. Even though it is being used for health purposes, studies involving eye-tracking are rare in the field of endo-neuro-surgery. This study aims to use this technology to promote our understanding of the effect related to computer-based instructional materials on mental workload of endo-neurosurgery residents.</excerpt>', '<title>Assessing Expertise Using Eye Tracking in a Virtual Reality Flight Simulation</title> <excerpt>Objective: The aim of this work was to examine the fidelity and validity of an aviation simulation using eye tracking. Background: Commercial head-mounted virtual reality (VR) systems offer a convenient and cost-effective alternative to existing aviation simulation (eg, for refresher exercises). We performed pre-implementation testing of a novel aviation simulation, designed for head-mounted VR, to determine its fidelity and validity as a training device.</excerpt>', ""<title>Comparison Between Scene-Independent and Scene-Dependent Eye Metrics in Assessing Psychomotor Skills</title> <excerpt>Objective: This study aims to compare the relative sensitivity between scene-independent and scene-dependent eye metrics in assessing trainees' performance in simulated psychomotor tasks. Background: Eye metrics have been extensively studied for skill assessment and training in psychomotor tasks, including aviation, driving, and surgery. These metrics can be categorized as scene-independent or scene-dependent, based on whether predefined areas of interest are considered.</excerpt>""]"
120,6,120_Luminance control research,['Luminance control research'],"['<title>Perceived brightness of incandescent and LED aviation signal lights</title> <excerpt>Introduction: Aviation signal lights using light emitting diodes (LEDs) are commonly perceived as brighter than those using incandescent sources, even at the same measured intensity. In general, saturated colors, like those produced by LEDs, appear brighter than less saturated lights, like those produced by incandescent sources. Methods: We describe a series of experiments quantifying the brightness of simulated blue, white, and green LED signal lights relative to incandescent signal lights of the same hue.</excerpt>', '<title>Research and development toward automatic luminance control of electronic displays</title> <excerpt>Electronic displays in military cockpits require adjustments of luminance as the ambient environment changes from daylight to night. An automatic luminance control for electronic cockpit displays could remove the unnecessary burden of manual display adjustment. This article discusses a research project that investigates the effects of forward field of view (FFOV) luminance and ambient illumination on luminance settings of a liquid crystal display.</excerpt>', '<title>Color coding of control room displays: The psychocartography of visual layering effects</title> <excerpt>Objective: To evaluate which of three color coding methods (monochrome, maximally discriminable, and visual layering) used to code four types of control room display format (bars, tables, trend, mimic) was superior in two classes of task (search, compare). Background: It has recently been shown that color coding of visual layers, as used in cartography, may be used to color code any type of information display, but this has yet to be fully evaluated. Method: Twenty-four people took part in a 2 (task) x 3 (coding method) x 4 (format) wholly repeated measures design.</excerpt>']"
121,5,121_Depth perception research,['Depth perception research'],"['<title>Simulated night vision goggle wear and colored aftereffects</title> <excerpt>Background: Surveys of military pilots report that between 1.6% and 65% of the respondents experienced altered color vision after night vision goggle (NVG) wear. For the majority of these pilots, the aftereffect was a brownish afterimage that lasted less than 10 min. Given the large disparity in the surveys, we asked subjects to wear goggles which simulated NVGs to determine the nature and duration of any color aftereffects after removing the goggles.</excerpt>', '<title>Supporting driver performance in closely spaced tunnel-interchange structure: Traffic control devices and effects on driving behavior</title> <excerpt>Objectives: With the rapid development of expressways in the mountainous regions of southwestern China, closely spaced tunnel-interchange structures have inevitably emerged due to topographical constraints and environmental limitations. Given the unfavorable road geometry and rapid cross-section transitions, drivers face significant safety concerns. This study aims to investigate drivers’ safety performance at closely spaced tunnel-interchange sections and determine how safety risks can be mitigated through improved traffic control devices design.</excerpt>', '<title>Depth and Collision Judgment Using Night Vision Goggles</title> <excerpt>There is a concern about depth perception with night vision goggles (NVGs). We measured judgments involving depth perception in laboratory and field conditions. When participants judged absolute distance, or collision, in a laboratory, results indicated that objects can appear closer with NVGs than with unaided vision, and underestimations of distance were greater with smaller distances.</excerpt>']"
122,5,122_Human psychology in space,['Human psychology in space'],"[""<title>Psychosocial support for cosmonauts</title> <excerpt>Based on a meeting with members of the Psychological Support Group for cosmonauts, along with several referenced documents, the author summarizes the Soviet experience in dealing with psychological and interpersonal factors related to long-duration space missions. Cosmonaut selection and training procedures following the principle of ''neuropsychological resistance'' formulated by F. D.</excerpt>"", '<title>Human performance during spaceflight.</title> <excerpt>The paper focuses on three different questions: (1) What attributes cause space to be an extreme environment for humans? (2) What do we know about mental performance during spaceflight? (3) What kinds of psychological countermeasures are currently applied and/or conceivable for prolonged spaceflight which might help maintain mental efficiency and stabilize the emotional state of astronauts? Topics discussed include stressors that originate in the space environment, stressors related to the space habitat and its life-support system, stressors related to the mission specific workload of astronauts, stressors that arise from the psychosocial situation in a space habitat, manual performance during spaceflight, and psychological countermeasures for prolonged spaceflight..</excerpt>', '<title>Psychological aspects of human spaceflight: effects on human cognitive, psychomotor, and attentional performance</title> <excerpt>Since the first human spaceflight into orbit, the space environment has become one of the most extreme working environments for humans. Staying and working in a space habitat is connected with exposure to a lot of different stressors all of which may entail detrimental effects on human performance and psychological well-being of astronauts. However, the psychological impact of the extreme environmental conditions in space and particularly its impact on mental performance of astronauts has only recently become an object of systematic research.</excerpt>']"
